ISO-10303-21;
HEADER;
/* Generated by software containing ST-Developer
 * from STEP Tools, Inc. (www.steptools.com) 
 */

FILE_DESCRIPTION(
/* description */ (''),
/* implementation_level */ '2;1');

FILE_NAME(
/* name */ 'Assemblage.step',
/* time_stamp */ '2026-06-06T13:11:50+02:00',
/* author */ (''),
/* organization */ (''),
/* preprocessor_version */ 'ST-DEVELOPER v20.1',
/* originating_system */ 'Autodesk Translation Framework v15.8.0.0',
/* authorisation */ '');

FILE_SCHEMA (('AUTOMOTIVE_DESIGN { 1 0 10303 214 3 1 1 }'));
ENDSEC;

DATA;
#10=MECHANICAL_DESIGN_GEOMETRIC_PRESENTATION_REPRESENTATION('',(#82,#83,
#84,#85,#86,#87,#88,#89,#90,#91,#92),#8971);
#11=ITEM_DEFINED_TRANSFORMATION($,$,#5849,#5873);
#12=ITEM_DEFINED_TRANSFORMATION($,$,#5393,#5894);
#13=ITEM_DEFINED_TRANSFORMATION($,$,#5533,#5895);
#14=ITEM_DEFINED_TRANSFORMATION($,$,#5533,#5896);
#15=ITEM_DEFINED_TRANSFORMATION($,$,#5600,#5897);
#16=ITEM_DEFINED_TRANSFORMATION($,$,#5679,#5898);
#17=ITEM_DEFINED_TRANSFORMATION($,$,#5710,#5899);
#18=ITEM_DEFINED_TRANSFORMATION($,$,#5778,#5900);
#19=ITEM_DEFINED_TRANSFORMATION($,$,#5798,#5901);
#20=ITEM_DEFINED_TRANSFORMATION($,$,#5821,#5902);
#21=ITEM_DEFINED_TRANSFORMATION($,$,#5848,#5903);
#22=ITEM_DEFINED_TRANSFORMATION($,$,#5874,#5904);
#23=(
REPRESENTATION_RELATIONSHIP($,$,#9022,#9021)
REPRESENTATION_RELATIONSHIP_WITH_TRANSFORMATION(#11)
SHAPE_REPRESENTATION_RELATIONSHIP()
);
#24=(
REPRESENTATION_RELATIONSHIP($,$,#9013,#9012)
REPRESENTATION_RELATIONSHIP_WITH_TRANSFORMATION(#12)
SHAPE_REPRESENTATION_RELATIONSHIP()
);
#25=(
REPRESENTATION_RELATIONSHIP($,$,#9014,#9012)
REPRESENTATION_RELATIONSHIP_WITH_TRANSFORMATION(#13)
SHAPE_REPRESENTATION_RELATIONSHIP()
);
#26=(
REPRESENTATION_RELATIONSHIP($,$,#9014,#9012)
REPRESENTATION_RELATIONSHIP_WITH_TRANSFORMATION(#14)
SHAPE_REPRESENTATION_RELATIONSHIP()
);
#27=(
REPRESENTATION_RELATIONSHIP($,$,#9015,#9012)
REPRESENTATION_RELATIONSHIP_WITH_TRANSFORMATION(#15)
SHAPE_REPRESENTATION_RELATIONSHIP()
);
#28=(
REPRESENTATION_RELATIONSHIP($,$,#9016,#9012)
REPRESENTATION_RELATIONSHIP_WITH_TRANSFORMATION(#16)
SHAPE_REPRESENTATION_RELATIONSHIP()
);
#29=(
REPRESENTATION_RELATIONSHIP($,$,#9017,#9012)
REPRESENTATION_RELATIONSHIP_WITH_TRANSFORMATION(#17)
SHAPE_REPRESENTATION_RELATIONSHIP()
);
#30=(
REPRESENTATION_RELATIONSHIP($,$,#9018,#9012)
REPRESENTATION_RELATIONSHIP_WITH_TRANSFORMATION(#18)
SHAPE_REPRESENTATION_RELATIONSHIP()
);
#31=(
REPRESENTATION_RELATIONSHIP($,$,#9019,#9012)
REPRESENTATION_RELATIONSHIP_WITH_TRANSFORMATION(#19)
SHAPE_REPRESENTATION_RELATIONSHIP()
);
#32=(
REPRESENTATION_RELATIONSHIP($,$,#9020,#9012)
REPRESENTATION_RELATIONSHIP_WITH_TRANSFORMATION(#20)
SHAPE_REPRESENTATION_RELATIONSHIP()
);
#33=(
REPRESENTATION_RELATIONSHIP($,$,#9021,#9012)
REPRESENTATION_RELATIONSHIP_WITH_TRANSFORMATION(#21)
SHAPE_REPRESENTATION_RELATIONSHIP()
);
#34=(
REPRESENTATION_RELATIONSHIP($,$,#9023,#9012)
REPRESENTATION_RELATIONSHIP_WITH_TRANSFORMATION(#22)
SHAPE_REPRESENTATION_RELATIONSHIP()
);
#35=CONTEXT_DEPENDENT_SHAPE_REPRESENTATION(#23,#8999);
#36=CONTEXT_DEPENDENT_SHAPE_REPRESENTATION(#24,#9001);
#37=CONTEXT_DEPENDENT_SHAPE_REPRESENTATION(#25,#9002);
#38=CONTEXT_DEPENDENT_SHAPE_REPRESENTATION(#26,#9003);
#39=CONTEXT_DEPENDENT_SHAPE_REPRESENTATION(#27,#9004);
#40=CONTEXT_DEPENDENT_SHAPE_REPRESENTATION(#28,#9005);
#41=CONTEXT_DEPENDENT_SHAPE_REPRESENTATION(#29,#9006);
#42=CONTEXT_DEPENDENT_SHAPE_REPRESENTATION(#30,#9007);
#43=CONTEXT_DEPENDENT_SHAPE_REPRESENTATION(#31,#9008);
#44=CONTEXT_DEPENDENT_SHAPE_REPRESENTATION(#32,#9009);
#45=CONTEXT_DEPENDENT_SHAPE_REPRESENTATION(#33,#9010);
#46=CONTEXT_DEPENDENT_SHAPE_REPRESENTATION(#34,#9011);
#47=NEXT_ASSEMBLY_USAGE_OCCURRENCE('PIECEPUNCH v2:1','PIECEPUNCH v2:1',
'PIECEPUNCH v2:1',#9034,#9035,'PIECEPUNCH v2:1');
#48=NEXT_ASSEMBLY_USAGE_OCCURRENCE('socle v24:1','socle v24:1',
'socle v24:1',#9025,#9026,'socle v24:1');
#49=NEXT_ASSEMBLY_USAGE_OCCURRENCE('MG946R v2:1','MG946R v2:1',
'MG946R v2:1',#9025,#9027,'MG946R v2:1');
#50=NEXT_ASSEMBLY_USAGE_OCCURRENCE('MG946R v2:2','MG946R v2:2',
'MG946R v2:2',#9025,#9027,'MG946R v2:2');
#51=NEXT_ASSEMBLY_USAGE_OCCURRENCE('Bras_principal_Ryad v8:1',
'Bras_principal_Ryad v8:1','Bras_principal_Ryad v8:1',#9025,#9028,
'Bras_principal_Ryad v8:1');
#52=NEXT_ASSEMBLY_USAGE_OCCURRENCE('pi\X\E8ce_servo2 v10:1',
'pi\X\E8ce_servo2 v10:1','pi\X\E8ce_servo2 v10:1',#9025,#9029,
'pi\X\E8ce_servo2 v10:1');
#53=NEXT_ASSEMBLY_USAGE_OCCURRENCE('pieceduhaut v3:1',
'pieceduhaut v3:1','pieceduhaut v3:1',#9025,#9030,'pieceduhaut v3:1');
#54=NEXT_ASSEMBLY_USAGE_OCCURRENCE('PIECESUPPORTARRIEREFINE v4:1',
'PIECESUPPORTARRIEREFINE v4:1','PIECESUPPORTARRIEREFINE v4:1',#9025,#9031,
'PIECESUPPORTARRIEREFINE v4:1');
#55=NEXT_ASSEMBLY_USAGE_OCCURRENCE('pi\X\E8ce_arri\X\E8re v3:6',
'pi\X\E8ce_arri\X\E8re v3:6','pi\X\E8ce_arri\X\E8re v3:6',#9025,#9032,
'pi\X\E8ce_arri\X\E8re v3:6');
#56=NEXT_ASSEMBLY_USAGE_OCCURRENCE('ngle v5:6','ngle v5:6','ngle v5:6',
#9025,#9033,'ngle v5:6');
#57=NEXT_ASSEMBLY_USAGE_OCCURRENCE('PIECEPUNCH v2:2','PIECEPUNCH v2:2',
'PIECEPUNCH v2:2',#9025,#9034,'PIECEPUNCH v2:2');
#58=NEXT_ASSEMBLY_USAGE_OCCURRENCE('support_haut v3:2',
'support_haut v3:2','support_haut v3:2',#9025,#9036,'support_haut v3:2');
#59=ORIENTED_CLOSED_SHELL('',*,#5273,.F.);
#60=ORIENTED_CLOSED_SHELL('',*,#5274,.F.);
#61=BREP_WITH_VOIDS('Corps1',#5275,(#59,#60));
#62=SHAPE_REPRESENTATION_RELATIONSHIP('SRR','None',#9013,#72);
#63=SHAPE_REPRESENTATION_RELATIONSHIP('SRR','None',#9014,#73);
#64=SHAPE_REPRESENTATION_RELATIONSHIP('SRR','None',#9015,#74);
#65=SHAPE_REPRESENTATION_RELATIONSHIP('SRR','None',#9016,#75);
#66=SHAPE_REPRESENTATION_RELATIONSHIP('SRR','None',#9017,#76);
#67=SHAPE_REPRESENTATION_RELATIONSHIP('SRR','None',#9018,#77);
#68=SHAPE_REPRESENTATION_RELATIONSHIP('SRR','None',#9019,#78);
#69=SHAPE_REPRESENTATION_RELATIONSHIP('SRR','None',#9020,#79);
#70=SHAPE_REPRESENTATION_RELATIONSHIP('SRR','None',#9022,#80);
#71=SHAPE_REPRESENTATION_RELATIONSHIP('SRR','None',#9023,#81);
#72=ADVANCED_BREP_SHAPE_REPRESENTATION('',(#93,#94),#8960);
#73=ADVANCED_BREP_SHAPE_REPRESENTATION('',(#95),#8961);
#74=ADVANCED_BREP_SHAPE_REPRESENTATION('',(#96),#8962);
#75=ADVANCED_BREP_SHAPE_REPRESENTATION('',(#97),#8963);
#76=ADVANCED_BREP_SHAPE_REPRESENTATION('',(#61),#8964);
#77=ADVANCED_BREP_SHAPE_REPRESENTATION('',(#98),#8965);
#78=ADVANCED_BREP_SHAPE_REPRESENTATION('',(#99),#8966);
#79=ADVANCED_BREP_SHAPE_REPRESENTATION('',(#100),#8967);
#80=ADVANCED_BREP_SHAPE_REPRESENTATION('',(#101),#8969);
#81=ADVANCED_BREP_SHAPE_REPRESENTATION('',(#102),#8970);
#82=STYLED_ITEM('',(#9076),#93);
#83=STYLED_ITEM('',(#9076),#94);
#84=STYLED_ITEM('',(#9077),#95);
#85=STYLED_ITEM('',(#9076),#96);
#86=STYLED_ITEM('',(#9076),#97);
#87=STYLED_ITEM('',(#9076),#61);
#88=STYLED_ITEM('',(#9076),#98);
#89=STYLED_ITEM('',(#9076),#99);
#90=STYLED_ITEM('',(#9076),#100);
#91=STYLED_ITEM('',(#9076),#101);
#92=STYLED_ITEM('',(#9076),#102);
#93=MANIFOLD_SOLID_BREP('Corps1',#5268);
#94=MANIFOLD_SOLID_BREP('Corps3',#5269);
#95=MANIFOLD_SOLID_BREP('Servo1',#5270);
#96=MANIFOLD_SOLID_BREP('Corps1',#5271);
#97=MANIFOLD_SOLID_BREP('Corps1',#5272);
#98=MANIFOLD_SOLID_BREP('Corps1',#5276);
#99=MANIFOLD_SOLID_BREP('Corps1',#5277);
#100=MANIFOLD_SOLID_BREP('Corps2',#5278);
#101=MANIFOLD_SOLID_BREP('Corps2',#5279);
#102=MANIFOLD_SOLID_BREP('Corps1',#5280);
#103=CONICAL_SURFACE('',#5421,42.8746057801113,0.773021317597887);
#104=CONICAL_SURFACE('',#5428,42.8746057801113,0.773021317597887);
#105=FACE_BOUND('',#597,.T.);
#106=FACE_BOUND('',#598,.T.);
#107=FACE_BOUND('',#599,.T.);
#108=FACE_BOUND('',#601,.T.);
#109=FACE_BOUND('',#602,.T.);
#110=FACE_BOUND('',#604,.T.);
#111=FACE_BOUND('',#605,.T.);
#112=FACE_BOUND('',#609,.T.);
#113=FACE_BOUND('',#610,.T.);
#114=FACE_BOUND('',#621,.T.);
#115=FACE_BOUND('',#623,.T.);
#116=FACE_BOUND('',#635,.T.);
#117=FACE_BOUND('',#637,.T.);
#118=FACE_BOUND('',#639,.T.);
#119=FACE_BOUND('',#641,.T.);
#120=FACE_BOUND('',#643,.T.);
#121=FACE_BOUND('',#645,.T.);
#122=FACE_BOUND('',#647,.T.);
#123=FACE_BOUND('',#648,.T.);
#124=FACE_BOUND('',#651,.T.);
#125=FACE_BOUND('',#654,.T.);
#126=FACE_BOUND('',#674,.T.);
#127=FACE_BOUND('',#678,.T.);
#128=FACE_BOUND('',#680,.T.);
#129=FACE_BOUND('',#681,.T.);
#130=FACE_BOUND('',#691,.T.);
#131=FACE_BOUND('',#692,.T.);
#132=FACE_BOUND('',#693,.T.);
#133=FACE_BOUND('',#694,.T.);
#134=FACE_BOUND('',#696,.T.);
#135=FACE_BOUND('',#697,.T.);
#136=FACE_BOUND('',#698,.T.);
#137=FACE_BOUND('',#699,.T.);
#138=FACE_BOUND('',#710,.T.);
#139=FACE_BOUND('',#711,.T.);
#140=FACE_BOUND('',#719,.T.);
#141=FACE_BOUND('',#725,.T.);
#142=FACE_BOUND('',#728,.T.);
#143=FACE_BOUND('',#730,.T.);
#144=FACE_BOUND('',#731,.T.);
#145=FACE_BOUND('',#733,.T.);
#146=FACE_BOUND('',#736,.T.);
#147=FACE_BOUND('',#751,.T.);
#148=FACE_BOUND('',#759,.T.);
#149=FACE_BOUND('',#762,.T.);
#150=FACE_BOUND('',#764,.T.);
#151=FACE_BOUND('',#779,.T.);
#152=FACE_BOUND('',#785,.T.);
#153=FACE_BOUND('',#792,.T.);
#154=FACE_BOUND('',#793,.T.);
#155=FACE_BOUND('',#794,.T.);
#156=FACE_BOUND('',#796,.T.);
#157=FACE_BOUND('',#797,.T.);
#158=FACE_BOUND('',#798,.T.);
#159=FACE_BOUND('',#806,.T.);
#160=FACE_BOUND('',#808,.T.);
#161=FACE_BOUND('',#812,.T.);
#162=FACE_BOUND('',#825,.T.);
#163=FACE_BOUND('',#826,.T.);
#164=FACE_BOUND('',#847,.T.);
#165=FACE_BOUND('',#853,.T.);
#166=FACE_BOUND('',#875,.T.);
#167=FACE_BOUND('',#876,.T.);
#168=FACE_BOUND('',#877,.T.);
#169=FACE_BOUND('',#878,.T.);
#170=FACE_BOUND('',#879,.T.);
#171=FACE_BOUND('',#880,.T.);
#172=FACE_BOUND('',#882,.T.);
#173=FACE_BOUND('',#883,.T.);
#174=FACE_BOUND('',#884,.T.);
#175=FACE_BOUND('',#885,.T.);
#176=FACE_BOUND('',#886,.T.);
#177=FACE_BOUND('',#887,.T.);
#178=FACE_BOUND('',#889,.T.);
#179=FACE_BOUND('',#891,.T.);
#180=FACE_BOUND('',#892,.T.);
#181=FACE_BOUND('',#900,.T.);
#182=FACE_BOUND('',#902,.T.);
#183=FACE_BOUND('',#904,.T.);
#184=FACE_BOUND('',#916,.T.);
#185=FACE_BOUND('',#917,.T.);
#186=FACE_BOUND('',#931,.T.);
#187=FACE_BOUND('',#932,.T.);
#188=FACE_BOUND('',#933,.T.);
#189=FACE_BOUND('',#934,.T.);
#190=FACE_BOUND('',#936,.T.);
#191=FACE_BOUND('',#937,.T.);
#192=FACE_BOUND('',#938,.T.);
#193=FACE_BOUND('',#939,.T.);
#194=FACE_BOUND('',#950,.T.);
#195=FACE_BOUND('',#951,.T.);
#196=FACE_BOUND('',#952,.T.);
#197=FACE_BOUND('',#953,.T.);
#198=FACE_BOUND('',#955,.T.);
#199=FACE_BOUND('',#956,.T.);
#200=FACE_BOUND('',#957,.T.);
#201=FACE_BOUND('',#958,.T.);
#202=FACE_BOUND('',#960,.T.);
#203=FACE_BOUND('',#962,.T.);
#204=FACE_BOUND('',#970,.T.);
#205=FACE_BOUND('',#971,.T.);
#206=(
BOUNDED_CURVE()
B_SPLINE_CURVE(2,(#7493,#7494,#7495),.UNSPECIFIED.,.F.,.F.)
B_SPLINE_CURVE_WITH_KNOTS((3,3),(44.9923080751423,45.937346713451),
 .UNSPECIFIED.)
CURVE()
GEOMETRIC_REPRESENTATION_ITEM()
RATIONAL_B_SPLINE_CURVE((3.75077886050687,3.54257886533398,3.32441901028751))
REPRESENTATION_ITEM('')
);
#207=(
BOUNDED_CURVE()
B_SPLINE_CURVE(2,(#7515,#7516,#7517),.UNSPECIFIED.,.F.,.F.)
B_SPLINE_CURVE_WITH_KNOTS((3,3),(12.0824595771129,14.7709206396671),
 .UNSPECIFIED.)
CURVE()
GEOMETRIC_REPRESENTATION_ITEM()
RATIONAL_B_SPLINE_CURVE((3.12694235143991,3.2841630084256,3.4060439644323))
REPRESENTATION_ITEM('')
);
#208=(
BOUNDED_CURVE()
B_SPLINE_CURVE(2,(#7520,#7521,#7522),.UNSPECIFIED.,.F.,.F.)
B_SPLINE_CURVE_WITH_KNOTS((3,3),(33.3150619546016,38.251387251664),
 .UNSPECIFIED.)
CURVE()
GEOMETRIC_REPRESENTATION_ITEM()
RATIONAL_B_SPLINE_CURVE((3.40604396443231,3.18225643976032,2.83932745682995))
REPRESENTATION_ITEM('')
);
#209=(
BOUNDED_CURVE()
B_SPLINE_CURVE(2,(#7537,#7538,#7539),.UNSPECIFIED.,.F.,.F.)
B_SPLINE_CURVE_WITH_KNOTS((3,3),(9.83459548157265,14.7709208972024),
 .UNSPECIFIED.)
CURVE()
GEOMETRIC_REPRESENTATION_ITEM()
RATIONAL_B_SPLINE_CURVE((2.83932744707135,3.18225642927337,3.40604394918378))
REPRESENTATION_ITEM('')
);
#210=(
BOUNDED_CURVE()
B_SPLINE_CURVE(2,(#7542,#7543,#7544),.UNSPECIFIED.,.F.,.F.)
B_SPLINE_CURVE_WITH_KNOTS((3,3),(33.3150616352228,38.251387050556),
 .UNSPECIFIED.)
CURVE()
GEOMETRIC_REPRESENTATION_ITEM()
RATIONAL_B_SPLINE_CURVE((3.40604394918381,3.18225642928685,2.8393274471126))
REPRESENTATION_ITEM('')
);
#211=(
BOUNDED_CURVE()
B_SPLINE_CURVE(2,(#7554,#7555,#7556),.UNSPECIFIED.,.F.,.F.)
B_SPLINE_CURVE_WITH_KNOTS((3,3),(1.60568190052189,4.38749179268896),
 .UNSPECIFIED.)
CURVE()
GEOMETRIC_REPRESENTATION_ITEM()
RATIONAL_B_SPLINE_CURVE((1.09725038424384,1.1506632823652,1.09725424717448))
REPRESENTATION_ITEM('')
);
#212=(
BOUNDED_CURVE()
B_SPLINE_CURVE(2,(#7566,#7567,#7568),.UNSPECIFIED.,.F.,.F.)
B_SPLINE_CURVE_WITH_KNOTS((3,3),(4.53694981308332,5.48196917813335),
 .UNSPECIFIED.)
CURVE()
GEOMETRIC_REPRESENTATION_ITEM()
RATIONAL_B_SPLINE_CURVE((3.32445517409406,3.54263117765871,3.75084697341736))
REPRESENTATION_ITEM('')
);
#213=(
BOUNDED_CURVE()
B_SPLINE_CURVE(2,(#7577,#7578,#7579),.UNSPECIFIED.,.F.,.F.)
B_SPLINE_CURVE_WITH_KNOTS((3,3),(1.60577002773763,4.3875731791449),
 .UNSPECIFIED.)
CURVE()
GEOMETRIC_REPRESENTATION_ITEM()
RATIONAL_B_SPLINE_CURVE((1.09725244696613,1.15066088328306,1.09724858407709))
REPRESENTATION_ITEM('')
);
#214=(
BOUNDED_CURVE()
B_SPLINE_CURVE(2,(#7589,#7590,#7591),.UNSPECIFIED.,.F.,.F.)
B_SPLINE_CURVE_WITH_KNOTS((3,3),(44.992812344506,45.9378025610689),
 .UNSPECIFIED.)
CURVE()
GEOMETRIC_REPRESENTATION_ITEM()
RATIONAL_B_SPLINE_CURVE((3.7508341288705,3.54262444818204,3.32445517410994))
REPRESENTATION_ITEM('')
);
#215=(
BOUNDED_CURVE()
B_SPLINE_CURVE(2,(#7599,#7600,#7601),.UNSPECIFIED.,.F.,.F.)
B_SPLINE_CURVE_WITH_KNOTS((3,3),(4.5372678039188,5.48227729239817),
 .UNSPECIFIED.)
CURVE()
GEOMETRIC_REPRESENTATION_ITEM()
RATIONAL_B_SPLINE_CURVE((3.32441901027162,3.54257213615172,3.7507660165749))
REPRESENTATION_ITEM('')
);
#216=(
BOUNDED_CURVE()
B_SPLINE_CURVE(2,(#7611,#7612,#7613),.UNSPECIFIED.,.F.,.F.)
B_SPLINE_CURVE_WITH_KNOTS((3,3),(33.5489285989729,35.5914779665686),
 .UNSPECIFIED.)
CURVE()
GEOMETRIC_REPRESENTATION_ITEM()
RATIONAL_B_SPLINE_CURVE((2.90752084855381,2.82379744585989,2.7228088158443))
REPRESENTATION_ITEM('')
);
#217=ELLIPSE('',#5405,71.5468555327237,46.4996053384311);
#218=ELLIPSE('',#5430,107.41308091136,72.1807559680684);
#219=ELLIPSE('',#5431,107.41308091136,72.1807559680684);
#220=ELLIPSE('',#5432,100.635798754309,69.9058304514525);
#221=ELLIPSE('',#5649,12.5039056344857,12.5);
#222=ELLIPSE('',#5655,12.500976523061,12.5);
#223=ELLIPSE('',#5656,493.993995343797,493.955406636143);
#224=ELLIPSE('',#5657,2.00015624368976,2.);
#225=CYLINDRICAL_SURFACE('',#5399,46.4996053384311);
#226=CYLINDRICAL_SURFACE('',#5437,2.40000000001);
#227=CYLINDRICAL_SURFACE('',#5439,2.40000000001);
#228=CYLINDRICAL_SURFACE('',#5449,2.40000000001);
#229=CYLINDRICAL_SURFACE('',#5451,2.40000000001);
#230=CYLINDRICAL_SURFACE('',#5453,1.5);
#231=CYLINDRICAL_SURFACE('',#5455,1.5);
#232=CYLINDRICAL_SURFACE('',#5457,1.5);
#233=CYLINDRICAL_SURFACE('',#5459,1.5);
#234=CYLINDRICAL_SURFACE('',#5461,1.65);
#235=CYLINDRICAL_SURFACE('',#5465,14.5000023283069);
#236=CYLINDRICAL_SURFACE('',#5489,2.40000000001);
#237=CYLINDRICAL_SURFACE('',#5490,2.40000000001);
#238=CYLINDRICAL_SURFACE('',#5492,1.6);
#239=CYLINDRICAL_SURFACE('',#5495,5.);
#240=CYLINDRICAL_SURFACE('',#5500,2.40000000001);
#241=CYLINDRICAL_SURFACE('',#5501,2.40000000001);
#242=CYLINDRICAL_SURFACE('',#5502,1.5);
#243=CYLINDRICAL_SURFACE('',#5503,1.5);
#244=CYLINDRICAL_SURFACE('',#5504,1.5);
#245=CYLINDRICAL_SURFACE('',#5506,1.5);
#246=CYLINDRICAL_SURFACE('',#5515,1.6);
#247=CYLINDRICAL_SURFACE('',#5518,1.6);
#248=CYLINDRICAL_SURFACE('',#5521,1.6);
#249=CYLINDRICAL_SURFACE('',#5524,1.6);
#250=CYLINDRICAL_SURFACE('',#5546,6.4);
#251=CYLINDRICAL_SURFACE('',#5549,10.);
#252=CYLINDRICAL_SURFACE('',#5554,2.4);
#253=CYLINDRICAL_SURFACE('',#5556,2.4);
#254=CYLINDRICAL_SURFACE('',#5559,2.4);
#255=CYLINDRICAL_SURFACE('',#5562,2.4);
#256=CYLINDRICAL_SURFACE('',#5590,5.18015572390572);
#257=CYLINDRICAL_SURFACE('',#5593,1.);
#258=CYLINDRICAL_SURFACE('',#5594,1.);
#259=CYLINDRICAL_SURFACE('',#5597,2.935);
#260=CYLINDRICAL_SURFACE('',#5601,6.75);
#261=CYLINDRICAL_SURFACE('',#5605,4.);
#262=CYLINDRICAL_SURFACE('',#5627,17.712093827061);
#263=CYLINDRICAL_SURFACE('',#5629,17.712093827061);
#264=CYLINDRICAL_SURFACE('',#5631,166.669276093667);
#265=CYLINDRICAL_SURFACE('',#5642,2.);
#266=CYLINDRICAL_SURFACE('',#5658,12.5);
#267=CYLINDRICAL_SURFACE('',#5660,12.5);
#268=CYLINDRICAL_SURFACE('',#5664,2.);
#269=CYLINDRICAL_SURFACE('',#5674,2.);
#270=CYLINDRICAL_SURFACE('',#5675,2.);
#271=CYLINDRICAL_SURFACE('',#5676,163.715821189113);
#272=CYLINDRICAL_SURFACE('',#5678,493.955406636143);
#273=CYLINDRICAL_SURFACE('',#5688,2.);
#274=CYLINDRICAL_SURFACE('',#5696,6.75);
#275=CYLINDRICAL_SURFACE('',#5698,4.);
#276=CYLINDRICAL_SURFACE('',#5702,2.);
#277=CYLINDRICAL_SURFACE('',#5704,17.5);
#278=CYLINDRICAL_SURFACE('',#5707,7.5);
#279=CYLINDRICAL_SURFACE('',#5715,4.6);
#280=CYLINDRICAL_SURFACE('',#5724,4.6);
#281=CYLINDRICAL_SURFACE('',#5739,1.6);
#282=CYLINDRICAL_SURFACE('',#5742,1.6);
#283=CYLINDRICAL_SURFACE('',#5746,7.5);
#284=CYLINDRICAL_SURFACE('',#5748,7.5);
#285=CYLINDRICAL_SURFACE('',#5750,1.6);
#286=CYLINDRICAL_SURFACE('',#5757,1.6);
#287=CYLINDRICAL_SURFACE('',#5769,7.5);
#288=CYLINDRICAL_SURFACE('',#5773,7.5);
#289=CYLINDRICAL_SURFACE('',#5787,1.6);
#290=CYLINDRICAL_SURFACE('',#5789,1.6);
#291=CYLINDRICAL_SURFACE('',#5791,5.);
#292=CYLINDRICAL_SURFACE('',#5795,5.);
#293=CYLINDRICAL_SURFACE('',#5806,1.6);
#294=CYLINDRICAL_SURFACE('',#5808,1.6);
#295=CYLINDRICAL_SURFACE('',#5813,5.);
#296=CYLINDRICAL_SURFACE('',#5818,5.);
#297=CYLINDRICAL_SURFACE('',#5825,1.5);
#298=CYLINDRICAL_SURFACE('',#5828,1.5);
#299=CYLINDRICAL_SURFACE('',#5831,1.5);
#300=CYLINDRICAL_SURFACE('',#5835,4.);
#301=CYLINDRICAL_SURFACE('',#5839,5.);
#302=CYLINDRICAL_SURFACE('',#5843,4.);
#303=CYLINDRICAL_SURFACE('',#5850,1.55);
#304=CYLINDRICAL_SURFACE('',#5853,1.5);
#305=CYLINDRICAL_SURFACE('',#5856,1.6);
#306=CYLINDRICAL_SURFACE('',#5859,1.6);
#307=CYLINDRICAL_SURFACE('',#5863,5.);
#308=CYLINDRICAL_SURFACE('',#5868,5.);
#309=CYLINDRICAL_SURFACE('',#5882,1.6);
#310=CYLINDRICAL_SURFACE('',#5884,1.6);
#311=CYLINDRICAL_SURFACE('',#5887,2.5);
#312=CYLINDRICAL_SURFACE('',#5891,2.50000069439426);
#313=FACE_OUTER_BOUND('',#592,.T.);
#314=FACE_OUTER_BOUND('',#593,.T.);
#315=FACE_OUTER_BOUND('',#594,.T.);
#316=FACE_OUTER_BOUND('',#595,.T.);
#317=FACE_OUTER_BOUND('',#596,.T.);
#318=FACE_OUTER_BOUND('',#600,.T.);
#319=FACE_OUTER_BOUND('',#603,.T.);
#320=FACE_OUTER_BOUND('',#606,.T.);
#321=FACE_OUTER_BOUND('',#607,.T.);
#322=FACE_OUTER_BOUND('',#608,.T.);
#323=FACE_OUTER_BOUND('',#611,.T.);
#324=FACE_OUTER_BOUND('',#612,.T.);
#325=FACE_OUTER_BOUND('',#613,.T.);
#326=FACE_OUTER_BOUND('',#614,.T.);
#327=FACE_OUTER_BOUND('',#615,.T.);
#328=FACE_OUTER_BOUND('',#616,.T.);
#329=FACE_OUTER_BOUND('',#617,.T.);
#330=FACE_OUTER_BOUND('',#618,.T.);
#331=FACE_OUTER_BOUND('',#619,.T.);
#332=FACE_OUTER_BOUND('',#620,.T.);
#333=FACE_OUTER_BOUND('',#622,.T.);
#334=FACE_OUTER_BOUND('',#624,.T.);
#335=FACE_OUTER_BOUND('',#625,.T.);
#336=FACE_OUTER_BOUND('',#626,.T.);
#337=FACE_OUTER_BOUND('',#627,.T.);
#338=FACE_OUTER_BOUND('',#628,.T.);
#339=FACE_OUTER_BOUND('',#629,.T.);
#340=FACE_OUTER_BOUND('',#630,.T.);
#341=FACE_OUTER_BOUND('',#631,.T.);
#342=FACE_OUTER_BOUND('',#632,.T.);
#343=FACE_OUTER_BOUND('',#633,.T.);
#344=FACE_OUTER_BOUND('',#634,.T.);
#345=FACE_OUTER_BOUND('',#636,.T.);
#346=FACE_OUTER_BOUND('',#638,.T.);
#347=FACE_OUTER_BOUND('',#640,.T.);
#348=FACE_OUTER_BOUND('',#642,.T.);
#349=FACE_OUTER_BOUND('',#644,.T.);
#350=FACE_OUTER_BOUND('',#646,.T.);
#351=FACE_OUTER_BOUND('',#649,.T.);
#352=FACE_OUTER_BOUND('',#650,.T.);
#353=FACE_OUTER_BOUND('',#652,.T.);
#354=FACE_OUTER_BOUND('',#653,.T.);
#355=FACE_OUTER_BOUND('',#655,.T.);
#356=FACE_OUTER_BOUND('',#656,.T.);
#357=FACE_OUTER_BOUND('',#657,.T.);
#358=FACE_OUTER_BOUND('',#658,.T.);
#359=FACE_OUTER_BOUND('',#659,.T.);
#360=FACE_OUTER_BOUND('',#660,.T.);
#361=FACE_OUTER_BOUND('',#661,.T.);
#362=FACE_OUTER_BOUND('',#662,.T.);
#363=FACE_OUTER_BOUND('',#663,.T.);
#364=FACE_OUTER_BOUND('',#664,.T.);
#365=FACE_OUTER_BOUND('',#665,.T.);
#366=FACE_OUTER_BOUND('',#666,.T.);
#367=FACE_OUTER_BOUND('',#667,.T.);
#368=FACE_OUTER_BOUND('',#668,.T.);
#369=FACE_OUTER_BOUND('',#669,.T.);
#370=FACE_OUTER_BOUND('',#670,.T.);
#371=FACE_OUTER_BOUND('',#671,.T.);
#372=FACE_OUTER_BOUND('',#672,.T.);
#373=FACE_OUTER_BOUND('',#673,.T.);
#374=FACE_OUTER_BOUND('',#675,.T.);
#375=FACE_OUTER_BOUND('',#676,.T.);
#376=FACE_OUTER_BOUND('',#677,.T.);
#377=FACE_OUTER_BOUND('',#679,.T.);
#378=FACE_OUTER_BOUND('',#682,.T.);
#379=FACE_OUTER_BOUND('',#683,.T.);
#380=FACE_OUTER_BOUND('',#684,.T.);
#381=FACE_OUTER_BOUND('',#685,.T.);
#382=FACE_OUTER_BOUND('',#686,.T.);
#383=FACE_OUTER_BOUND('',#687,.T.);
#384=FACE_OUTER_BOUND('',#688,.T.);
#385=FACE_OUTER_BOUND('',#689,.T.);
#386=FACE_OUTER_BOUND('',#690,.T.);
#387=FACE_OUTER_BOUND('',#695,.T.);
#388=FACE_OUTER_BOUND('',#700,.T.);
#389=FACE_OUTER_BOUND('',#701,.T.);
#390=FACE_OUTER_BOUND('',#702,.T.);
#391=FACE_OUTER_BOUND('',#703,.T.);
#392=FACE_OUTER_BOUND('',#704,.T.);
#393=FACE_OUTER_BOUND('',#705,.T.);
#394=FACE_OUTER_BOUND('',#706,.T.);
#395=FACE_OUTER_BOUND('',#707,.T.);
#396=FACE_OUTER_BOUND('',#708,.T.);
#397=FACE_OUTER_BOUND('',#709,.T.);
#398=FACE_OUTER_BOUND('',#712,.T.);
#399=FACE_OUTER_BOUND('',#713,.T.);
#400=FACE_OUTER_BOUND('',#714,.T.);
#401=FACE_OUTER_BOUND('',#715,.T.);
#402=FACE_OUTER_BOUND('',#716,.T.);
#403=FACE_OUTER_BOUND('',#717,.T.);
#404=FACE_OUTER_BOUND('',#718,.T.);
#405=FACE_OUTER_BOUND('',#720,.T.);
#406=FACE_OUTER_BOUND('',#721,.T.);
#407=FACE_OUTER_BOUND('',#722,.T.);
#408=FACE_OUTER_BOUND('',#723,.T.);
#409=FACE_OUTER_BOUND('',#724,.T.);
#410=FACE_OUTER_BOUND('',#726,.T.);
#411=FACE_OUTER_BOUND('',#727,.T.);
#412=FACE_OUTER_BOUND('',#729,.T.);
#413=FACE_OUTER_BOUND('',#732,.T.);
#414=FACE_OUTER_BOUND('',#734,.T.);
#415=FACE_OUTER_BOUND('',#735,.T.);
#416=FACE_OUTER_BOUND('',#737,.T.);
#417=FACE_OUTER_BOUND('',#738,.T.);
#418=FACE_OUTER_BOUND('',#739,.T.);
#419=FACE_OUTER_BOUND('',#740,.T.);
#420=FACE_OUTER_BOUND('',#741,.T.);
#421=FACE_OUTER_BOUND('',#742,.T.);
#422=FACE_OUTER_BOUND('',#743,.T.);
#423=FACE_OUTER_BOUND('',#744,.T.);
#424=FACE_OUTER_BOUND('',#745,.T.);
#425=FACE_OUTER_BOUND('',#746,.T.);
#426=FACE_OUTER_BOUND('',#747,.T.);
#427=FACE_OUTER_BOUND('',#748,.T.);
#428=FACE_OUTER_BOUND('',#749,.T.);
#429=FACE_OUTER_BOUND('',#750,.T.);
#430=FACE_OUTER_BOUND('',#752,.T.);
#431=FACE_OUTER_BOUND('',#753,.T.);
#432=FACE_OUTER_BOUND('',#754,.T.);
#433=FACE_OUTER_BOUND('',#755,.T.);
#434=FACE_OUTER_BOUND('',#756,.T.);
#435=FACE_OUTER_BOUND('',#757,.T.);
#436=FACE_OUTER_BOUND('',#758,.T.);
#437=FACE_OUTER_BOUND('',#760,.T.);
#438=FACE_OUTER_BOUND('',#761,.T.);
#439=FACE_OUTER_BOUND('',#763,.T.);
#440=FACE_OUTER_BOUND('',#765,.T.);
#441=FACE_OUTER_BOUND('',#766,.T.);
#442=FACE_OUTER_BOUND('',#767,.T.);
#443=FACE_OUTER_BOUND('',#768,.T.);
#444=FACE_OUTER_BOUND('',#769,.T.);
#445=FACE_OUTER_BOUND('',#770,.T.);
#446=FACE_OUTER_BOUND('',#771,.T.);
#447=FACE_OUTER_BOUND('',#772,.T.);
#448=FACE_OUTER_BOUND('',#773,.T.);
#449=FACE_OUTER_BOUND('',#774,.T.);
#450=FACE_OUTER_BOUND('',#775,.T.);
#451=FACE_OUTER_BOUND('',#776,.T.);
#452=FACE_OUTER_BOUND('',#777,.T.);
#453=FACE_OUTER_BOUND('',#778,.T.);
#454=FACE_OUTER_BOUND('',#780,.T.);
#455=FACE_OUTER_BOUND('',#781,.T.);
#456=FACE_OUTER_BOUND('',#782,.T.);
#457=FACE_OUTER_BOUND('',#783,.T.);
#458=FACE_OUTER_BOUND('',#784,.T.);
#459=FACE_OUTER_BOUND('',#786,.T.);
#460=FACE_OUTER_BOUND('',#787,.T.);
#461=FACE_OUTER_BOUND('',#788,.T.);
#462=FACE_OUTER_BOUND('',#789,.T.);
#463=FACE_OUTER_BOUND('',#790,.T.);
#464=FACE_OUTER_BOUND('',#791,.T.);
#465=FACE_OUTER_BOUND('',#795,.T.);
#466=FACE_OUTER_BOUND('',#799,.T.);
#467=FACE_OUTER_BOUND('',#800,.T.);
#468=FACE_OUTER_BOUND('',#801,.T.);
#469=FACE_OUTER_BOUND('',#802,.T.);
#470=FACE_OUTER_BOUND('',#803,.T.);
#471=FACE_OUTER_BOUND('',#804,.T.);
#472=FACE_OUTER_BOUND('',#805,.T.);
#473=FACE_OUTER_BOUND('',#807,.T.);
#474=FACE_OUTER_BOUND('',#809,.T.);
#475=FACE_OUTER_BOUND('',#810,.T.);
#476=FACE_OUTER_BOUND('',#811,.T.);
#477=FACE_OUTER_BOUND('',#813,.T.);
#478=FACE_OUTER_BOUND('',#814,.T.);
#479=FACE_OUTER_BOUND('',#815,.T.);
#480=FACE_OUTER_BOUND('',#816,.T.);
#481=FACE_OUTER_BOUND('',#817,.T.);
#482=FACE_OUTER_BOUND('',#818,.T.);
#483=FACE_OUTER_BOUND('',#819,.T.);
#484=FACE_OUTER_BOUND('',#820,.T.);
#485=FACE_OUTER_BOUND('',#821,.T.);
#486=FACE_OUTER_BOUND('',#822,.T.);
#487=FACE_OUTER_BOUND('',#823,.T.);
#488=FACE_OUTER_BOUND('',#824,.T.);
#489=FACE_OUTER_BOUND('',#827,.T.);
#490=FACE_OUTER_BOUND('',#828,.T.);
#491=FACE_OUTER_BOUND('',#829,.T.);
#492=FACE_OUTER_BOUND('',#830,.T.);
#493=FACE_OUTER_BOUND('',#831,.T.);
#494=FACE_OUTER_BOUND('',#832,.T.);
#495=FACE_OUTER_BOUND('',#833,.T.);
#496=FACE_OUTER_BOUND('',#834,.T.);
#497=FACE_OUTER_BOUND('',#835,.T.);
#498=FACE_OUTER_BOUND('',#836,.T.);
#499=FACE_OUTER_BOUND('',#837,.T.);
#500=FACE_OUTER_BOUND('',#838,.T.);
#501=FACE_OUTER_BOUND('',#839,.T.);
#502=FACE_OUTER_BOUND('',#840,.T.);
#503=FACE_OUTER_BOUND('',#841,.T.);
#504=FACE_OUTER_BOUND('',#842,.T.);
#505=FACE_OUTER_BOUND('',#843,.T.);
#506=FACE_OUTER_BOUND('',#844,.T.);
#507=FACE_OUTER_BOUND('',#845,.T.);
#508=FACE_OUTER_BOUND('',#846,.T.);
#509=FACE_OUTER_BOUND('',#848,.T.);
#510=FACE_OUTER_BOUND('',#849,.T.);
#511=FACE_OUTER_BOUND('',#850,.T.);
#512=FACE_OUTER_BOUND('',#851,.T.);
#513=FACE_OUTER_BOUND('',#852,.T.);
#514=FACE_OUTER_BOUND('',#854,.T.);
#515=FACE_OUTER_BOUND('',#855,.T.);
#516=FACE_OUTER_BOUND('',#856,.T.);
#517=FACE_OUTER_BOUND('',#857,.T.);
#518=FACE_OUTER_BOUND('',#858,.T.);
#519=FACE_OUTER_BOUND('',#859,.T.);
#520=FACE_OUTER_BOUND('',#860,.T.);
#521=FACE_OUTER_BOUND('',#861,.T.);
#522=FACE_OUTER_BOUND('',#862,.T.);
#523=FACE_OUTER_BOUND('',#863,.T.);
#524=FACE_OUTER_BOUND('',#864,.T.);
#525=FACE_OUTER_BOUND('',#865,.T.);
#526=FACE_OUTER_BOUND('',#866,.T.);
#527=FACE_OUTER_BOUND('',#867,.T.);
#528=FACE_OUTER_BOUND('',#868,.T.);
#529=FACE_OUTER_BOUND('',#869,.T.);
#530=FACE_OUTER_BOUND('',#870,.T.);
#531=FACE_OUTER_BOUND('',#871,.T.);
#532=FACE_OUTER_BOUND('',#872,.T.);
#533=FACE_OUTER_BOUND('',#873,.T.);
#534=FACE_OUTER_BOUND('',#874,.T.);
#535=FACE_OUTER_BOUND('',#881,.T.);
#536=FACE_OUTER_BOUND('',#888,.T.);
#537=FACE_OUTER_BOUND('',#890,.T.);
#538=FACE_OUTER_BOUND('',#893,.T.);
#539=FACE_OUTER_BOUND('',#894,.T.);
#540=FACE_OUTER_BOUND('',#895,.T.);
#541=FACE_OUTER_BOUND('',#896,.T.);
#542=FACE_OUTER_BOUND('',#897,.T.);
#543=FACE_OUTER_BOUND('',#898,.T.);
#544=FACE_OUTER_BOUND('',#899,.T.);
#545=FACE_OUTER_BOUND('',#901,.T.);
#546=FACE_OUTER_BOUND('',#903,.T.);
#547=FACE_OUTER_BOUND('',#905,.T.);
#548=FACE_OUTER_BOUND('',#906,.T.);
#549=FACE_OUTER_BOUND('',#907,.T.);
#550=FACE_OUTER_BOUND('',#908,.T.);
#551=FACE_OUTER_BOUND('',#909,.T.);
#552=FACE_OUTER_BOUND('',#910,.T.);
#553=FACE_OUTER_BOUND('',#911,.T.);
#554=FACE_OUTER_BOUND('',#912,.T.);
#555=FACE_OUTER_BOUND('',#913,.T.);
#556=FACE_OUTER_BOUND('',#914,.T.);
#557=FACE_OUTER_BOUND('',#915,.T.);
#558=FACE_OUTER_BOUND('',#918,.T.);
#559=FACE_OUTER_BOUND('',#919,.T.);
#560=FACE_OUTER_BOUND('',#920,.T.);
#561=FACE_OUTER_BOUND('',#921,.T.);
#562=FACE_OUTER_BOUND('',#922,.T.);
#563=FACE_OUTER_BOUND('',#923,.T.);
#564=FACE_OUTER_BOUND('',#924,.T.);
#565=FACE_OUTER_BOUND('',#925,.T.);
#566=FACE_OUTER_BOUND('',#926,.T.);
#567=FACE_OUTER_BOUND('',#927,.T.);
#568=FACE_OUTER_BOUND('',#928,.T.);
#569=FACE_OUTER_BOUND('',#929,.T.);
#570=FACE_OUTER_BOUND('',#930,.T.);
#571=FACE_OUTER_BOUND('',#935,.T.);
#572=FACE_OUTER_BOUND('',#940,.T.);
#573=FACE_OUTER_BOUND('',#941,.T.);
#574=FACE_OUTER_BOUND('',#942,.T.);
#575=FACE_OUTER_BOUND('',#943,.T.);
#576=FACE_OUTER_BOUND('',#944,.T.);
#577=FACE_OUTER_BOUND('',#945,.T.);
#578=FACE_OUTER_BOUND('',#946,.T.);
#579=FACE_OUTER_BOUND('',#947,.T.);
#580=FACE_OUTER_BOUND('',#948,.T.);
#581=FACE_OUTER_BOUND('',#949,.T.);
#582=FACE_OUTER_BOUND('',#954,.T.);
#583=FACE_OUTER_BOUND('',#959,.T.);
#584=FACE_OUTER_BOUND('',#961,.T.);
#585=FACE_OUTER_BOUND('',#963,.T.);
#586=FACE_OUTER_BOUND('',#964,.T.);
#587=FACE_OUTER_BOUND('',#965,.T.);
#588=FACE_OUTER_BOUND('',#966,.T.);
#589=FACE_OUTER_BOUND('',#967,.T.);
#590=FACE_OUTER_BOUND('',#968,.T.);
#591=FACE_OUTER_BOUND('',#969,.T.);
#592=EDGE_LOOP('',(#3362,#3363,#3364,#3365,#3366));
#593=EDGE_LOOP('',(#3367,#3368,#3369,#3370));
#594=EDGE_LOOP('',(#3371,#3372,#3373,#3374,#3375,#3376,#3377,#3378,#3379,
#3380,#3381,#3382,#3383,#3384,#3385,#3386,#3387,#3388,#3389,#3390,#3391,
#3392));
#595=EDGE_LOOP('',(#3393,#3394,#3395,#3396,#3397,#3398,#3399,#3400));
#596=EDGE_LOOP('',(#3401,#3402,#3403,#3404,#3405,#3406,#3407,#3408,#3409,
#3410,#3411,#3412,#3413));
#597=EDGE_LOOP('',(#3414));
#598=EDGE_LOOP('',(#3415));
#599=EDGE_LOOP('',(#3416));
#600=EDGE_LOOP('',(#3417,#3418,#3419,#3420,#3421,#3422,#3423,#3424,#3425,
#3426));
#601=EDGE_LOOP('',(#3427));
#602=EDGE_LOOP('',(#3428));
#603=EDGE_LOOP('',(#3429,#3430,#3431,#3432));
#604=EDGE_LOOP('',(#3433));
#605=EDGE_LOOP('',(#3434));
#606=EDGE_LOOP('',(#3435,#3436,#3437,#3438,#3439,#3440,#3441,#3442));
#607=EDGE_LOOP('',(#3443,#3444,#3445,#3446,#3447,#3448,#3449,#3450));
#608=EDGE_LOOP('',(#3451,#3452,#3453,#3454));
#609=EDGE_LOOP('',(#3455));
#610=EDGE_LOOP('',(#3456));
#611=EDGE_LOOP('',(#3457,#3458,#3459,#3460,#3461,#3462,#3463,#3464));
#612=EDGE_LOOP('',(#3465,#3466,#3467,#3468,#3469,#3470,#3471,#3472));
#613=EDGE_LOOP('',(#3473,#3474,#3475,#3476,#3477,#3478,#3479,#3480,#3481,
#3482,#3483,#3484));
#614=EDGE_LOOP('',(#3485));
#615=EDGE_LOOP('',(#3486));
#616=EDGE_LOOP('',(#3487,#3488,#3489,#3490));
#617=EDGE_LOOP('',(#3491,#3492,#3493,#3494));
#618=EDGE_LOOP('',(#3495));
#619=EDGE_LOOP('',(#3496));
#620=EDGE_LOOP('',(#3497));
#621=EDGE_LOOP('',(#3498));
#622=EDGE_LOOP('',(#3499));
#623=EDGE_LOOP('',(#3500));
#624=EDGE_LOOP('',(#3501,#3502,#3503,#3504));
#625=EDGE_LOOP('',(#3505,#3506,#3507,#3508));
#626=EDGE_LOOP('',(#3509,#3510,#3511,#3512));
#627=EDGE_LOOP('',(#3513,#3514,#3515,#3516));
#628=EDGE_LOOP('',(#3517,#3518,#3519,#3520));
#629=EDGE_LOOP('',(#3521,#3522,#3523,#3524));
#630=EDGE_LOOP('',(#3525,#3526,#3527,#3528));
#631=EDGE_LOOP('',(#3529,#3530,#3531,#3532));
#632=EDGE_LOOP('',(#3533,#3534,#3535,#3536));
#633=EDGE_LOOP('',(#3537,#3538,#3539,#3540));
#634=EDGE_LOOP('',(#3541));
#635=EDGE_LOOP('',(#3542));
#636=EDGE_LOOP('',(#3543));
#637=EDGE_LOOP('',(#3544));
#638=EDGE_LOOP('',(#3545));
#639=EDGE_LOOP('',(#3546));
#640=EDGE_LOOP('',(#3547));
#641=EDGE_LOOP('',(#3548));
#642=EDGE_LOOP('',(#3549));
#643=EDGE_LOOP('',(#3550));
#644=EDGE_LOOP('',(#3551));
#645=EDGE_LOOP('',(#3552));
#646=EDGE_LOOP('',(#3553,#3554,#3555,#3556));
#647=EDGE_LOOP('',(#3557));
#648=EDGE_LOOP('',(#3558));
#649=EDGE_LOOP('',(#3559,#3560,#3561,#3562));
#650=EDGE_LOOP('',(#3563,#3564,#3565,#3566,#3567,#3568));
#651=EDGE_LOOP('',(#3569));
#652=EDGE_LOOP('',(#3570,#3571,#3572,#3573));
#653=EDGE_LOOP('',(#3574,#3575,#3576,#3577,#3578,#3579));
#654=EDGE_LOOP('',(#3580));
#655=EDGE_LOOP('',(#3581,#3582,#3583,#3584));
#656=EDGE_LOOP('',(#3585,#3586,#3587,#3588));
#657=EDGE_LOOP('',(#3589,#3590,#3591,#3592));
#658=EDGE_LOOP('',(#3593,#3594));
#659=EDGE_LOOP('',(#3595,#3596,#3597,#3598));
#660=EDGE_LOOP('',(#3599,#3600,#3601,#3602));
#661=EDGE_LOOP('',(#3603,#3604,#3605,#3606));
#662=EDGE_LOOP('',(#3607,#3608,#3609,#3610));
#663=EDGE_LOOP('',(#3611,#3612,#3613));
#664=EDGE_LOOP('',(#3614,#3615,#3616));
#665=EDGE_LOOP('',(#3617,#3618,#3619,#3620));
#666=EDGE_LOOP('',(#3621,#3622,#3623,#3624));
#667=EDGE_LOOP('',(#3625,#3626,#3627,#3628));
#668=EDGE_LOOP('',(#3629,#3630,#3631,#3632));
#669=EDGE_LOOP('',(#3633,#3634,#3635,#3636));
#670=EDGE_LOOP('',(#3637,#3638,#3639,#3640));
#671=EDGE_LOOP('',(#3641));
#672=EDGE_LOOP('',(#3642,#3643,#3644));
#673=EDGE_LOOP('',(#3645,#3646,#3647,#3648,#3649,#3650,#3651,#3652));
#674=EDGE_LOOP('',(#3653));
#675=EDGE_LOOP('',(#3654,#3655));
#676=EDGE_LOOP('',(#3656,#3657,#3658,#3659));
#677=EDGE_LOOP('',(#3660,#3661,#3662,#3663,#3664,#3665,#3666,#3667,#3668,
#3669,#3670,#3671));
#678=EDGE_LOOP('',(#3672,#3673,#3674,#3675));
#679=EDGE_LOOP('',(#3676,#3677,#3678,#3679));
#680=EDGE_LOOP('',(#3680));
#681=EDGE_LOOP('',(#3681));
#682=EDGE_LOOP('',(#3682,#3683,#3684,#3685));
#683=EDGE_LOOP('',(#3686,#3687,#3688,#3689));
#684=EDGE_LOOP('',(#3690,#3691,#3692,#3693));
#685=EDGE_LOOP('',(#3694,#3695,#3696,#3697));
#686=EDGE_LOOP('',(#3698,#3699,#3700,#3701));
#687=EDGE_LOOP('',(#3702,#3703,#3704,#3705));
#688=EDGE_LOOP('',(#3706,#3707,#3708,#3709));
#689=EDGE_LOOP('',(#3710,#3711,#3712,#3713));
#690=EDGE_LOOP('',(#3714,#3715,#3716,#3717));
#691=EDGE_LOOP('',(#3718));
#692=EDGE_LOOP('',(#3719));
#693=EDGE_LOOP('',(#3720));
#694=EDGE_LOOP('',(#3721));
#695=EDGE_LOOP('',(#3722,#3723,#3724,#3725));
#696=EDGE_LOOP('',(#3726));
#697=EDGE_LOOP('',(#3727));
#698=EDGE_LOOP('',(#3728));
#699=EDGE_LOOP('',(#3729));
#700=EDGE_LOOP('',(#3730,#3731,#3732,#3733,#3734,#3735,#3736,#3737,#3738,
#3739,#3740,#3741,#3742));
#701=EDGE_LOOP('',(#3743,#3744,#3745,#3746));
#702=EDGE_LOOP('',(#3747,#3748,#3749,#3750,#3751,#3752,#3753,#3754,#3755,
#3756,#3757,#3758,#3759));
#703=EDGE_LOOP('',(#3760,#3761,#3762,#3763));
#704=EDGE_LOOP('',(#3764,#3765,#3766,#3767));
#705=EDGE_LOOP('',(#3768,#3769,#3770,#3771));
#706=EDGE_LOOP('',(#3772,#3773,#3774,#3775));
#707=EDGE_LOOP('',(#3776,#3777,#3778,#3779));
#708=EDGE_LOOP('',(#3780,#3781,#3782,#3783));
#709=EDGE_LOOP('',(#3784,#3785,#3786,#3787));
#710=EDGE_LOOP('',(#3788));
#711=EDGE_LOOP('',(#3789));
#712=EDGE_LOOP('',(#3790,#3791,#3792,#3793));
#713=EDGE_LOOP('',(#3794,#3795,#3796,#3797,#3798,#3799));
#714=EDGE_LOOP('',(#3800,#3801,#3802,#3803));
#715=EDGE_LOOP('',(#3804,#3805,#3806,#3807));
#716=EDGE_LOOP('',(#3808,#3809,#3810,#3811));
#717=EDGE_LOOP('',(#3812,#3813,#3814,#3815));
#718=EDGE_LOOP('',(#3816,#3817,#3818,#3819,#3820,#3821));
#719=EDGE_LOOP('',(#3822));
#720=EDGE_LOOP('',(#3823,#3824,#3825,#3826,#3827,#3828,#3829,#3830,#3831,
#3832,#3833,#3834));
#721=EDGE_LOOP('',(#3835,#3836,#3837,#3838,#3839,#3840,#3841,#3842));
#722=EDGE_LOOP('',(#3843,#3844,#3845,#3846));
#723=EDGE_LOOP('',(#3847,#3848,#3849,#3850,#3851,#3852,#3853,#3854));
#724=EDGE_LOOP('',(#3855,#3856,#3857,#3858));
#725=EDGE_LOOP('',(#3859));
#726=EDGE_LOOP('',(#3860,#3861,#3862,#3863,#3864,#3865,#3866,#3867));
#727=EDGE_LOOP('',(#3868,#3869,#3870,#3871));
#728=EDGE_LOOP('',(#3872));
#729=EDGE_LOOP('',(#3873,#3874,#3875,#3876));
#730=EDGE_LOOP('',(#3877));
#731=EDGE_LOOP('',(#3878));
#732=EDGE_LOOP('',(#3879,#3880,#3881,#3882));
#733=EDGE_LOOP('',(#3883));
#734=EDGE_LOOP('',(#3884,#3885,#3886,#3887,#3888,#3889));
#735=EDGE_LOOP('',(#3890,#3891,#3892,#3893));
#736=EDGE_LOOP('',(#3894));
#737=EDGE_LOOP('',(#3895,#3896,#3897,#3898,#3899,#3900));
#738=EDGE_LOOP('',(#3901,#3902,#3903,#3904));
#739=EDGE_LOOP('',(#3905,#3906,#3907));
#740=EDGE_LOOP('',(#3908,#3909,#3910));
#741=EDGE_LOOP('',(#3911,#3912,#3913,#3914));
#742=EDGE_LOOP('',(#3915,#3916,#3917));
#743=EDGE_LOOP('',(#3918,#3919,#3920));
#744=EDGE_LOOP('',(#3921,#3922,#3923,#3924));
#745=EDGE_LOOP('',(#3925,#3926,#3927,#3928));
#746=EDGE_LOOP('',(#3929,#3930,#3931,#3932));
#747=EDGE_LOOP('',(#3933,#3934));
#748=EDGE_LOOP('',(#3935,#3936,#3937,#3938));
#749=EDGE_LOOP('',(#3939,#3940,#3941,#3942));
#750=EDGE_LOOP('',(#3943));
#751=EDGE_LOOP('',(#3944));
#752=EDGE_LOOP('',(#3945,#3946,#3947,#3948));
#753=EDGE_LOOP('',(#3949));
#754=EDGE_LOOP('',(#3950,#3951,#3952,#3953));
#755=EDGE_LOOP('',(#3954,#3955,#3956,#3957));
#756=EDGE_LOOP('',(#3958,#3959,#3960,#3961));
#757=EDGE_LOOP('',(#3962,#3963,#3964,#3965));
#758=EDGE_LOOP('',(#3966,#3967,#3968,#3969));
#759=EDGE_LOOP('',(#3970));
#760=EDGE_LOOP('',(#3971,#3972,#3973,#3974));
#761=EDGE_LOOP('',(#3975,#3976,#3977,#3978,#3979,#3980,#3981,#3982,#3983,
#3984));
#762=EDGE_LOOP('',(#3985));
#763=EDGE_LOOP('',(#3986,#3987,#3988,#3989,#3990,#3991,#3992,#3993,#3994,
#3995));
#764=EDGE_LOOP('',(#3996));
#765=EDGE_LOOP('',(#3997,#3998,#3999,#4000));
#766=EDGE_LOOP('',(#4001,#4002,#4003,#4004));
#767=EDGE_LOOP('',(#4005,#4006,#4007,#4008));
#768=EDGE_LOOP('',(#4009,#4010,#4011,#4012));
#769=EDGE_LOOP('',(#4013,#4014,#4015,#4016));
#770=EDGE_LOOP('',(#4017,#4018,#4019,#4020,#4021,#4022,#4023,#4024,#4025,
#4026,#4027,#4028));
#771=EDGE_LOOP('',(#4029,#4030,#4031,#4032));
#772=EDGE_LOOP('',(#4033,#4034,#4035,#4036));
#773=EDGE_LOOP('',(#4037,#4038,#4039,#4040));
#774=EDGE_LOOP('',(#4041,#4042,#4043,#4044));
#775=EDGE_LOOP('',(#4045,#4046,#4047,#4048));
#776=EDGE_LOOP('',(#4049,#4050,#4051,#4052));
#777=EDGE_LOOP('',(#4053,#4054,#4055,#4056));
#778=EDGE_LOOP('',(#4057,#4058,#4059,#4060,#4061,#4062,#4063,#4064));
#779=EDGE_LOOP('',(#4065));
#780=EDGE_LOOP('',(#4066,#4067));
#781=EDGE_LOOP('',(#4068,#4069,#4070,#4071));
#782=EDGE_LOOP('',(#4072,#4073,#4074,#4075));
#783=EDGE_LOOP('',(#4076,#4077,#4078,#4079,#4080));
#784=EDGE_LOOP('',(#4081,#4082,#4083,#4084,#4085,#4086,#4087));
#785=EDGE_LOOP('',(#4088));
#786=EDGE_LOOP('',(#4089,#4090,#4091,#4092));
#787=EDGE_LOOP('',(#4093,#4094,#4095,#4096,#4097));
#788=EDGE_LOOP('',(#4098,#4099,#4100,#4101,#4102,#4103,#4104,#4105,#4106,
#4107));
#789=EDGE_LOOP('',(#4108,#4109,#4110,#4111));
#790=EDGE_LOOP('',(#4112,#4113,#4114,#4115));
#791=EDGE_LOOP('',(#4116,#4117,#4118,#4119,#4120,#4121));
#792=EDGE_LOOP('',(#4122));
#793=EDGE_LOOP('',(#4123,#4124,#4125,#4126,#4127));
#794=EDGE_LOOP('',(#4128));
#795=EDGE_LOOP('',(#4129,#4130,#4131,#4132,#4133,#4134));
#796=EDGE_LOOP('',(#4135,#4136,#4137,#4138));
#797=EDGE_LOOP('',(#4139,#4140,#4141,#4142,#4143));
#798=EDGE_LOOP('',(#4144));
#799=EDGE_LOOP('',(#4145,#4146,#4147,#4148));
#800=EDGE_LOOP('',(#4149,#4150,#4151,#4152));
#801=EDGE_LOOP('',(#4153,#4154,#4155,#4156,#4157,#4158,#4159,#4160,#4161,
#4162,#4163,#4164));
#802=EDGE_LOOP('',(#4165,#4166,#4167,#4168,#4169));
#803=EDGE_LOOP('',(#4170,#4171,#4172,#4173,#4174,#4175,#4176,#4177,#4178,
#4179,#4180,#4181));
#804=EDGE_LOOP('',(#4182,#4183,#4184,#4185));
#805=EDGE_LOOP('',(#4186,#4187,#4188,#4189));
#806=EDGE_LOOP('',(#4190));
#807=EDGE_LOOP('',(#4191,#4192,#4193,#4194));
#808=EDGE_LOOP('',(#4195));
#809=EDGE_LOOP('',(#4196,#4197,#4198,#4199,#4200,#4201));
#810=EDGE_LOOP('',(#4202,#4203,#4204,#4205));
#811=EDGE_LOOP('',(#4206,#4207,#4208,#4209,#4210,#4211,#4212));
#812=EDGE_LOOP('',(#4213));
#813=EDGE_LOOP('',(#4214,#4215,#4216,#4217));
#814=EDGE_LOOP('',(#4218,#4219,#4220,#4221));
#815=EDGE_LOOP('',(#4222,#4223,#4224,#4225));
#816=EDGE_LOOP('',(#4226,#4227,#4228,#4229));
#817=EDGE_LOOP('',(#4230,#4231,#4232,#4233));
#818=EDGE_LOOP('',(#4234,#4235,#4236,#4237));
#819=EDGE_LOOP('',(#4238,#4239,#4240,#4241));
#820=EDGE_LOOP('',(#4242,#4243,#4244,#4245));
#821=EDGE_LOOP('',(#4246,#4247,#4248,#4249));
#822=EDGE_LOOP('',(#4250,#4251,#4252,#4253,#4254,#4255));
#823=EDGE_LOOP('',(#4256,#4257,#4258,#4259));
#824=EDGE_LOOP('',(#4260,#4261,#4262,#4263));
#825=EDGE_LOOP('',(#4264));
#826=EDGE_LOOP('',(#4265,#4266,#4267,#4268,#4269,#4270,#4271));
#827=EDGE_LOOP('',(#4272,#4273,#4274,#4275));
#828=EDGE_LOOP('',(#4276,#4277,#4278,#4279));
#829=EDGE_LOOP('',(#4280,#4281,#4282,#4283));
#830=EDGE_LOOP('',(#4284,#4285,#4286,#4287));
#831=EDGE_LOOP('',(#4288,#4289,#4290,#4291));
#832=EDGE_LOOP('',(#4292,#4293,#4294,#4295));
#833=EDGE_LOOP('',(#4296,#4297,#4298,#4299));
#834=EDGE_LOOP('',(#4300,#4301,#4302,#4303));
#835=EDGE_LOOP('',(#4304,#4305,#4306,#4307));
#836=EDGE_LOOP('',(#4308,#4309,#4310,#4311,#4312));
#837=EDGE_LOOP('',(#4313,#4314,#4315,#4316));
#838=EDGE_LOOP('',(#4317,#4318,#4319,#4320,#4321));
#839=EDGE_LOOP('',(#4322,#4323,#4324,#4325));
#840=EDGE_LOOP('',(#4326,#4327,#4328,#4329));
#841=EDGE_LOOP('',(#4330,#4331,#4332,#4333));
#842=EDGE_LOOP('',(#4334,#4335,#4336,#4337,#4338,#4339,#4340,#4341));
#843=EDGE_LOOP('',(#4342,#4343,#4344,#4345));
#844=EDGE_LOOP('',(#4346,#4347,#4348,#4349));
#845=EDGE_LOOP('',(#4350,#4351,#4352,#4353,#4354,#4355,#4356,#4357));
#846=EDGE_LOOP('',(#4358,#4359,#4360,#4361,#4362,#4363,#4364,#4365));
#847=EDGE_LOOP('',(#4366));
#848=EDGE_LOOP('',(#4367,#4368,#4369,#4370));
#849=EDGE_LOOP('',(#4371,#4372,#4373,#4374));
#850=EDGE_LOOP('',(#4375,#4376,#4377,#4378));
#851=EDGE_LOOP('',(#4379,#4380,#4381,#4382));
#852=EDGE_LOOP('',(#4383,#4384,#4385,#4386,#4387,#4388,#4389,#4390));
#853=EDGE_LOOP('',(#4391));
#854=EDGE_LOOP('',(#4392,#4393,#4394,#4395));
#855=EDGE_LOOP('',(#4396,#4397,#4398,#4399));
#856=EDGE_LOOP('',(#4400,#4401,#4402,#4403));
#857=EDGE_LOOP('',(#4404,#4405,#4406,#4407));
#858=EDGE_LOOP('',(#4408,#4409,#4410,#4411));
#859=EDGE_LOOP('',(#4412,#4413,#4414,#4415));
#860=EDGE_LOOP('',(#4416,#4417,#4418,#4419));
#861=EDGE_LOOP('',(#4420,#4421,#4422,#4423));
#862=EDGE_LOOP('',(#4424,#4425,#4426,#4427,#4428,#4429,#4430,#4431));
#863=EDGE_LOOP('',(#4432,#4433,#4434,#4435));
#864=EDGE_LOOP('',(#4436,#4437,#4438,#4439));
#865=EDGE_LOOP('',(#4440,#4441,#4442,#4443));
#866=EDGE_LOOP('',(#4444,#4445,#4446,#4447));
#867=EDGE_LOOP('',(#4448,#4449,#4450,#4451));
#868=EDGE_LOOP('',(#4452,#4453,#4454,#4455));
#869=EDGE_LOOP('',(#4456,#4457,#4458,#4459));
#870=EDGE_LOOP('',(#4460,#4461,#4462,#4463,#4464,#4465));
#871=EDGE_LOOP('',(#4466,#4467,#4468,#4469));
#872=EDGE_LOOP('',(#4470,#4471,#4472,#4473));
#873=EDGE_LOOP('',(#4474,#4475,#4476,#4477));
#874=EDGE_LOOP('',(#4478,#4479,#4480,#4481,#4482,#4483,#4484,#4485));
#875=EDGE_LOOP('',(#4486));
#876=EDGE_LOOP('',(#4487,#4488,#4489,#4490));
#877=EDGE_LOOP('',(#4491,#4492,#4493,#4494,#4495));
#878=EDGE_LOOP('',(#4496));
#879=EDGE_LOOP('',(#4497,#4498,#4499,#4500));
#880=EDGE_LOOP('',(#4501));
#881=EDGE_LOOP('',(#4502,#4503,#4504,#4505,#4506,#4507,#4508,#4509));
#882=EDGE_LOOP('',(#4510));
#883=EDGE_LOOP('',(#4511,#4512,#4513,#4514));
#884=EDGE_LOOP('',(#4515,#4516,#4517,#4518,#4519));
#885=EDGE_LOOP('',(#4520));
#886=EDGE_LOOP('',(#4521,#4522,#4523,#4524));
#887=EDGE_LOOP('',(#4525));
#888=EDGE_LOOP('',(#4526));
#889=EDGE_LOOP('',(#4527));
#890=EDGE_LOOP('',(#4528,#4529,#4530,#4531));
#891=EDGE_LOOP('',(#4532));
#892=EDGE_LOOP('',(#4533));
#893=EDGE_LOOP('',(#4534,#4535,#4536,#4537));
#894=EDGE_LOOP('',(#4538,#4539,#4540,#4541));
#895=EDGE_LOOP('',(#4542,#4543,#4544,#4545));
#896=EDGE_LOOP('',(#4546,#4547,#4548,#4549,#4550,#4551,#4552,#4553));
#897=EDGE_LOOP('',(#4554,#4555,#4556,#4557));
#898=EDGE_LOOP('',(#4558,#4559,#4560,#4561));
#899=EDGE_LOOP('',(#4562,#4563,#4564,#4565,#4566));
#900=EDGE_LOOP('',(#4567));
#901=EDGE_LOOP('',(#4568));
#902=EDGE_LOOP('',(#4569));
#903=EDGE_LOOP('',(#4570,#4571,#4572,#4573,#4574,#4575,#4576,#4577));
#904=EDGE_LOOP('',(#4578));
#905=EDGE_LOOP('',(#4579,#4580,#4581,#4582));
#906=EDGE_LOOP('',(#4583,#4584,#4585,#4586));
#907=EDGE_LOOP('',(#4587,#4588,#4589,#4590));
#908=EDGE_LOOP('',(#4591,#4592,#4593,#4594));
#909=EDGE_LOOP('',(#4595,#4596,#4597,#4598));
#910=EDGE_LOOP('',(#4599,#4600,#4601,#4602,#4603,#4604,#4605));
#911=EDGE_LOOP('',(#4606,#4607,#4608,#4609));
#912=EDGE_LOOP('',(#4610,#4611,#4612,#4613));
#913=EDGE_LOOP('',(#4614,#4615,#4616,#4617));
#914=EDGE_LOOP('',(#4618,#4619,#4620,#4621));
#915=EDGE_LOOP('',(#4622,#4623,#4624,#4625,#4626,#4627,#4628,#4629));
#916=EDGE_LOOP('',(#4630));
#917=EDGE_LOOP('',(#4631));
#918=EDGE_LOOP('',(#4632,#4633,#4634,#4635));
#919=EDGE_LOOP('',(#4636,#4637,#4638,#4639));
#920=EDGE_LOOP('',(#4640,#4641,#4642,#4643));
#921=EDGE_LOOP('',(#4644,#4645,#4646,#4647));
#922=EDGE_LOOP('',(#4648,#4649,#4650,#4651));
#923=EDGE_LOOP('',(#4652,#4653,#4654,#4655));
#924=EDGE_LOOP('',(#4656,#4657,#4658,#4659));
#925=EDGE_LOOP('',(#4660,#4661,#4662,#4663));
#926=EDGE_LOOP('',(#4664,#4665,#4666,#4667));
#927=EDGE_LOOP('',(#4668,#4669,#4670,#4671));
#928=EDGE_LOOP('',(#4672,#4673,#4674,#4675));
#929=EDGE_LOOP('',(#4676,#4677,#4678,#4679));
#930=EDGE_LOOP('',(#4680,#4681,#4682,#4683,#4684,#4685));
#931=EDGE_LOOP('',(#4686));
#932=EDGE_LOOP('',(#4687));
#933=EDGE_LOOP('',(#4688));
#934=EDGE_LOOP('',(#4689,#4690,#4691));
#935=EDGE_LOOP('',(#4692,#4693,#4694,#4695,#4696,#4697));
#936=EDGE_LOOP('',(#4698));
#937=EDGE_LOOP('',(#4699));
#938=EDGE_LOOP('',(#4700));
#939=EDGE_LOOP('',(#4701,#4702,#4703));
#940=EDGE_LOOP('',(#4704,#4705,#4706,#4707));
#941=EDGE_LOOP('',(#4708,#4709,#4710,#4711));
#942=EDGE_LOOP('',(#4712,#4713,#4714,#4715));
#943=EDGE_LOOP('',(#4716,#4717,#4718,#4719));
#944=EDGE_LOOP('',(#4720,#4721,#4722,#4723));
#945=EDGE_LOOP('',(#4724,#4725,#4726,#4727));
#946=EDGE_LOOP('',(#4728,#4729,#4730,#4731));
#947=EDGE_LOOP('',(#4732,#4733,#4734,#4735));
#948=EDGE_LOOP('',(#4736,#4737,#4738,#4739));
#949=EDGE_LOOP('',(#4740,#4741,#4742,#4743,#4744));
#950=EDGE_LOOP('',(#4745));
#951=EDGE_LOOP('',(#4746));
#952=EDGE_LOOP('',(#4747));
#953=EDGE_LOOP('',(#4748));
#954=EDGE_LOOP('',(#4749,#4750,#4751,#4752,#4753));
#955=EDGE_LOOP('',(#4754));
#956=EDGE_LOOP('',(#4755));
#957=EDGE_LOOP('',(#4756));
#958=EDGE_LOOP('',(#4757));
#959=EDGE_LOOP('',(#4758));
#960=EDGE_LOOP('',(#4759));
#961=EDGE_LOOP('',(#4760,#4761,#4762,#4763));
#962=EDGE_LOOP('',(#4764));
#963=EDGE_LOOP('',(#4765,#4766,#4767,#4768));
#964=EDGE_LOOP('',(#4769,#4770,#4771,#4772));
#965=EDGE_LOOP('',(#4773,#4774,#4775,#4776));
#966=EDGE_LOOP('',(#4777,#4778,#4779,#4780,#4781,#4782,#4783,#4784));
#967=EDGE_LOOP('',(#4785,#4786,#4787,#4788));
#968=EDGE_LOOP('',(#4789,#4790,#4791,#4792));
#969=EDGE_LOOP('',(#4793,#4794,#4795,#4796,#4797));
#970=EDGE_LOOP('',(#4798));
#971=EDGE_LOOP('',(#4799));
#972=CIRCLE('',#5395,46.4996053384311);
#973=CIRCLE('',#5396,46.4996053384311);
#974=CIRCLE('',#5398,46.4996053384311);
#975=CIRCLE('',#5400,46.4996053384311);
#976=CIRCLE('',#5401,46.4996053384311);
#977=CIRCLE('',#5402,46.4996053384311);
#978=CIRCLE('',#5403,46.4996053384311);
#979=CIRCLE('',#5404,46.4996053384311);
#980=CIRCLE('',#5406,46.4996053384311);
#981=CIRCLE('',#5407,46.4996053384311);
#982=CIRCLE('',#5410,5.);
#983=CIRCLE('',#5411,2.40000000001);
#984=CIRCLE('',#5412,2.40000000001);
#985=CIRCLE('',#5413,1.6);
#986=CIRCLE('',#5415,2.40000000001);
#987=CIRCLE('',#5416,2.40000000001);
#988=CIRCLE('',#5418,1.5);
#989=CIRCLE('',#5419,1.5);
#990=CIRCLE('',#5422,34.1989770978145);
#991=CIRCLE('',#5424,1.5);
#992=CIRCLE('',#5425,1.5);
#993=CIRCLE('',#5429,34.1989770978145);
#994=CIRCLE('',#5434,2.40000000001);
#995=CIRCLE('',#5436,2.40000000001);
#996=CIRCLE('',#5438,2.40000000001);
#997=CIRCLE('',#5440,2.40000000001);
#998=CIRCLE('',#5442,2.40000000001);
#999=CIRCLE('',#5444,2.40000000001);
#1000=CIRCLE('',#5446,1.5);
#1001=CIRCLE('',#5448,1.5);
#1002=CIRCLE('',#5450,2.40000000001);
#1003=CIRCLE('',#5452,2.40000000001);
#1004=CIRCLE('',#5454,1.5);
#1005=CIRCLE('',#5456,1.5);
#1006=CIRCLE('',#5458,1.5);
#1007=CIRCLE('',#5460,1.5);
#1008=CIRCLE('',#5462,1.65);
#1009=CIRCLE('',#5463,1.65);
#1010=CIRCLE('',#5466,14.5000023283069);
#1011=CIRCLE('',#5467,14.5000023283069);
#1012=CIRCLE('',#5470,2.40000000001);
#1013=CIRCLE('',#5472,2.40000000001);
#1014=CIRCLE('',#5474,2.40000000001);
#1015=CIRCLE('',#5475,1.5);
#1016=CIRCLE('',#5477,2.40000000001);
#1017=CIRCLE('',#5478,1.5);
#1018=CIRCLE('',#5480,1.5);
#1019=CIRCLE('',#5482,1.5);
#1020=CIRCLE('',#5493,1.6);
#1021=CIRCLE('',#5496,5.);
#1022=CIRCLE('',#5505,1.5);
#1023=CIRCLE('',#5507,1.5);
#1024=CIRCLE('',#5516,1.6);
#1025=CIRCLE('',#5517,1.6);
#1026=CIRCLE('',#5519,1.6);
#1027=CIRCLE('',#5520,1.6);
#1028=CIRCLE('',#5522,1.6);
#1029=CIRCLE('',#5523,1.6);
#1030=CIRCLE('',#5525,1.6);
#1031=CIRCLE('',#5526,1.6);
#1032=CIRCLE('',#5544,2.40000000001);
#1033=CIRCLE('',#5545,2.40000000001);
#1034=CIRCLE('',#5547,6.40000000001001);
#1035=CIRCLE('',#5548,6.40000000001001);
#1036=CIRCLE('',#5550,10.00000000001);
#1037=CIRCLE('',#5551,10.00000000001);
#1038=CIRCLE('',#5552,10.00000000001);
#1039=CIRCLE('',#5553,10.00000000001);
#1040=CIRCLE('',#5555,2.40000000001);
#1041=CIRCLE('',#5557,2.40000000001);
#1042=CIRCLE('',#5558,2.40000000001);
#1043=CIRCLE('',#5560,2.40000000001);
#1044=CIRCLE('',#5561,2.40000000001);
#1045=CIRCLE('',#5563,2.40000000001);
#1046=CIRCLE('',#5565,1.00000000001);
#1047=CIRCLE('',#5566,1.00000000001);
#1048=CIRCLE('',#5568,1.00000000001);
#1049=CIRCLE('',#5569,5.18015572391572);
#1050=CIRCLE('',#5570,1.00000000001);
#1051=CIRCLE('',#5591,5.18015572391572);
#1052=CIRCLE('',#5596,2.93500000001);
#1053=CIRCLE('',#5598,2.93500000001);
#1054=CIRCLE('',#5602,6.75);
#1055=CIRCLE('',#5603,6.75);
#1056=CIRCLE('',#5606,4.);
#1057=CIRCLE('',#5607,4.);
#1058=CIRCLE('',#5610,2.);
#1059=CIRCLE('',#5613,493.955406636143);
#1060=CIRCLE('',#5614,163.715821189113);
#1061=CIRCLE('',#5615,166.669276093667);
#1062=CIRCLE('',#5616,17.712093827061);
#1063=CIRCLE('',#5617,2.);
#1064=CIRCLE('',#5619,493.955406636143);
#1065=CIRCLE('',#5620,17.712093827061);
#1066=CIRCLE('',#5621,166.669276093667);
#1067=CIRCLE('',#5622,163.715821189113);
#1068=CIRCLE('',#5623,2.);
#1069=CIRCLE('',#5628,17.712093827061);
#1070=CIRCLE('',#5630,17.712093827061);
#1071=CIRCLE('',#5632,166.669276093667);
#1072=CIRCLE('',#5633,166.669276093667);
#1073=CIRCLE('',#5634,166.669276093667);
#1074=CIRCLE('',#5635,166.669276093667);
#1075=CIRCLE('',#5644,163.715821189113);
#1076=CIRCLE('',#5645,493.955406636143);
#1077=CIRCLE('',#5646,12.5);
#1078=CIRCLE('',#5647,2.);
#1079=CIRCLE('',#5653,163.715821189113);
#1080=CIRCLE('',#5659,12.5);
#1081=CIRCLE('',#5661,12.5);
#1082=CIRCLE('',#5665,2.);
#1083=CIRCLE('',#5667,493.955406636143);
#1084=CIRCLE('',#5668,163.715821189113);
#1085=CIRCLE('',#5669,2.);
#1086=CIRCLE('',#5671,493.955406636143);
#1087=CIRCLE('',#5672,163.715821189113);
#1088=CIRCLE('',#5673,2.);
#1089=CIRCLE('',#5682,7.5);
#1090=CIRCLE('',#5683,2.);
#1091=CIRCLE('',#5685,17.5);
#1092=CIRCLE('',#5686,2.);
#1093=CIRCLE('',#5689,2.);
#1094=CIRCLE('',#5691,6.75);
#1095=CIRCLE('',#5692,4.);
#1096=CIRCLE('',#5697,6.75);
#1097=CIRCLE('',#5699,4.);
#1098=CIRCLE('',#5703,2.);
#1099=CIRCLE('',#5705,17.5);
#1100=CIRCLE('',#5708,7.5);
#1101=CIRCLE('',#5714,4.6);
#1102=CIRCLE('',#5716,4.6);
#1103=CIRCLE('',#5723,4.6);
#1104=CIRCLE('',#5725,4.6);
#1105=CIRCLE('',#5735,7.5);
#1106=CIRCLE('',#5736,1.6);
#1107=CIRCLE('',#5740,1.6);
#1108=CIRCLE('',#5741,1.6);
#1109=CIRCLE('',#5743,1.6);
#1110=CIRCLE('',#5745,7.5);
#1111=CIRCLE('',#5747,7.5);
#1112=CIRCLE('',#5749,7.5);
#1113=CIRCLE('',#5751,1.6);
#1114=CIRCLE('',#5752,1.6);
#1115=CIRCLE('',#5758,1.6);
#1116=CIRCLE('',#5759,1.6);
#1117=CIRCLE('',#5770,7.5);
#1118=CIRCLE('',#5771,7.5);
#1119=CIRCLE('',#5774,7.5);
#1120=CIRCLE('',#5775,7.5);
#1121=CIRCLE('',#5780,5.);
#1122=CIRCLE('',#5781,1.6);
#1123=CIRCLE('',#5783,5.);
#1124=CIRCLE('',#5784,5.);
#1125=CIRCLE('',#5785,1.6);
#1126=CIRCLE('',#5786,1.6);
#1127=CIRCLE('',#5788,1.6);
#1128=CIRCLE('',#5792,5.);
#1129=CIRCLE('',#5793,5.);
#1130=CIRCLE('',#5796,5.);
#1131=CIRCLE('',#5800,5.);
#1132=CIRCLE('',#5801,1.6);
#1133=CIRCLE('',#5803,5.);
#1134=CIRCLE('',#5804,5.);
#1135=CIRCLE('',#5805,1.6);
#1136=CIRCLE('',#5807,1.6);
#1137=CIRCLE('',#5809,1.6);
#1138=CIRCLE('',#5814,5.);
#1139=CIRCLE('',#5819,5.);
#1140=CIRCLE('',#5826,1.5);
#1141=CIRCLE('',#5827,1.5);
#1142=CIRCLE('',#5829,1.5);
#1143=CIRCLE('',#5830,1.5);
#1144=CIRCLE('',#5832,1.5);
#1145=CIRCLE('',#5833,1.5);
#1146=CIRCLE('',#5836,4.);
#1147=CIRCLE('',#5837,4.);
#1148=CIRCLE('',#5840,5.);
#1149=CIRCLE('',#5841,5.);
#1150=CIRCLE('',#5844,4.);
#1151=CIRCLE('',#5845,4.);
#1152=CIRCLE('',#5851,1.55);
#1153=CIRCLE('',#5852,1.55);
#1154=CIRCLE('',#5854,1.5);
#1155=CIRCLE('',#5855,1.5);
#1156=CIRCLE('',#5857,1.6);
#1157=CIRCLE('',#5858,1.6);
#1158=CIRCLE('',#5860,1.6);
#1159=CIRCLE('',#5861,1.6);
#1160=CIRCLE('',#5864,5.);
#1161=CIRCLE('',#5865,5.);
#1162=CIRCLE('',#5869,5.);
#1163=CIRCLE('',#5870,5.);
#1164=CIRCLE('',#5876,2.5);
#1165=CIRCLE('',#5877,1.6);
#1166=CIRCLE('',#5879,2.5);
#1167=CIRCLE('',#5880,2.50000069439426);
#1168=CIRCLE('',#5881,1.6);
#1169=CIRCLE('',#5883,1.6);
#1170=CIRCLE('',#5885,1.6);
#1171=CIRCLE('',#5888,2.5);
#1172=CIRCLE('',#5889,2.5);
#1173=CIRCLE('',#5892,2.50000069439426);
#1174=LINE('',#7434,#1672);
#1175=LINE('',#7436,#1673);
#1176=LINE('',#7441,#1674);
#1177=LINE('',#7445,#1675);
#1178=LINE('',#7447,#1676);
#1179=LINE('',#7450,#1677);
#1180=LINE('',#7453,#1678);
#1181=LINE('',#7455,#1679);
#1182=LINE('',#7458,#1680);
#1183=LINE('',#7462,#1681);
#1184=LINE('',#7466,#1682);
#1185=LINE('',#7469,#1683);
#1186=LINE('',#7471,#1684);
#1187=LINE('',#7475,#1685);
#1188=LINE('',#7479,#1686);
#1189=LINE('',#7483,#1687);
#1190=LINE('',#7488,#1688);
#1191=LINE('',#7490,#1689);
#1192=LINE('',#7492,#1690);
#1193=LINE('',#7497,#1691);
#1194=LINE('',#7498,#1692);
#1195=LINE('',#7502,#1693);
#1196=LINE('',#7504,#1694);
#1197=LINE('',#7506,#1695);
#1198=LINE('',#7507,#1696);
#1199=LINE('',#7509,#1697);
#1200=LINE('',#7513,#1698);
#1201=LINE('',#7519,#1699);
#1202=LINE('',#7523,#1700);
#1203=LINE('',#7533,#1701);
#1204=LINE('',#7534,#1702);
#1205=LINE('',#7535,#1703);
#1206=LINE('',#7541,#1704);
#1207=LINE('',#7545,#1705);
#1208=LINE('',#7553,#1706);
#1209=LINE('',#7557,#1707);
#1210=LINE('',#7564,#1708);
#1211=LINE('',#7565,#1709);
#1212=LINE('',#7569,#1710);
#1213=LINE('',#7575,#1711);
#1214=LINE('',#7581,#1712);
#1215=LINE('',#7582,#1713);
#1216=LINE('',#7588,#1714);
#1217=LINE('',#7593,#1715);
#1218=LINE('',#7594,#1716);
#1219=LINE('',#7597,#1717);
#1220=LINE('',#7598,#1718);
#1221=LINE('',#7602,#1719);
#1222=LINE('',#7622,#1720);
#1223=LINE('',#7626,#1721);
#1224=LINE('',#7642,#1722);
#1225=LINE('',#7646,#1723);
#1226=LINE('',#7651,#1724);
#1227=LINE('',#7655,#1725);
#1228=LINE('',#7658,#1726);
#1229=LINE('',#7662,#1727);
#1230=LINE('',#7668,#1728);
#1231=LINE('',#7673,#1729);
#1232=LINE('',#7675,#1730);
#1233=LINE('',#7677,#1731);
#1234=LINE('',#7678,#1732);
#1235=LINE('',#7683,#1733);
#1236=LINE('',#7688,#1734);
#1237=LINE('',#7689,#1735);
#1238=LINE('',#7690,#1736);
#1239=LINE('',#7714,#1737);
#1240=LINE('',#7718,#1738);
#1241=LINE('',#7720,#1739);
#1242=LINE('',#7721,#1740);
#1243=LINE('',#7724,#1741);
#1244=LINE('',#7725,#1742);
#1245=LINE('',#7728,#1743);
#1246=LINE('',#7729,#1744);
#1247=LINE('',#7731,#1745);
#1248=LINE('',#7733,#1746);
#1249=LINE('',#7735,#1747);
#1250=LINE('',#7740,#1748);
#1251=LINE('',#7743,#1749);
#1252=LINE('',#7745,#1750);
#1253=LINE('',#7746,#1751);
#1254=LINE('',#7750,#1752);
#1255=LINE('',#7752,#1753);
#1256=LINE('',#7755,#1754);
#1257=LINE('',#7756,#1755);
#1258=LINE('',#7758,#1756);
#1259=LINE('',#7760,#1757);
#1260=LINE('',#7762,#1758);
#1261=LINE('',#7764,#1759);
#1262=LINE('',#7766,#1760);
#1263=LINE('',#7770,#1761);
#1264=LINE('',#7774,#1762);
#1265=LINE('',#7777,#1763);
#1266=LINE('',#7782,#1764);
#1267=LINE('',#7788,#1765);
#1268=LINE('',#7794,#1766);
#1269=LINE('',#7800,#1767);
#1270=LINE('',#7806,#1768);
#1271=LINE('',#7811,#1769);
#1272=LINE('',#7813,#1770);
#1273=LINE('',#7815,#1771);
#1274=LINE('',#7816,#1772);
#1275=LINE('',#7819,#1773);
#1276=LINE('',#7821,#1774);
#1277=LINE('',#7822,#1775);
#1278=LINE('',#7825,#1776);
#1279=LINE('',#7827,#1777);
#1280=LINE('',#7828,#1778);
#1281=LINE('',#7830,#1779);
#1282=LINE('',#7831,#1780);
#1283=LINE('',#7838,#1781);
#1284=LINE('',#7840,#1782);
#1285=LINE('',#7842,#1783);
#1286=LINE('',#7844,#1784);
#1287=LINE('',#7846,#1785);
#1288=LINE('',#7848,#1786);
#1289=LINE('',#7850,#1787);
#1290=LINE('',#7852,#1788);
#1291=LINE('',#7854,#1789);
#1292=LINE('',#7856,#1790);
#1293=LINE('',#7858,#1791);
#1294=LINE('',#7860,#1792);
#1295=LINE('',#7861,#1793);
#1296=LINE('',#7865,#1794);
#1297=LINE('',#7866,#1795);
#1298=LINE('',#7867,#1796);
#1299=LINE('',#7871,#1797);
#1300=LINE('',#7872,#1798);
#1301=LINE('',#7874,#1799);
#1302=LINE('',#7876,#1800);
#1303=LINE('',#7878,#1801);
#1304=LINE('',#7880,#1802);
#1305=LINE('',#7882,#1803);
#1306=LINE('',#7884,#1804);
#1307=LINE('',#7886,#1805);
#1308=LINE('',#7888,#1806);
#1309=LINE('',#7890,#1807);
#1310=LINE('',#7891,#1808);
#1311=LINE('',#7893,#1809);
#1312=LINE('',#7894,#1810);
#1313=LINE('',#7898,#1811);
#1314=LINE('',#7900,#1812);
#1315=LINE('',#7902,#1813);
#1316=LINE('',#7903,#1814);
#1317=LINE('',#7905,#1815);
#1318=LINE('',#7906,#1816);
#1319=LINE('',#7908,#1817);
#1320=LINE('',#7910,#1818);
#1321=LINE('',#7913,#1819);
#1322=LINE('',#7922,#1820);
#1323=LINE('',#7929,#1821);
#1324=LINE('',#7934,#1822);
#1325=LINE('',#7937,#1823);
#1326=LINE('',#7943,#1824);
#1327=LINE('',#7949,#1825);
#1328=LINE('',#7953,#1826);
#1329=LINE('',#7957,#1827);
#1330=LINE('',#7961,#1828);
#1331=LINE('',#7964,#1829);
#1332=LINE('',#7967,#1830);
#1333=LINE('',#7971,#1831);
#1334=LINE('',#7975,#1832);
#1335=LINE('',#7978,#1833);
#1336=LINE('',#7979,#1834);
#1337=LINE('',#7981,#1835);
#1338=LINE('',#7983,#1836);
#1339=LINE('',#7985,#1837);
#1340=LINE('',#7986,#1838);
#1341=LINE('',#7987,#1839);
#1342=LINE('',#7989,#1840);
#1343=LINE('',#7993,#1841);
#1344=LINE('',#7994,#1842);
#1345=LINE('',#7996,#1843);
#1346=LINE('',#7998,#1844);
#1347=LINE('',#7999,#1845);
#1348=LINE('',#8002,#1846);
#1349=LINE('',#8003,#1847);
#1350=LINE('',#8007,#1848);
#1351=LINE('',#8009,#1849);
#1352=LINE('',#8011,#1850);
#1353=LINE('',#8012,#1851);
#1354=LINE('',#8013,#1852);
#1355=LINE('',#8016,#1853);
#1356=LINE('',#8017,#1854);
#1357=LINE('',#8019,#1855);
#1358=LINE('',#8022,#1856);
#1359=LINE('',#8023,#1857);
#1360=LINE('',#8025,#1858);
#1361=LINE('',#8028,#1859);
#1362=LINE('',#8029,#1860);
#1363=LINE('',#8031,#1861);
#1364=LINE('',#8033,#1862);
#1365=LINE('',#8034,#1863);
#1366=LINE('',#8038,#1864);
#1367=LINE('',#8039,#1865);
#1368=LINE('',#8043,#1866);
#1369=LINE('',#8045,#1867);
#1370=LINE('',#8056,#1868);
#1371=LINE('',#8065,#1869);
#1372=LINE('',#8068,#1870);
#1373=LINE('',#8071,#1871);
#1374=LINE('',#8073,#1872);
#1375=LINE('',#8074,#1873);
#1376=LINE('',#8079,#1874);
#1377=LINE('',#8082,#1875);
#1378=LINE('',#8083,#1876);
#1379=LINE('',#8090,#1877);
#1380=LINE('',#8092,#1878);
#1381=LINE('',#8094,#1879);
#1382=LINE('',#8095,#1880);
#1383=LINE('',#8101,#1881);
#1384=LINE('',#8103,#1882);
#1385=LINE('',#8105,#1883);
#1386=LINE('',#8110,#1884);
#1387=LINE('',#8113,#1885);
#1388=LINE('',#8121,#1886);
#1389=LINE('',#8125,#1887);
#1390=LINE('',#8130,#1888);
#1391=LINE('',#8132,#1889);
#1392=LINE('',#8133,#1890);
#1393=LINE('',#8137,#1891);
#1394=LINE('',#8138,#1892);
#1395=LINE('',#8141,#1893);
#1396=LINE('',#8143,#1894);
#1397=LINE('',#8144,#1895);
#1398=LINE('',#8147,#1896);
#1399=LINE('',#8149,#1897);
#1400=LINE('',#8150,#1898);
#1401=LINE('',#8154,#1899);
#1402=LINE('',#8157,#1900);
#1403=LINE('',#8161,#1901);
#1404=LINE('',#8165,#1902);
#1405=LINE('',#8169,#1903);
#1406=LINE('',#8173,#1904);
#1407=LINE('',#8176,#1905);
#1408=LINE('',#8178,#1906);
#1409=LINE('',#8180,#1907);
#1410=LINE('',#8183,#1908);
#1411=LINE('',#8185,#1909);
#1412=LINE('',#8186,#1910);
#1413=LINE('',#8189,#1911);
#1414=LINE('',#8191,#1912);
#1415=LINE('',#8192,#1913);
#1416=LINE('',#8195,#1914);
#1417=LINE('',#8196,#1915);
#1418=LINE('',#8199,#1916);
#1419=LINE('',#8200,#1917);
#1420=LINE('',#8202,#1918);
#1421=LINE('',#8205,#1919);
#1422=LINE('',#8209,#1920);
#1423=LINE('',#8211,#1921);
#1424=LINE('',#8213,#1922);
#1425=LINE('',#8223,#1923);
#1426=LINE('',#8226,#1924);
#1427=LINE('',#8228,#1925);
#1428=LINE('',#8229,#1926);
#1429=LINE('',#8232,#1927);
#1430=LINE('',#8233,#1928);
#1431=LINE('',#8236,#1929);
#1432=LINE('',#8238,#1930);
#1433=LINE('',#8244,#1931);
#1434=LINE('',#8245,#1932);
#1435=LINE('',#8250,#1933);
#1436=LINE('',#8255,#1934);
#1437=LINE('',#8258,#1935);
#1438=LINE('',#8259,#1936);
#1439=LINE('',#8261,#1937);
#1440=LINE('',#8262,#1938);
#1441=LINE('',#8265,#1939);
#1442=LINE('',#8266,#1940);
#1443=LINE('',#8270,#1941);
#1444=LINE('',#8280,#1942);
#1445=LINE('',#8284,#1943);
#1446=LINE('',#8286,#1944);
#1447=LINE('',#8288,#1945);
#1448=LINE('',#8295,#1946);
#1449=LINE('',#8297,#1947);
#1450=LINE('',#8299,#1948);
#1451=LINE('',#8300,#1949);
#1452=LINE('',#8303,#1950);
#1453=LINE('',#8306,#1951);
#1454=LINE('',#8311,#1952);
#1455=LINE('',#8314,#1953);
#1456=LINE('',#8319,#1954);
#1457=LINE('',#8321,#1955);
#1458=LINE('',#8322,#1956);
#1459=LINE('',#8326,#1957);
#1460=LINE('',#8330,#1958);
#1461=LINE('',#8334,#1959);
#1462=LINE('',#8336,#1960);
#1463=LINE('',#8338,#1961);
#1464=LINE('',#8341,#1962);
#1465=LINE('',#8344,#1963);
#1466=LINE('',#8346,#1964);
#1467=LINE('',#8347,#1965);
#1468=LINE('',#8350,#1966);
#1469=LINE('',#8351,#1967);
#1470=LINE('',#8354,#1968);
#1471=LINE('',#8355,#1969);
#1472=LINE('',#8358,#1970);
#1473=LINE('',#8363,#1971);
#1474=LINE('',#8366,#1972);
#1475=LINE('',#8367,#1973);
#1476=LINE('',#8369,#1974);
#1477=LINE('',#8373,#1975);
#1478=LINE('',#8377,#1976);
#1479=LINE('',#8380,#1977);
#1480=LINE('',#8381,#1978);
#1481=LINE('',#8389,#1979);
#1482=LINE('',#8391,#1980);
#1483=LINE('',#8393,#1981);
#1484=LINE('',#8394,#1982);
#1485=LINE('',#8398,#1983);
#1486=LINE('',#8400,#1984);
#1487=LINE('',#8402,#1985);
#1488=LINE('',#8403,#1986);
#1489=LINE('',#8405,#1987);
#1490=LINE('',#8410,#1988);
#1491=LINE('',#8415,#1989);
#1492=LINE('',#8417,#1990);
#1493=LINE('',#8419,#1991);
#1494=LINE('',#8420,#1992);
#1495=LINE('',#8424,#1993);
#1496=LINE('',#8426,#1994);
#1497=LINE('',#8428,#1995);
#1498=LINE('',#8429,#1996);
#1499=LINE('',#8432,#1997);
#1500=LINE('',#8434,#1998);
#1501=LINE('',#8435,#1999);
#1502=LINE('',#8438,#2000);
#1503=LINE('',#8442,#2001);
#1504=LINE('',#8447,#2002);
#1505=LINE('',#8449,#2003);
#1506=LINE('',#8451,#2004);
#1507=LINE('',#8452,#2005);
#1508=LINE('',#8456,#2006);
#1509=LINE('',#8458,#2007);
#1510=LINE('',#8460,#2008);
#1511=LINE('',#8461,#2009);
#1512=LINE('',#8464,#2010);
#1513=LINE('',#8466,#2011);
#1514=LINE('',#8468,#2012);
#1515=LINE('',#8470,#2013);
#1516=LINE('',#8472,#2014);
#1517=LINE('',#8474,#2015);
#1518=LINE('',#8475,#2016);
#1519=LINE('',#8478,#2017);
#1520=LINE('',#8480,#2018);
#1521=LINE('',#8481,#2019);
#1522=LINE('',#8484,#2020);
#1523=LINE('',#8486,#2021);
#1524=LINE('',#8487,#2022);
#1525=LINE('',#8490,#2023);
#1526=LINE('',#8492,#2024);
#1527=LINE('',#8494,#2025);
#1528=LINE('',#8496,#2026);
#1529=LINE('',#8498,#2027);
#1530=LINE('',#8500,#2028);
#1531=LINE('',#8501,#2029);
#1532=LINE('',#8505,#2030);
#1533=LINE('',#8506,#2031);
#1534=LINE('',#8511,#2032);
#1535=LINE('',#8513,#2033);
#1536=LINE('',#8514,#2034);
#1537=LINE('',#8517,#2035);
#1538=LINE('',#8519,#2036);
#1539=LINE('',#8521,#2037);
#1540=LINE('',#8522,#2038);
#1541=LINE('',#8527,#2039);
#1542=LINE('',#8532,#2040);
#1543=LINE('',#8535,#2041);
#1544=LINE('',#8544,#2042);
#1545=LINE('',#8549,#2043);
#1546=LINE('',#8551,#2044);
#1547=LINE('',#8553,#2045);
#1548=LINE('',#8554,#2046);
#1549=LINE('',#8557,#2047);
#1550=LINE('',#8559,#2048);
#1551=LINE('',#8560,#2049);
#1552=LINE('',#8563,#2050);
#1553=LINE('',#8565,#2051);
#1554=LINE('',#8566,#2052);
#1555=LINE('',#8568,#2053);
#1556=LINE('',#8569,#2054);
#1557=LINE('',#8574,#2055);
#1558=LINE('',#8578,#2056);
#1559=LINE('',#8580,#2057);
#1560=LINE('',#8581,#2058);
#1561=LINE('',#8584,#2059);
#1562=LINE('',#8586,#2060);
#1563=LINE('',#8587,#2061);
#1564=LINE('',#8589,#2062);
#1565=LINE('',#8590,#2063);
#1566=LINE('',#8594,#2064);
#1567=LINE('',#8596,#2065);
#1568=LINE('',#8598,#2066);
#1569=LINE('',#8599,#2067);
#1570=LINE('',#8602,#2068);
#1571=LINE('',#8604,#2069);
#1572=LINE('',#8605,#2070);
#1573=LINE('',#8608,#2071);
#1574=LINE('',#8610,#2072);
#1575=LINE('',#8611,#2073);
#1576=LINE('',#8613,#2074);
#1577=LINE('',#8614,#2075);
#1578=LINE('',#8618,#2076);
#1579=LINE('',#8620,#2077);
#1580=LINE('',#8622,#2078);
#1581=LINE('',#8623,#2079);
#1582=LINE('',#8625,#2080);
#1583=LINE('',#8626,#2081);
#1584=LINE('',#8632,#2082);
#1585=LINE('',#8635,#2083);
#1586=LINE('',#8637,#2084);
#1587=LINE('',#8638,#2085);
#1588=LINE('',#8655,#2086);
#1589=LINE('',#8658,#2087);
#1590=LINE('',#8666,#2088);
#1591=LINE('',#8668,#2089);
#1592=LINE('',#8671,#2090);
#1593=LINE('',#8673,#2091);
#1594=LINE('',#8674,#2092);
#1595=LINE('',#8677,#2093);
#1596=LINE('',#8680,#2094);
#1597=LINE('',#8684,#2095);
#1598=LINE('',#8685,#2096);
#1599=LINE('',#8700,#2097);
#1600=LINE('',#8702,#2098);
#1601=LINE('',#8704,#2099);
#1602=LINE('',#8708,#2100);
#1603=LINE('',#8710,#2101);
#1604=LINE('',#8711,#2102);
#1605=LINE('',#8717,#2103);
#1606=LINE('',#8721,#2104);
#1607=LINE('',#8724,#2105);
#1608=LINE('',#8726,#2106);
#1609=LINE('',#8727,#2107);
#1610=LINE('',#8730,#2108);
#1611=LINE('',#8731,#2109);
#1612=LINE('',#8734,#2110);
#1613=LINE('',#8735,#2111);
#1614=LINE('',#8739,#2112);
#1615=LINE('',#8740,#2113);
#1616=LINE('',#8743,#2114);
#1617=LINE('',#8744,#2115);
#1618=LINE('',#8747,#2116);
#1619=LINE('',#8748,#2117);
#1620=LINE('',#8751,#2118);
#1621=LINE('',#8752,#2119);
#1622=LINE('',#8760,#2120);
#1623=LINE('',#8762,#2121);
#1624=LINE('',#8764,#2122);
#1625=LINE('',#8765,#2123);
#1626=LINE('',#8768,#2124);
#1627=LINE('',#8770,#2125);
#1628=LINE('',#8771,#2126);
#1629=LINE('',#8773,#2127);
#1630=LINE('',#8774,#2128);
#1631=LINE('',#8779,#2129);
#1632=LINE('',#8785,#2130);
#1633=LINE('',#8791,#2131);
#1634=LINE('',#8796,#2132);
#1635=LINE('',#8798,#2133);
#1636=LINE('',#8800,#2134);
#1637=LINE('',#8801,#2135);
#1638=LINE('',#8807,#2136);
#1639=LINE('',#8810,#2137);
#1640=LINE('',#8812,#2138);
#1641=LINE('',#8813,#2139);
#1642=LINE('',#8819,#2140);
#1643=LINE('',#8822,#2141);
#1644=LINE('',#8824,#2142);
#1645=LINE('',#8825,#2143);
#1646=LINE('',#8837,#2144);
#1647=LINE('',#8843,#2145);
#1648=LINE('',#8849,#2146);
#1649=LINE('',#8855,#2147);
#1650=LINE('',#8860,#2148);
#1651=LINE('',#8862,#2149);
#1652=LINE('',#8864,#2150);
#1653=LINE('',#8865,#2151);
#1654=LINE('',#8871,#2152);
#1655=LINE('',#8874,#2153);
#1656=LINE('',#8876,#2154);
#1657=LINE('',#8877,#2155);
#1658=LINE('',#8880,#2156);
#1659=LINE('',#8882,#2157);
#1660=LINE('',#8883,#2158);
#1661=LINE('',#8901,#2159);
#1662=LINE('',#8904,#2160);
#1663=LINE('',#8909,#2161);
#1664=LINE('',#8913,#2162);
#1665=LINE('',#8918,#2163);
#1666=LINE('',#8919,#2164);
#1667=LINE('',#8920,#2165);
#1668=LINE('',#8923,#2166);
#1669=LINE('',#8926,#2167);
#1670=LINE('',#8930,#2168);
#1671=LINE('',#8931,#2169);
#1672=VECTOR('',#5911,10.);
#1673=VECTOR('',#5912,10.);
#1674=VECTOR('',#5917,10.);
#1675=VECTOR('',#5920,10.);
#1676=VECTOR('',#5921,10.);
#1677=VECTOR('',#5924,10.);
#1678=VECTOR('',#5927,10.);
#1679=VECTOR('',#5928,46.4996053384311);
#1680=VECTOR('',#5931,10.);
#1681=VECTOR('',#5934,10.);
#1682=VECTOR('',#5937,10.);
#1683=VECTOR('',#5940,10.);
#1684=VECTOR('',#5941,10.);
#1685=VECTOR('',#5944,10.);
#1686=VECTOR('',#5947,10.);
#1687=VECTOR('',#5950,10.);
#1688=VECTOR('',#5955,10.);
#1689=VECTOR('',#5956,10.);
#1690=VECTOR('',#5957,10.);
#1691=VECTOR('',#5958,10.);
#1692=VECTOR('',#5959,10.);
#1693=VECTOR('',#5962,10.);
#1694=VECTOR('',#5963,10.);
#1695=VECTOR('',#5964,10.);
#1696=VECTOR('',#5965,10.);
#1697=VECTOR('',#5966,10.);
#1698=VECTOR('',#5969,10.);
#1699=VECTOR('',#5970,10.);
#1700=VECTOR('',#5971,10.);
#1701=VECTOR('',#5980,10.);
#1702=VECTOR('',#5981,10.);
#1703=VECTOR('',#5982,10.);
#1704=VECTOR('',#5983,10.);
#1705=VECTOR('',#5984,10.);
#1706=VECTOR('',#5991,10.);
#1707=VECTOR('',#5992,10.);
#1708=VECTOR('',#5999,10.);
#1709=VECTOR('',#6000,10.);
#1710=VECTOR('',#6001,10.);
#1711=VECTOR('',#6008,10.);
#1712=VECTOR('',#6009,10.);
#1713=VECTOR('',#6010,10.);
#1714=VECTOR('',#6017,10.);
#1715=VECTOR('',#6018,10.);
#1716=VECTOR('',#6019,10.);
#1717=VECTOR('',#6022,10.);
#1718=VECTOR('',#6023,10.);
#1719=VECTOR('',#6024,10.);
#1720=VECTOR('',#6045,2.40000000001);
#1721=VECTOR('',#6050,2.40000000001);
#1722=VECTOR('',#6071,2.40000000001);
#1723=VECTOR('',#6076,2.40000000001);
#1724=VECTOR('',#6083,1.5);
#1725=VECTOR('',#6088,1.5);
#1726=VECTOR('',#6091,1.5);
#1727=VECTOR('',#6096,1.5);
#1728=VECTOR('',#6103,1.65);
#1729=VECTOR('',#6108,10.);
#1730=VECTOR('',#6109,10.);
#1731=VECTOR('',#6110,10.);
#1732=VECTOR('',#6111,10.);
#1733=VECTOR('',#6116,10.);
#1734=VECTOR('',#6121,10.);
#1735=VECTOR('',#6122,10.);
#1736=VECTOR('',#6123,10.);
#1737=VECTOR('',#6154,10.);
#1738=VECTOR('',#6159,10.);
#1739=VECTOR('',#6160,10.);
#1740=VECTOR('',#6161,10.);
#1741=VECTOR('',#6164,10.);
#1742=VECTOR('',#6165,10.);
#1743=VECTOR('',#6168,10.);
#1744=VECTOR('',#6169,10.);
#1745=VECTOR('',#6172,10.);
#1746=VECTOR('',#6175,2.40000000001);
#1747=VECTOR('',#6178,2.40000000001);
#1748=VECTOR('',#6185,1.6);
#1749=VECTOR('',#6188,10.);
#1750=VECTOR('',#6189,10.);
#1751=VECTOR('',#6190,10.);
#1752=VECTOR('',#6195,10.);
#1753=VECTOR('',#6198,10.);
#1754=VECTOR('',#6201,10.);
#1755=VECTOR('',#6202,10.);
#1756=VECTOR('',#6205,10.);
#1757=VECTOR('',#6208,2.40000000001);
#1758=VECTOR('',#6211,2.40000000001);
#1759=VECTOR('',#6214,1.5);
#1760=VECTOR('',#6217,1.5);
#1761=VECTOR('',#6222,1.5);
#1762=VECTOR('',#6227,1.5);
#1763=VECTOR('',#6232,10.);
#1764=VECTOR('',#6241,10.);
#1765=VECTOR('',#6248,1.6);
#1766=VECTOR('',#6255,1.6);
#1767=VECTOR('',#6262,1.6);
#1768=VECTOR('',#6269,1.6);
#1769=VECTOR('',#6274,10.);
#1770=VECTOR('',#6275,10.);
#1771=VECTOR('',#6276,10.);
#1772=VECTOR('',#6277,10.);
#1773=VECTOR('',#6280,10.);
#1774=VECTOR('',#6281,10.);
#1775=VECTOR('',#6282,10.);
#1776=VECTOR('',#6285,10.);
#1777=VECTOR('',#6286,10.);
#1778=VECTOR('',#6287,10.);
#1779=VECTOR('',#6290,10.);
#1780=VECTOR('',#6291,10.);
#1781=VECTOR('',#6300,1000.);
#1782=VECTOR('',#6301,1000.);
#1783=VECTOR('',#6302,1000.);
#1784=VECTOR('',#6303,1000.);
#1785=VECTOR('',#6304,1000.);
#1786=VECTOR('',#6305,1000.);
#1787=VECTOR('',#6306,1000.);
#1788=VECTOR('',#6307,1000.);
#1789=VECTOR('',#6308,1000.);
#1790=VECTOR('',#6309,1000.);
#1791=VECTOR('',#6310,1000.);
#1792=VECTOR('',#6311,1000.);
#1793=VECTOR('',#6312,1000.);
#1794=VECTOR('',#6315,1000.);
#1795=VECTOR('',#6316,1000.);
#1796=VECTOR('',#6317,1000.);
#1797=VECTOR('',#6320,1000.);
#1798=VECTOR('',#6321,1000.);
#1799=VECTOR('',#6322,1000.);
#1800=VECTOR('',#6323,1000.);
#1801=VECTOR('',#6324,1000.);
#1802=VECTOR('',#6325,1000.);
#1803=VECTOR('',#6326,1000.);
#1804=VECTOR('',#6327,1000.);
#1805=VECTOR('',#6328,1000.);
#1806=VECTOR('',#6329,1000.);
#1807=VECTOR('',#6330,1000.);
#1808=VECTOR('',#6331,1000.);
#1809=VECTOR('',#6334,1000.);
#1810=VECTOR('',#6335,1000.);
#1811=VECTOR('',#6338,1000.);
#1812=VECTOR('',#6339,1000.);
#1813=VECTOR('',#6340,1000.);
#1814=VECTOR('',#6341,1000.);
#1815=VECTOR('',#6344,1000.);
#1816=VECTOR('',#6345,1000.);
#1817=VECTOR('',#6348,1000.);
#1818=VECTOR('',#6351,1000.);
#1819=VECTOR('',#6356,1000.);
#1820=VECTOR('',#6365,6.4);
#1821=VECTOR('',#6372,1000.);
#1822=VECTOR('',#6379,1000.);
#1823=VECTOR('',#6382,2.4);
#1824=VECTOR('',#6389,2.4);
#1825=VECTOR('',#6396,2.4);
#1826=VECTOR('',#6401,2.4);
#1827=VECTOR('',#6406,1000.);
#1828=VECTOR('',#6409,1000.);
#1829=VECTOR('',#6412,1000.);
#1830=VECTOR('',#6415,1000.);
#1831=VECTOR('',#6418,1000.);
#1832=VECTOR('',#6421,1000.);
#1833=VECTOR('',#6424,1000.);
#1834=VECTOR('',#6425,1000.);
#1835=VECTOR('',#6428,1000.);
#1836=VECTOR('',#6429,1000.);
#1837=VECTOR('',#6430,1000.);
#1838=VECTOR('',#6431,1000.);
#1839=VECTOR('',#6432,1000.);
#1840=VECTOR('',#6435,1000.);
#1841=VECTOR('',#6438,1000.);
#1842=VECTOR('',#6439,1000.);
#1843=VECTOR('',#6440,1000.);
#1844=VECTOR('',#6441,1000.);
#1845=VECTOR('',#6442,1000.);
#1846=VECTOR('',#6445,1000.);
#1847=VECTOR('',#6446,1000.);
#1848=VECTOR('',#6449,1000.);
#1849=VECTOR('',#6450,1000.);
#1850=VECTOR('',#6451,1000.);
#1851=VECTOR('',#6452,1000.);
#1852=VECTOR('',#6453,1000.);
#1853=VECTOR('',#6456,1000.);
#1854=VECTOR('',#6457,1000.);
#1855=VECTOR('',#6460,1000.);
#1856=VECTOR('',#6463,1000.);
#1857=VECTOR('',#6464,1000.);
#1858=VECTOR('',#6467,1000.);
#1859=VECTOR('',#6470,1000.);
#1860=VECTOR('',#6471,1000.);
#1861=VECTOR('',#6474,1000.);
#1862=VECTOR('',#6477,1000.);
#1863=VECTOR('',#6478,1000.);
#1864=VECTOR('',#6485,1000.);
#1865=VECTOR('',#6486,1000.);
#1866=VECTOR('',#6493,1000.);
#1867=VECTOR('',#6496,1000.);
#1868=VECTOR('',#6513,2.935);
#1869=VECTOR('',#6524,10.);
#1870=VECTOR('',#6527,10.);
#1871=VECTOR('',#6530,10.);
#1872=VECTOR('',#6531,10.);
#1873=VECTOR('',#6532,10.);
#1874=VECTOR('',#6537,10.);
#1875=VECTOR('',#6542,10.);
#1876=VECTOR('',#6543,10.);
#1877=VECTOR('',#6550,10.);
#1878=VECTOR('',#6551,10.);
#1879=VECTOR('',#6552,10.);
#1880=VECTOR('',#6553,10.);
#1881=VECTOR('',#6558,10.);
#1882=VECTOR('',#6559,10.);
#1883=VECTOR('',#6560,10.);
#1884=VECTOR('',#6565,10.);
#1885=VECTOR('',#6568,10.);
#1886=VECTOR('',#6575,10.);
#1887=VECTOR('',#6578,10.);
#1888=VECTOR('',#6583,10.);
#1889=VECTOR('',#6584,10.);
#1890=VECTOR('',#6585,10.);
#1891=VECTOR('',#6590,10.);
#1892=VECTOR('',#6591,10.);
#1893=VECTOR('',#6594,10.);
#1894=VECTOR('',#6595,10.);
#1895=VECTOR('',#6596,10.);
#1896=VECTOR('',#6599,10.);
#1897=VECTOR('',#6600,10.);
#1898=VECTOR('',#6601,10.);
#1899=VECTOR('',#6606,10.);
#1900=VECTOR('',#6609,10.);
#1901=VECTOR('',#6614,10.);
#1902=VECTOR('',#6617,10.);
#1903=VECTOR('',#6620,10.);
#1904=VECTOR('',#6623,10.);
#1905=VECTOR('',#6626,10.);
#1906=VECTOR('',#6629,10.);
#1907=VECTOR('',#6632,10.);
#1908=VECTOR('',#6635,10.);
#1909=VECTOR('',#6636,10.);
#1910=VECTOR('',#6637,10.);
#1911=VECTOR('',#6640,10.);
#1912=VECTOR('',#6641,10.);
#1913=VECTOR('',#6642,10.);
#1914=VECTOR('',#6645,10.);
#1915=VECTOR('',#6646,10.);
#1916=VECTOR('',#6649,10.);
#1917=VECTOR('',#6650,10.);
#1918=VECTOR('',#6653,2.);
#1919=VECTOR('',#6656,10.);
#1920=VECTOR('',#6659,10.);
#1921=VECTOR('',#6660,10.);
#1922=VECTOR('',#6661,10.);
#1923=VECTOR('',#6672,10.);
#1924=VECTOR('',#6675,10.);
#1925=VECTOR('',#6676,10.);
#1926=VECTOR('',#6677,10.);
#1927=VECTOR('',#6680,10.);
#1928=VECTOR('',#6681,10.);
#1929=VECTOR('',#6684,10.);
#1930=VECTOR('',#6685,10.);
#1931=VECTOR('',#6694,10.);
#1932=VECTOR('',#6695,10.);
#1933=VECTOR('',#6700,10.);
#1934=VECTOR('',#6707,10.);
#1935=VECTOR('',#6710,10.);
#1936=VECTOR('',#6711,10.);
#1937=VECTOR('',#6712,10.);
#1938=VECTOR('',#6713,10.);
#1939=VECTOR('',#6716,10.);
#1940=VECTOR('',#6717,10.);
#1941=VECTOR('',#6722,2.);
#1942=VECTOR('',#6737,10.);
#1943=VECTOR('',#6742,2.);
#1944=VECTOR('',#6745,2.);
#1945=VECTOR('',#6748,10.);
#1946=VECTOR('',#6757,10.);
#1947=VECTOR('',#6758,10.);
#1948=VECTOR('',#6759,10.);
#1949=VECTOR('',#6760,10.);
#1950=VECTOR('',#6763,10.);
#1951=VECTOR('',#6766,10.);
#1952=VECTOR('',#6771,10.);
#1953=VECTOR('',#6774,10.);
#1954=VECTOR('',#6779,10.);
#1955=VECTOR('',#6780,10.);
#1956=VECTOR('',#6781,10.);
#1957=VECTOR('',#6786,2.);
#1958=VECTOR('',#6789,10.);
#1959=VECTOR('',#6792,10.);
#1960=VECTOR('',#6793,10.);
#1961=VECTOR('',#6794,10.);
#1962=VECTOR('',#6797,10.);
#1963=VECTOR('',#6800,10.);
#1964=VECTOR('',#6801,10.);
#1965=VECTOR('',#6802,10.);
#1966=VECTOR('',#6805,10.);
#1967=VECTOR('',#6806,10.);
#1968=VECTOR('',#6809,10.);
#1969=VECTOR('',#6810,10.);
#1970=VECTOR('',#6813,10.);
#1971=VECTOR('',#6820,10.);
#1972=VECTOR('',#6823,10.);
#1973=VECTOR('',#6824,10.);
#1974=VECTOR('',#6827,10.);
#1975=VECTOR('',#6832,2.);
#1976=VECTOR('',#6837,10.);
#1977=VECTOR('',#6840,10.);
#1978=VECTOR('',#6841,10.);
#1979=VECTOR('',#6852,10.);
#1980=VECTOR('',#6853,10.);
#1981=VECTOR('',#6854,10.);
#1982=VECTOR('',#6855,10.);
#1983=VECTOR('',#6858,10.);
#1984=VECTOR('',#6859,10.);
#1985=VECTOR('',#6860,10.);
#1986=VECTOR('',#6861,10.);
#1987=VECTOR('',#6864,10.);
#1988=VECTOR('',#6873,10.);
#1989=VECTOR('',#6878,10.);
#1990=VECTOR('',#6879,10.);
#1991=VECTOR('',#6880,10.);
#1992=VECTOR('',#6881,10.);
#1993=VECTOR('',#6884,10.);
#1994=VECTOR('',#6885,10.);
#1995=VECTOR('',#6886,10.);
#1996=VECTOR('',#6887,10.);
#1997=VECTOR('',#6890,10.);
#1998=VECTOR('',#6891,10.);
#1999=VECTOR('',#6892,10.);
#2000=VECTOR('',#6897,10.);
#2001=VECTOR('',#6904,10.);
#2002=VECTOR('',#6909,10.);
#2003=VECTOR('',#6910,10.);
#2004=VECTOR('',#6911,10.);
#2005=VECTOR('',#6912,10.);
#2006=VECTOR('',#6915,10.);
#2007=VECTOR('',#6916,10.);
#2008=VECTOR('',#6917,10.);
#2009=VECTOR('',#6918,10.);
#2010=VECTOR('',#6921,10.);
#2011=VECTOR('',#6922,10.);
#2012=VECTOR('',#6923,10.);
#2013=VECTOR('',#6924,10.);
#2014=VECTOR('',#6925,10.);
#2015=VECTOR('',#6926,10.);
#2016=VECTOR('',#6927,10.);
#2017=VECTOR('',#6930,10.);
#2018=VECTOR('',#6931,10.);
#2019=VECTOR('',#6932,10.);
#2020=VECTOR('',#6935,10.);
#2021=VECTOR('',#6936,10.);
#2022=VECTOR('',#6937,10.);
#2023=VECTOR('',#6940,10.);
#2024=VECTOR('',#6941,10.);
#2025=VECTOR('',#6942,10.);
#2026=VECTOR('',#6943,10.);
#2027=VECTOR('',#6944,10.);
#2028=VECTOR('',#6945,10.);
#2029=VECTOR('',#6946,10.);
#2030=VECTOR('',#6951,10.);
#2031=VECTOR('',#6952,10.);
#2032=VECTOR('',#6957,10.);
#2033=VECTOR('',#6958,10.);
#2034=VECTOR('',#6959,10.);
#2035=VECTOR('',#6962,10.);
#2036=VECTOR('',#6963,10.);
#2037=VECTOR('',#6964,10.);
#2038=VECTOR('',#6965,10.);
#2039=VECTOR('',#6970,1.6);
#2040=VECTOR('',#6977,1.6);
#2041=VECTOR('',#6982,10.);
#2042=VECTOR('',#6995,1.6);
#2043=VECTOR('',#7000,10.);
#2044=VECTOR('',#7001,10.);
#2045=VECTOR('',#7002,10.);
#2046=VECTOR('',#7003,10.);
#2047=VECTOR('',#7006,10.);
#2048=VECTOR('',#7007,10.);
#2049=VECTOR('',#7008,10.);
#2050=VECTOR('',#7011,10.);
#2051=VECTOR('',#7012,10.);
#2052=VECTOR('',#7013,10.);
#2053=VECTOR('',#7016,10.);
#2054=VECTOR('',#7017,10.);
#2055=VECTOR('',#7022,1.6);
#2056=VECTOR('',#7027,10.);
#2057=VECTOR('',#7028,10.);
#2058=VECTOR('',#7029,10.);
#2059=VECTOR('',#7032,10.);
#2060=VECTOR('',#7033,10.);
#2061=VECTOR('',#7034,10.);
#2062=VECTOR('',#7037,10.);
#2063=VECTOR('',#7038,10.);
#2064=VECTOR('',#7041,10.);
#2065=VECTOR('',#7042,10.);
#2066=VECTOR('',#7043,10.);
#2067=VECTOR('',#7044,10.);
#2068=VECTOR('',#7047,10.);
#2069=VECTOR('',#7048,10.);
#2070=VECTOR('',#7049,10.);
#2071=VECTOR('',#7052,10.);
#2072=VECTOR('',#7053,10.);
#2073=VECTOR('',#7054,10.);
#2074=VECTOR('',#7057,10.);
#2075=VECTOR('',#7058,10.);
#2076=VECTOR('',#7061,10.);
#2077=VECTOR('',#7062,10.);
#2078=VECTOR('',#7063,10.);
#2079=VECTOR('',#7064,10.);
#2080=VECTOR('',#7067,10.);
#2081=VECTOR('',#7068,10.);
#2082=VECTOR('',#7075,10.);
#2083=VECTOR('',#7078,10.);
#2084=VECTOR('',#7079,10.);
#2085=VECTOR('',#7080,10.);
#2086=VECTOR('',#7103,10.);
#2087=VECTOR('',#7106,10.);
#2088=VECTOR('',#7115,1.6);
#2089=VECTOR('',#7118,1.6);
#2090=VECTOR('',#7121,10.);
#2091=VECTOR('',#7122,10.);
#2092=VECTOR('',#7123,10.);
#2093=VECTOR('',#7126,5.);
#2094=VECTOR('',#7129,10.);
#2095=VECTOR('',#7134,10.);
#2096=VECTOR('',#7135,10.);
#2097=VECTOR('',#7154,10.);
#2098=VECTOR('',#7155,10.);
#2099=VECTOR('',#7156,10.);
#2100=VECTOR('',#7159,10.);
#2101=VECTOR('',#7160,10.);
#2102=VECTOR('',#7161,10.);
#2103=VECTOR('',#7168,1.6);
#2104=VECTOR('',#7173,1.6);
#2105=VECTOR('',#7176,10.);
#2106=VECTOR('',#7177,10.);
#2107=VECTOR('',#7178,10.);
#2108=VECTOR('',#7181,10.);
#2109=VECTOR('',#7182,10.);
#2110=VECTOR('',#7185,10.);
#2111=VECTOR('',#7186,10.);
#2112=VECTOR('',#7191,10.);
#2113=VECTOR('',#7192,5.);
#2114=VECTOR('',#7195,10.);
#2115=VECTOR('',#7196,10.);
#2116=VECTOR('',#7199,10.);
#2117=VECTOR('',#7200,10.);
#2118=VECTOR('',#7203,10.);
#2119=VECTOR('',#7204,10.);
#2120=VECTOR('',#7215,10.);
#2121=VECTOR('',#7216,10.);
#2122=VECTOR('',#7217,10.);
#2123=VECTOR('',#7218,10.);
#2124=VECTOR('',#7221,10.);
#2125=VECTOR('',#7222,10.);
#2126=VECTOR('',#7223,10.);
#2127=VECTOR('',#7226,10.);
#2128=VECTOR('',#7227,10.);
#2129=VECTOR('',#7232,1.5);
#2130=VECTOR('',#7239,1.5);
#2131=VECTOR('',#7246,1.5);
#2132=VECTOR('',#7251,10.);
#2133=VECTOR('',#7252,10.);
#2134=VECTOR('',#7253,10.);
#2135=VECTOR('',#7254,10.);
#2136=VECTOR('',#7261,10.);
#2137=VECTOR('',#7264,10.);
#2138=VECTOR('',#7265,10.);
#2139=VECTOR('',#7266,10.);
#2140=VECTOR('',#7273,10.);
#2141=VECTOR('',#7276,10.);
#2142=VECTOR('',#7277,10.);
#2143=VECTOR('',#7278,10.);
#2144=VECTOR('',#7297,1.55);
#2145=VECTOR('',#7304,1.5);
#2146=VECTOR('',#7311,1.6);
#2147=VECTOR('',#7318,1.6);
#2148=VECTOR('',#7323,10.);
#2149=VECTOR('',#7324,10.);
#2150=VECTOR('',#7325,10.);
#2151=VECTOR('',#7326,10.);
#2152=VECTOR('',#7333,10.);
#2153=VECTOR('',#7336,10.);
#2154=VECTOR('',#7337,10.);
#2155=VECTOR('',#7338,10.);
#2156=VECTOR('',#7341,10.);
#2157=VECTOR('',#7342,10.);
#2158=VECTOR('',#7343,10.);
#2159=VECTOR('',#7368,10.);
#2160=VECTOR('',#7371,10.);
#2161=VECTOR('',#7376,1.6);
#2162=VECTOR('',#7381,1.6);
#2163=VECTOR('',#7386,10.);
#2164=VECTOR('',#7387,10.);
#2165=VECTOR('',#7388,10.);
#2166=VECTOR('',#7391,2.5);
#2167=VECTOR('',#7394,10.);
#2168=VECTOR('',#7399,10.);
#2169=VECTOR('',#7400,10.);
#2170=VERTEX_POINT('',#7432);
#2171=VERTEX_POINT('',#7433);
#2172=VERTEX_POINT('',#7435);
#2173=VERTEX_POINT('',#7437);
#2174=VERTEX_POINT('',#7439);
#2175=VERTEX_POINT('',#7443);
#2176=VERTEX_POINT('',#7444);
#2177=VERTEX_POINT('',#7446);
#2178=VERTEX_POINT('',#7448);
#2179=VERTEX_POINT('',#7452);
#2180=VERTEX_POINT('',#7454);
#2181=VERTEX_POINT('',#7457);
#2182=VERTEX_POINT('',#7459);
#2183=VERTEX_POINT('',#7461);
#2184=VERTEX_POINT('',#7463);
#2185=VERTEX_POINT('',#7465);
#2186=VERTEX_POINT('',#7467);
#2187=VERTEX_POINT('',#7470);
#2188=VERTEX_POINT('',#7472);
#2189=VERTEX_POINT('',#7474);
#2190=VERTEX_POINT('',#7476);
#2191=VERTEX_POINT('',#7478);
#2192=VERTEX_POINT('',#7480);
#2193=VERTEX_POINT('',#7482);
#2194=VERTEX_POINT('',#7486);
#2195=VERTEX_POINT('',#7487);
#2196=VERTEX_POINT('',#7489);
#2197=VERTEX_POINT('',#7491);
#2198=VERTEX_POINT('',#7496);
#2199=VERTEX_POINT('',#7500);
#2200=VERTEX_POINT('',#7501);
#2201=VERTEX_POINT('',#7503);
#2202=VERTEX_POINT('',#7505);
#2203=VERTEX_POINT('',#7508);
#2204=VERTEX_POINT('',#7510);
#2205=VERTEX_POINT('',#7512);
#2206=VERTEX_POINT('',#7514);
#2207=VERTEX_POINT('',#7518);
#2208=VERTEX_POINT('',#7524);
#2209=VERTEX_POINT('',#7526);
#2210=VERTEX_POINT('',#7528);
#2211=VERTEX_POINT('',#7531);
#2212=VERTEX_POINT('',#7532);
#2213=VERTEX_POINT('',#7536);
#2214=VERTEX_POINT('',#7540);
#2215=VERTEX_POINT('',#7546);
#2216=VERTEX_POINT('',#7548);
#2217=VERTEX_POINT('',#7551);
#2218=VERTEX_POINT('',#7552);
#2219=VERTEX_POINT('',#7558);
#2220=VERTEX_POINT('',#7560);
#2221=VERTEX_POINT('',#7563);
#2222=VERTEX_POINT('',#7573);
#2223=VERTEX_POINT('',#7574);
#2224=VERTEX_POINT('',#7576);
#2225=VERTEX_POINT('',#7580);
#2226=VERTEX_POINT('',#7583);
#2227=VERTEX_POINT('',#7585);
#2228=VERTEX_POINT('',#7592);
#2229=VERTEX_POINT('',#7596);
#2230=VERTEX_POINT('',#7605);
#2231=VERTEX_POINT('',#7607);
#2232=VERTEX_POINT('',#7609);
#2233=VERTEX_POINT('',#7615);
#2234=VERTEX_POINT('',#7618);
#2235=VERTEX_POINT('',#7621);
#2236=VERTEX_POINT('',#7625);
#2237=VERTEX_POINT('',#7629);
#2238=VERTEX_POINT('',#7632);
#2239=VERTEX_POINT('',#7635);
#2240=VERTEX_POINT('',#7638);
#2241=VERTEX_POINT('',#7641);
#2242=VERTEX_POINT('',#7645);
#2243=VERTEX_POINT('',#7649);
#2244=VERTEX_POINT('',#7653);
#2245=VERTEX_POINT('',#7657);
#2246=VERTEX_POINT('',#7661);
#2247=VERTEX_POINT('',#7665);
#2248=VERTEX_POINT('',#7667);
#2249=VERTEX_POINT('',#7671);
#2250=VERTEX_POINT('',#7672);
#2251=VERTEX_POINT('',#7674);
#2252=VERTEX_POINT('',#7676);
#2253=VERTEX_POINT('',#7680);
#2254=VERTEX_POINT('',#7682);
#2255=VERTEX_POINT('',#7686);
#2256=VERTEX_POINT('',#7687);
#2257=VERTEX_POINT('',#7692);
#2258=VERTEX_POINT('',#7695);
#2259=VERTEX_POINT('',#7698);
#2260=VERTEX_POINT('',#7700);
#2261=VERTEX_POINT('',#7703);
#2262=VERTEX_POINT('',#7705);
#2263=VERTEX_POINT('',#7708);
#2264=VERTEX_POINT('',#7711);
#2265=VERTEX_POINT('',#7717);
#2266=VERTEX_POINT('',#7719);
#2267=VERTEX_POINT('',#7723);
#2268=VERTEX_POINT('',#7727);
#2269=VERTEX_POINT('',#7738);
#2270=VERTEX_POINT('',#7742);
#2271=VERTEX_POINT('',#7744);
#2272=VERTEX_POINT('',#7748);
#2273=VERTEX_POINT('',#7754);
#2274=VERTEX_POINT('',#7768);
#2275=VERTEX_POINT('',#7772);
#2276=VERTEX_POINT('',#7785);
#2277=VERTEX_POINT('',#7787);
#2278=VERTEX_POINT('',#7791);
#2279=VERTEX_POINT('',#7793);
#2280=VERTEX_POINT('',#7797);
#2281=VERTEX_POINT('',#7799);
#2282=VERTEX_POINT('',#7803);
#2283=VERTEX_POINT('',#7805);
#2284=VERTEX_POINT('',#7809);
#2285=VERTEX_POINT('',#7810);
#2286=VERTEX_POINT('',#7812);
#2287=VERTEX_POINT('',#7814);
#2288=VERTEX_POINT('',#7818);
#2289=VERTEX_POINT('',#7820);
#2290=VERTEX_POINT('',#7824);
#2291=VERTEX_POINT('',#7826);
#2292=VERTEX_POINT('',#7836);
#2293=VERTEX_POINT('',#7837);
#2294=VERTEX_POINT('',#7839);
#2295=VERTEX_POINT('',#7841);
#2296=VERTEX_POINT('',#7843);
#2297=VERTEX_POINT('',#7845);
#2298=VERTEX_POINT('',#7847);
#2299=VERTEX_POINT('',#7849);
#2300=VERTEX_POINT('',#7851);
#2301=VERTEX_POINT('',#7853);
#2302=VERTEX_POINT('',#7855);
#2303=VERTEX_POINT('',#7857);
#2304=VERTEX_POINT('',#7859);
#2305=VERTEX_POINT('',#7863);
#2306=VERTEX_POINT('',#7864);
#2307=VERTEX_POINT('',#7869);
#2308=VERTEX_POINT('',#7870);
#2309=VERTEX_POINT('',#7873);
#2310=VERTEX_POINT('',#7875);
#2311=VERTEX_POINT('',#7877);
#2312=VERTEX_POINT('',#7879);
#2313=VERTEX_POINT('',#7881);
#2314=VERTEX_POINT('',#7883);
#2315=VERTEX_POINT('',#7885);
#2316=VERTEX_POINT('',#7887);
#2317=VERTEX_POINT('',#7889);
#2318=VERTEX_POINT('',#7896);
#2319=VERTEX_POINT('',#7897);
#2320=VERTEX_POINT('',#7899);
#2321=VERTEX_POINT('',#7901);
#2322=VERTEX_POINT('',#7914);
#2323=VERTEX_POINT('',#7916);
#2324=VERTEX_POINT('',#7919);
#2325=VERTEX_POINT('',#7921);
#2326=VERTEX_POINT('',#7925);
#2327=VERTEX_POINT('',#7926);
#2328=VERTEX_POINT('',#7928);
#2329=VERTEX_POINT('',#7932);
#2330=VERTEX_POINT('',#7936);
#2331=VERTEX_POINT('',#7940);
#2332=VERTEX_POINT('',#7942);
#2333=VERTEX_POINT('',#7946);
#2334=VERTEX_POINT('',#7948);
#2335=VERTEX_POINT('',#7952);
#2336=VERTEX_POINT('',#7956);
#2337=VERTEX_POINT('',#7958);
#2338=VERTEX_POINT('',#7960);
#2339=VERTEX_POINT('',#7962);
#2340=VERTEX_POINT('',#7966);
#2341=VERTEX_POINT('',#7968);
#2342=VERTEX_POINT('',#7970);
#2343=VERTEX_POINT('',#7972);
#2344=VERTEX_POINT('',#7974);
#2345=VERTEX_POINT('',#7976);
#2346=VERTEX_POINT('',#7982);
#2347=VERTEX_POINT('',#7984);
#2348=VERTEX_POINT('',#7991);
#2349=VERTEX_POINT('',#7992);
#2350=VERTEX_POINT('',#7995);
#2351=VERTEX_POINT('',#7997);
#2352=VERTEX_POINT('',#8001);
#2353=VERTEX_POINT('',#8005);
#2354=VERTEX_POINT('',#8006);
#2355=VERTEX_POINT('',#8008);
#2356=VERTEX_POINT('',#8010);
#2357=VERTEX_POINT('',#8015);
#2358=VERTEX_POINT('',#8021);
#2359=VERTEX_POINT('',#8027);
#2360=VERTEX_POINT('',#8052);
#2361=VERTEX_POINT('',#8055);
#2362=VERTEX_POINT('',#8061);
#2363=VERTEX_POINT('',#8062);
#2364=VERTEX_POINT('',#8064);
#2365=VERTEX_POINT('',#8066);
#2366=VERTEX_POINT('',#8070);
#2367=VERTEX_POINT('',#8072);
#2368=VERTEX_POINT('',#8076);
#2369=VERTEX_POINT('',#8078);
#2370=VERTEX_POINT('',#8085);
#2371=VERTEX_POINT('',#8088);
#2372=VERTEX_POINT('',#8089);
#2373=VERTEX_POINT('',#8091);
#2374=VERTEX_POINT('',#8093);
#2375=VERTEX_POINT('',#8097);
#2376=VERTEX_POINT('',#8098);
#2377=VERTEX_POINT('',#8100);
#2378=VERTEX_POINT('',#8102);
#2379=VERTEX_POINT('',#8104);
#2380=VERTEX_POINT('',#8107);
#2381=VERTEX_POINT('',#8109);
#2382=VERTEX_POINT('',#8111);
#2383=VERTEX_POINT('',#8114);
#2384=VERTEX_POINT('',#8117);
#2385=VERTEX_POINT('',#8118);
#2386=VERTEX_POINT('',#8120);
#2387=VERTEX_POINT('',#8122);
#2388=VERTEX_POINT('',#8124);
#2389=VERTEX_POINT('',#8127);
#2390=VERTEX_POINT('',#8129);
#2391=VERTEX_POINT('',#8131);
#2392=VERTEX_POINT('',#8134);
#2393=VERTEX_POINT('',#8140);
#2394=VERTEX_POINT('',#8142);
#2395=VERTEX_POINT('',#8146);
#2396=VERTEX_POINT('',#8148);
#2397=VERTEX_POINT('',#8152);
#2398=VERTEX_POINT('',#8156);
#2399=VERTEX_POINT('',#8160);
#2400=VERTEX_POINT('',#8162);
#2401=VERTEX_POINT('',#8164);
#2402=VERTEX_POINT('',#8166);
#2403=VERTEX_POINT('',#8168);
#2404=VERTEX_POINT('',#8170);
#2405=VERTEX_POINT('',#8172);
#2406=VERTEX_POINT('',#8174);
#2407=VERTEX_POINT('',#8182);
#2408=VERTEX_POINT('',#8184);
#2409=VERTEX_POINT('',#8188);
#2410=VERTEX_POINT('',#8190);
#2411=VERTEX_POINT('',#8194);
#2412=VERTEX_POINT('',#8198);
#2413=VERTEX_POINT('',#8204);
#2414=VERTEX_POINT('',#8206);
#2415=VERTEX_POINT('',#8208);
#2416=VERTEX_POINT('',#8210);
#2417=VERTEX_POINT('',#8212);
#2418=VERTEX_POINT('',#8214);
#2419=VERTEX_POINT('',#8217);
#2420=VERTEX_POINT('',#8220);
#2421=VERTEX_POINT('',#8221);
#2422=VERTEX_POINT('',#8225);
#2423=VERTEX_POINT('',#8227);
#2424=VERTEX_POINT('',#8231);
#2425=VERTEX_POINT('',#8235);
#2426=VERTEX_POINT('',#8237);
#2427=VERTEX_POINT('',#8243);
#2428=VERTEX_POINT('',#8246);
#2429=VERTEX_POINT('',#8249);
#2430=VERTEX_POINT('',#8253);
#2431=VERTEX_POINT('',#8257);
#2432=VERTEX_POINT('',#8260);
#2433=VERTEX_POINT('',#8264);
#2434=VERTEX_POINT('',#8268);
#2435=VERTEX_POINT('',#8274);
#2436=VERTEX_POINT('',#8278);
#2437=VERTEX_POINT('',#8281);
#2438=VERTEX_POINT('',#8293);
#2439=VERTEX_POINT('',#8294);
#2440=VERTEX_POINT('',#8296);
#2441=VERTEX_POINT('',#8298);
#2442=VERTEX_POINT('',#8302);
#2443=VERTEX_POINT('',#8304);
#2444=VERTEX_POINT('',#8307);
#2445=VERTEX_POINT('',#8310);
#2446=VERTEX_POINT('',#8312);
#2447=VERTEX_POINT('',#8315);
#2448=VERTEX_POINT('',#8318);
#2449=VERTEX_POINT('',#8320);
#2450=VERTEX_POINT('',#8324);
#2451=VERTEX_POINT('',#8328);
#2452=VERTEX_POINT('',#8329);
#2453=VERTEX_POINT('',#8331);
#2454=VERTEX_POINT('',#8333);
#2455=VERTEX_POINT('',#8335);
#2456=VERTEX_POINT('',#8337);
#2457=VERTEX_POINT('',#8339);
#2458=VERTEX_POINT('',#8343);
#2459=VERTEX_POINT('',#8345);
#2460=VERTEX_POINT('',#8349);
#2461=VERTEX_POINT('',#8353);
#2462=VERTEX_POINT('',#8357);
#2463=VERTEX_POINT('',#8361);
#2464=VERTEX_POINT('',#8365);
#2465=VERTEX_POINT('',#8371);
#2466=VERTEX_POINT('',#8375);
#2467=VERTEX_POINT('',#8379);
#2468=VERTEX_POINT('',#8387);
#2469=VERTEX_POINT('',#8388);
#2470=VERTEX_POINT('',#8390);
#2471=VERTEX_POINT('',#8392);
#2472=VERTEX_POINT('',#8396);
#2473=VERTEX_POINT('',#8397);
#2474=VERTEX_POINT('',#8399);
#2475=VERTEX_POINT('',#8401);
#2476=VERTEX_POINT('',#8413);
#2477=VERTEX_POINT('',#8414);
#2478=VERTEX_POINT('',#8416);
#2479=VERTEX_POINT('',#8418);
#2480=VERTEX_POINT('',#8422);
#2481=VERTEX_POINT('',#8423);
#2482=VERTEX_POINT('',#8425);
#2483=VERTEX_POINT('',#8427);
#2484=VERTEX_POINT('',#8431);
#2485=VERTEX_POINT('',#8433);
#2486=VERTEX_POINT('',#8445);
#2487=VERTEX_POINT('',#8446);
#2488=VERTEX_POINT('',#8448);
#2489=VERTEX_POINT('',#8450);
#2490=VERTEX_POINT('',#8454);
#2491=VERTEX_POINT('',#8455);
#2492=VERTEX_POINT('',#8457);
#2493=VERTEX_POINT('',#8459);
#2494=VERTEX_POINT('',#8463);
#2495=VERTEX_POINT('',#8465);
#2496=VERTEX_POINT('',#8467);
#2497=VERTEX_POINT('',#8469);
#2498=VERTEX_POINT('',#8471);
#2499=VERTEX_POINT('',#8473);
#2500=VERTEX_POINT('',#8477);
#2501=VERTEX_POINT('',#8479);
#2502=VERTEX_POINT('',#8483);
#2503=VERTEX_POINT('',#8485);
#2504=VERTEX_POINT('',#8489);
#2505=VERTEX_POINT('',#8491);
#2506=VERTEX_POINT('',#8493);
#2507=VERTEX_POINT('',#8495);
#2508=VERTEX_POINT('',#8497);
#2509=VERTEX_POINT('',#8499);
#2510=VERTEX_POINT('',#8503);
#2511=VERTEX_POINT('',#8507);
#2512=VERTEX_POINT('',#8510);
#2513=VERTEX_POINT('',#8512);
#2514=VERTEX_POINT('',#8516);
#2515=VERTEX_POINT('',#8518);
#2516=VERTEX_POINT('',#8520);
#2517=VERTEX_POINT('',#8524);
#2518=VERTEX_POINT('',#8526);
#2519=VERTEX_POINT('',#8530);
#2520=VERTEX_POINT('',#8541);
#2521=VERTEX_POINT('',#8543);
#2522=VERTEX_POINT('',#8547);
#2523=VERTEX_POINT('',#8548);
#2524=VERTEX_POINT('',#8550);
#2525=VERTEX_POINT('',#8552);
#2526=VERTEX_POINT('',#8556);
#2527=VERTEX_POINT('',#8558);
#2528=VERTEX_POINT('',#8562);
#2529=VERTEX_POINT('',#8564);
#2530=VERTEX_POINT('',#8571);
#2531=VERTEX_POINT('',#8573);
#2532=VERTEX_POINT('',#8577);
#2533=VERTEX_POINT('',#8579);
#2534=VERTEX_POINT('',#8583);
#2535=VERTEX_POINT('',#8585);
#2536=VERTEX_POINT('',#8592);
#2537=VERTEX_POINT('',#8593);
#2538=VERTEX_POINT('',#8595);
#2539=VERTEX_POINT('',#8597);
#2540=VERTEX_POINT('',#8601);
#2541=VERTEX_POINT('',#8603);
#2542=VERTEX_POINT('',#8607);
#2543=VERTEX_POINT('',#8609);
#2544=VERTEX_POINT('',#8616);
#2545=VERTEX_POINT('',#8617);
#2546=VERTEX_POINT('',#8619);
#2547=VERTEX_POINT('',#8621);
#2548=VERTEX_POINT('',#8628);
#2549=VERTEX_POINT('',#8630);
#2550=VERTEX_POINT('',#8634);
#2551=VERTEX_POINT('',#8636);
#2552=VERTEX_POINT('',#8646);
#2553=VERTEX_POINT('',#8648);
#2554=VERTEX_POINT('',#8651);
#2555=VERTEX_POINT('',#8652);
#2556=VERTEX_POINT('',#8654);
#2557=VERTEX_POINT('',#8656);
#2558=VERTEX_POINT('',#8659);
#2559=VERTEX_POINT('',#8661);
#2560=VERTEX_POINT('',#8664);
#2561=VERTEX_POINT('',#8670);
#2562=VERTEX_POINT('',#8672);
#2563=VERTEX_POINT('',#8676);
#2564=VERTEX_POINT('',#8678);
#2565=VERTEX_POINT('',#8683);
#2566=VERTEX_POINT('',#8691);
#2567=VERTEX_POINT('',#8693);
#2568=VERTEX_POINT('',#8696);
#2569=VERTEX_POINT('',#8697);
#2570=VERTEX_POINT('',#8699);
#2571=VERTEX_POINT('',#8701);
#2572=VERTEX_POINT('',#8703);
#2573=VERTEX_POINT('',#8705);
#2574=VERTEX_POINT('',#8707);
#2575=VERTEX_POINT('',#8709);
#2576=VERTEX_POINT('',#8712);
#2577=VERTEX_POINT('',#8715);
#2578=VERTEX_POINT('',#8719);
#2579=VERTEX_POINT('',#8723);
#2580=VERTEX_POINT('',#8725);
#2581=VERTEX_POINT('',#8729);
#2582=VERTEX_POINT('',#8733);
#2583=VERTEX_POINT('',#8737);
#2584=VERTEX_POINT('',#8742);
#2585=VERTEX_POINT('',#8746);
#2586=VERTEX_POINT('',#8750);
#2587=VERTEX_POINT('',#8758);
#2588=VERTEX_POINT('',#8759);
#2589=VERTEX_POINT('',#8761);
#2590=VERTEX_POINT('',#8763);
#2591=VERTEX_POINT('',#8767);
#2592=VERTEX_POINT('',#8769);
#2593=VERTEX_POINT('',#8776);
#2594=VERTEX_POINT('',#8778);
#2595=VERTEX_POINT('',#8782);
#2596=VERTEX_POINT('',#8784);
#2597=VERTEX_POINT('',#8788);
#2598=VERTEX_POINT('',#8790);
#2599=VERTEX_POINT('',#8794);
#2600=VERTEX_POINT('',#8795);
#2601=VERTEX_POINT('',#8797);
#2602=VERTEX_POINT('',#8799);
#2603=VERTEX_POINT('',#8803);
#2604=VERTEX_POINT('',#8805);
#2605=VERTEX_POINT('',#8809);
#2606=VERTEX_POINT('',#8811);
#2607=VERTEX_POINT('',#8815);
#2608=VERTEX_POINT('',#8817);
#2609=VERTEX_POINT('',#8821);
#2610=VERTEX_POINT('',#8823);
#2611=VERTEX_POINT('',#8834);
#2612=VERTEX_POINT('',#8836);
#2613=VERTEX_POINT('',#8840);
#2614=VERTEX_POINT('',#8842);
#2615=VERTEX_POINT('',#8846);
#2616=VERTEX_POINT('',#8848);
#2617=VERTEX_POINT('',#8852);
#2618=VERTEX_POINT('',#8854);
#2619=VERTEX_POINT('',#8858);
#2620=VERTEX_POINT('',#8859);
#2621=VERTEX_POINT('',#8861);
#2622=VERTEX_POINT('',#8863);
#2623=VERTEX_POINT('',#8867);
#2624=VERTEX_POINT('',#8869);
#2625=VERTEX_POINT('',#8873);
#2626=VERTEX_POINT('',#8875);
#2627=VERTEX_POINT('',#8879);
#2628=VERTEX_POINT('',#8881);
#2629=VERTEX_POINT('',#8892);
#2630=VERTEX_POINT('',#8894);
#2631=VERTEX_POINT('',#8897);
#2632=VERTEX_POINT('',#8898);
#2633=VERTEX_POINT('',#8900);
#2634=VERTEX_POINT('',#8902);
#2635=VERTEX_POINT('',#8905);
#2636=VERTEX_POINT('',#8908);
#2637=VERTEX_POINT('',#8912);
#2638=VERTEX_POINT('',#8916);
#2639=VERTEX_POINT('',#8917);
#2640=VERTEX_POINT('',#8922);
#2641=VERTEX_POINT('',#8925);
#2642=VERTEX_POINT('',#8929);
#2643=EDGE_CURVE('',#2170,#2171,#1174,.T.);
#2644=EDGE_CURVE('',#2172,#2170,#1175,.T.);
#2645=EDGE_CURVE('',#2173,#2172,#972,.T.);
#2646=EDGE_CURVE('',#2174,#2173,#973,.T.);
#2647=EDGE_CURVE('',#2171,#2174,#1176,.T.);
#2648=EDGE_CURVE('',#2175,#2176,#1177,.T.);
#2649=EDGE_CURVE('',#2177,#2175,#1178,.T.);
#2650=EDGE_CURVE('',#2178,#2177,#974,.T.);
#2651=EDGE_CURVE('',#2176,#2178,#1179,.T.);
#2652=EDGE_CURVE('',#2179,#2174,#1180,.T.);
#2653=EDGE_CURVE('',#2173,#2180,#1181,.T.);
#2654=EDGE_CURVE('',#2180,#2180,#975,.T.);
#2655=EDGE_CURVE('',#2172,#2181,#1182,.T.);
#2656=EDGE_CURVE('',#2182,#2181,#976,.T.);
#2657=EDGE_CURVE('',#2183,#2182,#1183,.T.);
#2658=EDGE_CURVE('',#2183,#2184,#977,.T.);
#2659=EDGE_CURVE('',#2184,#2185,#1184,.T.);
#2660=EDGE_CURVE('',#2186,#2185,#978,.T.);
#2661=EDGE_CURVE('',#2186,#2178,#1185,.T.);
#2662=EDGE_CURVE('',#2177,#2187,#1186,.T.);
#2663=EDGE_CURVE('',#2188,#2187,#979,.T.);
#2664=EDGE_CURVE('',#2188,#2189,#1187,.T.);
#2665=EDGE_CURVE('',#2189,#2190,#217,.T.);
#2666=EDGE_CURVE('',#2191,#2190,#1188,.T.);
#2667=EDGE_CURVE('',#2191,#2192,#980,.T.);
#2668=EDGE_CURVE('',#2192,#2193,#1189,.T.);
#2669=EDGE_CURVE('',#2179,#2193,#981,.T.);
#2670=EDGE_CURVE('',#2194,#2195,#1190,.T.);
#2671=EDGE_CURVE('',#2196,#2195,#1191,.T.);
#2672=EDGE_CURVE('',#2196,#2197,#1192,.T.);
#2673=EDGE_CURVE('',#2181,#2197,#206,.F.);
#2674=EDGE_CURVE('',#2198,#2170,#1193,.T.);
#2675=EDGE_CURVE('',#2198,#2194,#1194,.T.);
#2676=EDGE_CURVE('',#2199,#2200,#1195,.T.);
#2677=EDGE_CURVE('',#2199,#2201,#1196,.T.);
#2678=EDGE_CURVE('',#2202,#2201,#1197,.T.);
#2679=EDGE_CURVE('',#2202,#2191,#1198,.T.);
#2680=EDGE_CURVE('',#2190,#2203,#1199,.T.);
#2681=EDGE_CURVE('',#2203,#2204,#982,.T.);
#2682=EDGE_CURVE('',#2205,#2204,#1200,.T.);
#2683=EDGE_CURVE('',#2206,#2205,#207,.F.);
#2684=EDGE_CURVE('',#2207,#2206,#1201,.F.);
#2685=EDGE_CURVE('',#2185,#2207,#208,.F.);
#2686=EDGE_CURVE('',#2184,#2200,#1202,.T.);
#2687=EDGE_CURVE('',#2208,#2208,#983,.T.);
#2688=EDGE_CURVE('',#2209,#2209,#984,.T.);
#2689=EDGE_CURVE('',#2210,#2210,#985,.T.);
#2690=EDGE_CURVE('',#2211,#2212,#1203,.T.);
#2691=EDGE_CURVE('',#2211,#2195,#1204,.T.);
#2692=EDGE_CURVE('',#2194,#2183,#1205,.T.);
#2693=EDGE_CURVE('',#2213,#2182,#209,.F.);
#2694=EDGE_CURVE('',#2214,#2213,#1206,.F.);
#2695=EDGE_CURVE('',#2193,#2214,#210,.F.);
#2696=EDGE_CURVE('',#2192,#2212,#1207,.T.);
#2697=EDGE_CURVE('',#2215,#2215,#986,.T.);
#2698=EDGE_CURVE('',#2216,#2216,#987,.T.);
#2699=EDGE_CURVE('',#2217,#2218,#1208,.T.);
#2700=EDGE_CURVE('',#2197,#2217,#211,.T.);
#2701=EDGE_CURVE('',#2196,#2218,#1209,.T.);
#2702=EDGE_CURVE('',#2219,#2219,#988,.T.);
#2703=EDGE_CURVE('',#2220,#2220,#989,.T.);
#2704=EDGE_CURVE('',#2221,#2212,#1210,.T.);
#2705=EDGE_CURVE('',#2221,#2171,#1211,.T.);
#2706=EDGE_CURVE('',#2217,#2179,#212,.F.);
#2707=EDGE_CURVE('',#2218,#2211,#1212,.T.);
#2708=EDGE_CURVE('',#2213,#2214,#990,.T.);
#2709=EDGE_CURVE('',#2222,#2223,#1213,.T.);
#2710=EDGE_CURVE('',#2224,#2222,#213,.T.);
#2711=EDGE_CURVE('',#2225,#2224,#1214,.T.);
#2712=EDGE_CURVE('',#2225,#2223,#1215,.T.);
#2713=EDGE_CURVE('',#2226,#2226,#991,.T.);
#2714=EDGE_CURVE('',#2227,#2227,#992,.T.);
#2715=EDGE_CURVE('',#2201,#2225,#1216,.T.);
#2716=EDGE_CURVE('',#2187,#2224,#214,.F.);
#2717=EDGE_CURVE('',#2175,#2228,#1217,.T.);
#2718=EDGE_CURVE('',#2228,#2202,#1218,.T.);
#2719=EDGE_CURVE('',#2229,#2200,#1219,.T.);
#2720=EDGE_CURVE('',#2229,#2176,#1220,.T.);
#2721=EDGE_CURVE('',#2222,#2186,#215,.F.);
#2722=EDGE_CURVE('',#2223,#2199,#1221,.T.);
#2723=EDGE_CURVE('',#2206,#2207,#993,.F.);
#2724=EDGE_CURVE('',#2230,#2205,#218,.T.);
#2725=EDGE_CURVE('',#2231,#2230,#219,.T.);
#2726=EDGE_CURVE('',#2232,#2231,#220,.T.);
#2727=EDGE_CURVE('',#2232,#2188,#216,.T.);
#2728=EDGE_CURVE('',#2233,#2233,#994,.T.);
#2729=EDGE_CURVE('',#2234,#2234,#995,.T.);
#2730=EDGE_CURVE('',#2233,#2235,#1222,.T.);
#2731=EDGE_CURVE('',#2235,#2235,#996,.T.);
#2732=EDGE_CURVE('',#2234,#2236,#1223,.T.);
#2733=EDGE_CURVE('',#2236,#2236,#997,.T.);
#2734=EDGE_CURVE('',#2237,#2237,#998,.T.);
#2735=EDGE_CURVE('',#2238,#2238,#999,.T.);
#2736=EDGE_CURVE('',#2239,#2239,#1000,.T.);
#2737=EDGE_CURVE('',#2240,#2240,#1001,.T.);
#2738=EDGE_CURVE('',#2237,#2241,#1224,.T.);
#2739=EDGE_CURVE('',#2241,#2241,#1002,.T.);
#2740=EDGE_CURVE('',#2238,#2242,#1225,.T.);
#2741=EDGE_CURVE('',#2242,#2242,#1003,.T.);
#2742=EDGE_CURVE('',#2243,#2243,#1004,.T.);
#2743=EDGE_CURVE('',#2243,#2239,#1226,.T.);
#2744=EDGE_CURVE('',#2244,#2244,#1005,.T.);
#2745=EDGE_CURVE('',#2244,#2240,#1227,.T.);
#2746=EDGE_CURVE('',#2227,#2245,#1228,.T.);
#2747=EDGE_CURVE('',#2245,#2245,#1006,.T.);
#2748=EDGE_CURVE('',#2226,#2246,#1229,.T.);
#2749=EDGE_CURVE('',#2246,#2246,#1007,.T.);
#2750=EDGE_CURVE('',#2247,#2247,#1008,.T.);
#2751=EDGE_CURVE('',#2247,#2248,#1230,.T.);
#2752=EDGE_CURVE('',#2248,#2248,#1009,.T.);
#2753=EDGE_CURVE('',#2249,#2250,#1231,.T.);
#2754=EDGE_CURVE('',#2251,#2250,#1232,.T.);
#2755=EDGE_CURVE('',#2252,#2251,#1233,.T.);
#2756=EDGE_CURVE('',#2249,#2252,#1234,.T.);
#2757=EDGE_CURVE('',#2253,#2251,#1010,.T.);
#2758=EDGE_CURVE('',#2254,#2253,#1235,.T.);
#2759=EDGE_CURVE('',#2252,#2254,#1011,.T.);
#2760=EDGE_CURVE('',#2255,#2256,#1236,.T.);
#2761=EDGE_CURVE('',#2254,#2256,#1237,.T.);
#2762=EDGE_CURVE('',#2255,#2253,#1238,.T.);
#2763=EDGE_CURVE('',#2257,#2257,#1012,.T.);
#2764=EDGE_CURVE('',#2258,#2258,#1013,.T.);
#2765=EDGE_CURVE('',#2259,#2259,#1014,.T.);
#2766=EDGE_CURVE('',#2260,#2260,#1015,.T.);
#2767=EDGE_CURVE('',#2261,#2261,#1016,.T.);
#2768=EDGE_CURVE('',#2262,#2262,#1017,.T.);
#2769=EDGE_CURVE('',#2263,#2263,#1018,.T.);
#2770=EDGE_CURVE('',#2264,#2264,#1019,.T.);
#2771=EDGE_CURVE('',#2229,#2228,#1239,.T.);
#2772=EDGE_CURVE('',#2256,#2265,#1240,.T.);
#2773=EDGE_CURVE('',#2265,#2266,#1241,.T.);
#2774=EDGE_CURVE('',#2266,#2249,#1242,.T.);
#2775=EDGE_CURVE('',#2266,#2267,#1243,.T.);
#2776=EDGE_CURVE('',#2250,#2267,#1244,.T.);
#2777=EDGE_CURVE('',#2268,#2255,#1245,.T.);
#2778=EDGE_CURVE('',#2267,#2268,#1246,.T.);
#2779=EDGE_CURVE('',#2268,#2265,#1247,.T.);
#2780=EDGE_CURVE('',#2208,#2257,#1248,.T.);
#2781=EDGE_CURVE('',#2209,#2258,#1249,.T.);
#2782=EDGE_CURVE('',#2269,#2269,#1020,.T.);
#2783=EDGE_CURVE('',#2269,#2210,#1250,.T.);
#2784=EDGE_CURVE('',#2190,#2270,#1251,.T.);
#2785=EDGE_CURVE('',#2271,#2270,#1252,.T.);
#2786=EDGE_CURVE('',#2203,#2271,#1253,.T.);
#2787=EDGE_CURVE('',#2272,#2271,#1021,.T.);
#2788=EDGE_CURVE('',#2204,#2272,#1254,.T.);
#2789=EDGE_CURVE('',#2230,#2272,#1255,.T.);
#2790=EDGE_CURVE('',#2273,#2230,#1256,.T.);
#2791=EDGE_CURVE('',#2231,#2273,#1257,.T.);
#2792=EDGE_CURVE('',#2232,#2273,#1258,.F.);
#2793=EDGE_CURVE('',#2215,#2259,#1259,.T.);
#2794=EDGE_CURVE('',#2216,#2261,#1260,.T.);
#2795=EDGE_CURVE('',#2220,#2260,#1261,.T.);
#2796=EDGE_CURVE('',#2219,#2262,#1262,.T.);
#2797=EDGE_CURVE('',#2274,#2274,#1022,.T.);
#2798=EDGE_CURVE('',#2274,#2263,#1263,.T.);
#2799=EDGE_CURVE('',#2275,#2275,#1023,.T.);
#2800=EDGE_CURVE('',#2275,#2264,#1264,.T.);
#2801=EDGE_CURVE('',#2270,#2189,#1265,.T.);
#2802=EDGE_CURVE('',#2221,#2198,#1266,.T.);
#2803=EDGE_CURVE('',#2276,#2276,#1024,.T.);
#2804=EDGE_CURVE('',#2276,#2277,#1267,.T.);
#2805=EDGE_CURVE('',#2277,#2277,#1025,.T.);
#2806=EDGE_CURVE('',#2278,#2278,#1026,.T.);
#2807=EDGE_CURVE('',#2278,#2279,#1268,.T.);
#2808=EDGE_CURVE('',#2279,#2279,#1027,.T.);
#2809=EDGE_CURVE('',#2280,#2280,#1028,.T.);
#2810=EDGE_CURVE('',#2280,#2281,#1269,.T.);
#2811=EDGE_CURVE('',#2281,#2281,#1029,.T.);
#2812=EDGE_CURVE('',#2282,#2282,#1030,.T.);
#2813=EDGE_CURVE('',#2282,#2283,#1270,.T.);
#2814=EDGE_CURVE('',#2283,#2283,#1031,.T.);
#2815=EDGE_CURVE('',#2284,#2285,#1271,.T.);
#2816=EDGE_CURVE('',#2285,#2286,#1272,.T.);
#2817=EDGE_CURVE('',#2287,#2286,#1273,.T.);
#2818=EDGE_CURVE('',#2284,#2287,#1274,.T.);
#2819=EDGE_CURVE('',#2288,#2284,#1275,.T.);
#2820=EDGE_CURVE('',#2289,#2287,#1276,.T.);
#2821=EDGE_CURVE('',#2288,#2289,#1277,.T.);
#2822=EDGE_CURVE('',#2290,#2288,#1278,.T.);
#2823=EDGE_CURVE('',#2291,#2289,#1279,.T.);
#2824=EDGE_CURVE('',#2290,#2291,#1280,.T.);
#2825=EDGE_CURVE('',#2285,#2290,#1281,.T.);
#2826=EDGE_CURVE('',#2286,#2291,#1282,.T.);
#2827=EDGE_CURVE('',#2292,#2293,#1283,.T.);
#2828=EDGE_CURVE('',#2292,#2294,#1284,.T.);
#2829=EDGE_CURVE('',#2294,#2295,#1285,.T.);
#2830=EDGE_CURVE('',#2295,#2296,#1286,.T.);
#2831=EDGE_CURVE('',#2296,#2297,#1287,.T.);
#2832=EDGE_CURVE('',#2297,#2298,#1288,.T.);
#2833=EDGE_CURVE('',#2299,#2298,#1289,.T.);
#2834=EDGE_CURVE('',#2300,#2299,#1290,.T.);
#2835=EDGE_CURVE('',#2301,#2300,#1291,.T.);
#2836=EDGE_CURVE('',#2301,#2302,#1292,.T.);
#2837=EDGE_CURVE('',#2303,#2302,#1293,.T.);
#2838=EDGE_CURVE('',#2304,#2303,#1294,.T.);
#2839=EDGE_CURVE('',#2304,#2293,#1295,.T.);
#2840=EDGE_CURVE('',#2305,#2306,#1296,.T.);
#2841=EDGE_CURVE('',#2305,#2292,#1297,.T.);
#2842=EDGE_CURVE('',#2306,#2293,#1298,.T.);
#2843=EDGE_CURVE('',#2307,#2308,#1299,.T.);
#2844=EDGE_CURVE('',#2307,#2305,#1300,.T.);
#2845=EDGE_CURVE('',#2306,#2309,#1301,.T.);
#2846=EDGE_CURVE('',#2310,#2309,#1302,.T.);
#2847=EDGE_CURVE('',#2310,#2311,#1303,.T.);
#2848=EDGE_CURVE('',#2312,#2311,#1304,.T.);
#2849=EDGE_CURVE('',#2313,#2312,#1305,.T.);
#2850=EDGE_CURVE('',#2314,#2313,#1306,.T.);
#2851=EDGE_CURVE('',#2314,#2315,#1307,.T.);
#2852=EDGE_CURVE('',#2316,#2315,#1308,.T.);
#2853=EDGE_CURVE('',#2316,#2317,#1309,.T.);
#2854=EDGE_CURVE('',#2317,#2308,#1310,.T.);
#2855=EDGE_CURVE('',#2294,#2307,#1311,.T.);
#2856=EDGE_CURVE('',#2295,#2308,#1312,.T.);
#2857=EDGE_CURVE('',#2318,#2319,#1313,.T.);
#2858=EDGE_CURVE('',#2319,#2320,#1314,.T.);
#2859=EDGE_CURVE('',#2320,#2321,#1315,.T.);
#2860=EDGE_CURVE('',#2321,#2318,#1316,.T.);
#2861=EDGE_CURVE('',#2292,#2321,#1317,.T.);
#2862=EDGE_CURVE('',#2318,#2305,#1318,.T.);
#2863=EDGE_CURVE('',#2319,#2307,#1319,.T.);
#2864=EDGE_CURVE('',#2294,#2320,#1320,.T.);
#2865=EDGE_CURVE('',#2309,#2304,#1321,.T.);
#2866=EDGE_CURVE('',#2322,#2322,#1032,.T.);
#2867=EDGE_CURVE('',#2323,#2323,#1033,.T.);
#2868=EDGE_CURVE('',#2324,#2324,#1034,.T.);
#2869=EDGE_CURVE('',#2324,#2325,#1322,.T.);
#2870=EDGE_CURVE('',#2325,#2325,#1035,.T.);
#2871=EDGE_CURVE('',#2326,#2327,#1036,.T.);
#2872=EDGE_CURVE('',#2328,#2327,#1323,.T.);
#2873=EDGE_CURVE('',#2328,#2313,#1037,.T.);
#2874=EDGE_CURVE('',#2313,#2300,#1038,.T.);
#2875=EDGE_CURVE('',#2300,#2329,#1039,.T.);
#2876=EDGE_CURVE('',#2329,#2326,#1324,.T.);
#2877=EDGE_CURVE('',#2323,#2330,#1325,.T.);
#2878=EDGE_CURVE('',#2330,#2330,#1040,.T.);
#2879=EDGE_CURVE('',#2331,#2331,#1041,.T.);
#2880=EDGE_CURVE('',#2331,#2332,#1326,.T.);
#2881=EDGE_CURVE('',#2332,#2332,#1042,.T.);
#2882=EDGE_CURVE('',#2333,#2333,#1043,.T.);
#2883=EDGE_CURVE('',#2333,#2334,#1327,.T.);
#2884=EDGE_CURVE('',#2334,#2334,#1044,.T.);
#2885=EDGE_CURVE('',#2322,#2335,#1328,.T.);
#2886=EDGE_CURVE('',#2335,#2335,#1045,.T.);
#2887=EDGE_CURVE('',#2326,#2336,#1329,.T.);
#2888=EDGE_CURVE('',#2336,#2337,#1046,.T.);
#2889=EDGE_CURVE('',#2337,#2338,#1330,.T.);
#2890=EDGE_CURVE('',#2338,#2339,#1047,.T.);
#2891=EDGE_CURVE('',#2339,#2327,#1331,.T.);
#2892=EDGE_CURVE('',#2328,#2340,#1332,.T.);
#2893=EDGE_CURVE('',#2340,#2341,#1048,.T.);
#2894=EDGE_CURVE('',#2341,#2342,#1333,.T.);
#2895=EDGE_CURVE('',#2343,#2342,#1049,.T.);
#2896=EDGE_CURVE('',#2343,#2344,#1334,.T.);
#2897=EDGE_CURVE('',#2344,#2345,#1050,.T.);
#2898=EDGE_CURVE('',#2345,#2329,#1335,.T.);
#2899=EDGE_CURVE('',#2299,#2314,#1336,.T.);
#2900=EDGE_CURVE('',#2337,#2344,#1337,.T.);
#2901=EDGE_CURVE('',#2346,#2343,#1338,.T.);
#2902=EDGE_CURVE('',#2346,#2347,#1339,.T.);
#2903=EDGE_CURVE('',#2347,#2342,#1340,.T.);
#2904=EDGE_CURVE('',#2341,#2338,#1341,.T.);
#2905=EDGE_CURVE('',#2312,#2301,#1342,.T.);
#2906=EDGE_CURVE('',#2348,#2349,#1343,.T.);
#2907=EDGE_CURVE('',#2349,#2315,#1344,.T.);
#2908=EDGE_CURVE('',#2298,#2350,#1345,.T.);
#2909=EDGE_CURVE('',#2351,#2350,#1346,.T.);
#2910=EDGE_CURVE('',#2348,#2351,#1347,.T.);
#2911=EDGE_CURVE('',#2349,#2352,#1348,.T.);
#2912=EDGE_CURVE('',#2352,#2316,#1349,.T.);
#2913=EDGE_CURVE('',#2353,#2354,#1350,.T.);
#2914=EDGE_CURVE('',#2353,#2355,#1351,.T.);
#2915=EDGE_CURVE('',#2355,#2356,#1352,.T.);
#2916=EDGE_CURVE('',#2302,#2356,#1353,.T.);
#2917=EDGE_CURVE('',#2354,#2311,#1354,.T.);
#2918=EDGE_CURVE('',#2354,#2357,#1355,.T.);
#2919=EDGE_CURVE('',#2357,#2310,#1356,.T.);
#2920=EDGE_CURVE('',#2317,#2296,#1357,.T.);
#2921=EDGE_CURVE('',#2356,#2358,#1358,.T.);
#2922=EDGE_CURVE('',#2303,#2358,#1359,.T.);
#2923=EDGE_CURVE('',#2357,#2358,#1360,.T.);
#2924=EDGE_CURVE('',#2350,#2359,#1361,.T.);
#2925=EDGE_CURVE('',#2297,#2359,#1362,.T.);
#2926=EDGE_CURVE('',#2352,#2359,#1363,.T.);
#2927=EDGE_CURVE('',#2358,#2355,#1364,.T.);
#2928=EDGE_CURVE('',#2357,#2353,#1365,.T.);
#2929=EDGE_CURVE('',#2359,#2351,#1366,.T.);
#2930=EDGE_CURVE('',#2352,#2348,#1367,.T.);
#2931=EDGE_CURVE('',#2339,#2340,#1368,.T.);
#2932=EDGE_CURVE('',#2345,#2336,#1369,.T.);
#2933=EDGE_CURVE('',#2347,#2346,#1051,.T.);
#2934=EDGE_CURVE('',#2360,#2360,#1052,.T.);
#2935=EDGE_CURVE('',#2360,#2361,#1370,.T.);
#2936=EDGE_CURVE('',#2361,#2361,#1053,.T.);
#2937=EDGE_CURVE('',#2362,#2363,#1054,.T.);
#2938=EDGE_CURVE('',#2362,#2364,#1371,.T.);
#2939=EDGE_CURVE('',#2364,#2365,#1055,.T.);
#2940=EDGE_CURVE('',#2363,#2365,#1372,.T.);
#2941=EDGE_CURVE('',#2366,#2362,#1373,.T.);
#2942=EDGE_CURVE('',#2366,#2367,#1374,.T.);
#2943=EDGE_CURVE('',#2367,#2364,#1375,.T.);
#2944=EDGE_CURVE('',#2368,#2366,#1056,.T.);
#2945=EDGE_CURVE('',#2368,#2369,#1376,.T.);
#2946=EDGE_CURVE('',#2369,#2367,#1057,.T.);
#2947=EDGE_CURVE('',#2363,#2368,#1377,.T.);
#2948=EDGE_CURVE('',#2365,#2369,#1378,.T.);
#2949=EDGE_CURVE('',#2370,#2370,#1058,.T.);
#2950=EDGE_CURVE('',#2371,#2372,#1379,.T.);
#2951=EDGE_CURVE('',#2373,#2371,#1380,.T.);
#2952=EDGE_CURVE('',#2374,#2373,#1381,.T.);
#2953=EDGE_CURVE('',#2372,#2374,#1382,.T.);
#2954=EDGE_CURVE('',#2375,#2376,#1059,.T.);
#2955=EDGE_CURVE('',#2375,#2377,#1383,.T.);
#2956=EDGE_CURVE('',#2378,#2377,#1384,.T.);
#2957=EDGE_CURVE('',#2379,#2378,#1385,.T.);
#2958=EDGE_CURVE('',#2373,#2379,#1060,.T.);
#2959=EDGE_CURVE('',#2380,#2371,#1061,.T.);
#2960=EDGE_CURVE('',#2381,#2380,#1386,.T.);
#2961=EDGE_CURVE('',#2382,#2381,#1062,.T.);
#2962=EDGE_CURVE('',#2376,#2382,#1387,.T.);
#2963=EDGE_CURVE('',#2383,#2383,#1063,.T.);
#2964=EDGE_CURVE('',#2384,#2385,#1064,.T.);
#2965=EDGE_CURVE('',#2386,#2384,#1388,.T.);
#2966=EDGE_CURVE('',#2387,#2386,#1065,.T.);
#2967=EDGE_CURVE('',#2388,#2387,#1389,.T.);
#2968=EDGE_CURVE('',#2372,#2388,#1066,.T.);
#2969=EDGE_CURVE('',#2389,#2374,#1067,.T.);
#2970=EDGE_CURVE('',#2390,#2389,#1390,.T.);
#2971=EDGE_CURVE('',#2391,#2390,#1391,.T.);
#2972=EDGE_CURVE('',#2391,#2385,#1392,.T.);
#2973=EDGE_CURVE('',#2392,#2392,#1068,.T.);
#2974=EDGE_CURVE('',#2385,#2375,#1393,.T.);
#2975=EDGE_CURVE('',#2391,#2377,#1394,.T.);
#2976=EDGE_CURVE('',#2393,#2384,#1395,.T.);
#2977=EDGE_CURVE('',#2393,#2394,#1396,.T.);
#2978=EDGE_CURVE('',#2394,#2386,#1397,.T.);
#2979=EDGE_CURVE('',#2382,#2395,#1398,.T.);
#2980=EDGE_CURVE('',#2396,#2395,#1399,.T.);
#2981=EDGE_CURVE('',#2376,#2396,#1400,.T.);
#2982=EDGE_CURVE('',#2397,#2394,#1069,.T.);
#2983=EDGE_CURVE('',#2387,#2397,#1401,.T.);
#2984=EDGE_CURVE('',#2398,#2381,#1402,.T.);
#2985=EDGE_CURVE('',#2395,#2398,#1070,.T.);
#2986=EDGE_CURVE('',#2399,#2388,#1403,.T.);
#2987=EDGE_CURVE('',#2399,#2400,#1071,.T.);
#2988=EDGE_CURVE('',#2400,#2401,#1404,.T.);
#2989=EDGE_CURVE('',#2401,#2402,#1072,.T.);
#2990=EDGE_CURVE('',#2402,#2403,#1405,.T.);
#2991=EDGE_CURVE('',#2403,#2404,#1073,.T.);
#2992=EDGE_CURVE('',#2404,#2405,#1406,.T.);
#2993=EDGE_CURVE('',#2406,#2405,#1074,.T.);
#2994=EDGE_CURVE('',#2380,#2406,#1407,.T.);
#2995=EDGE_CURVE('',#2399,#2397,#1408,.T.);
#2996=EDGE_CURVE('',#2398,#2406,#1409,.T.);
#2997=EDGE_CURVE('',#2407,#2389,#1410,.T.);
#2998=EDGE_CURVE('',#2407,#2408,#1411,.T.);
#2999=EDGE_CURVE('',#2408,#2390,#1412,.T.);
#3000=EDGE_CURVE('',#2378,#2409,#1413,.T.);
#3001=EDGE_CURVE('',#2410,#2409,#1414,.T.);
#3002=EDGE_CURVE('',#2379,#2410,#1415,.T.);
#3003=EDGE_CURVE('',#2408,#2411,#1416,.T.);
#3004=EDGE_CURVE('',#2411,#2391,#1417,.T.);
#3005=EDGE_CURVE('',#2377,#2412,#1418,.T.);
#3006=EDGE_CURVE('',#2409,#2412,#1419,.T.);
#3007=EDGE_CURVE('',#2392,#2370,#1420,.T.);
#3008=EDGE_CURVE('',#2403,#2413,#1421,.T.);
#3009=EDGE_CURVE('',#2414,#2413,#1075,.T.);
#3010=EDGE_CURVE('',#2415,#2414,#1422,.T.);
#3011=EDGE_CURVE('',#2416,#2415,#1423,.T.);
#3012=EDGE_CURVE('',#2416,#2417,#1424,.T.);
#3013=EDGE_CURVE('',#2418,#2417,#1076,.T.);
#3014=EDGE_CURVE('',#2404,#2418,#1077,.T.);
#3015=EDGE_CURVE('',#2419,#2419,#1078,.T.);
#3016=EDGE_CURVE('',#2420,#2421,#221,.T.);
#3017=EDGE_CURVE('',#2421,#2420,#1425,.T.);
#3018=EDGE_CURVE('',#2417,#2422,#1426,.T.);
#3019=EDGE_CURVE('',#2423,#2416,#1427,.T.);
#3020=EDGE_CURVE('',#2422,#2423,#1428,.T.);
#3021=EDGE_CURVE('',#2424,#2402,#1429,.T.);
#3022=EDGE_CURVE('',#2413,#2424,#1430,.T.);
#3023=EDGE_CURVE('',#2401,#2425,#1431,.T.);
#3024=EDGE_CURVE('',#2426,#2425,#1432,.T.);
#3025=EDGE_CURVE('',#2424,#2426,#1079,.T.);
#3026=EDGE_CURVE('',#2401,#2421,#222,.T.);
#3027=EDGE_CURVE('',#2422,#2420,#223,.T.);
#3028=EDGE_CURVE('',#2427,#2423,#1433,.T.);
#3029=EDGE_CURVE('',#2425,#2427,#1434,.T.);
#3030=EDGE_CURVE('',#2428,#2428,#224,.T.);
#3031=EDGE_CURVE('',#2418,#2429,#1435,.T.);
#3032=EDGE_CURVE('',#2405,#2429,#1080,.T.);
#3033=EDGE_CURVE('',#2430,#2400,#1081,.T.);
#3034=EDGE_CURVE('',#2430,#2420,#1436,.T.);
#3035=EDGE_CURVE('',#2415,#2431,#1437,.T.);
#3036=EDGE_CURVE('',#2412,#2431,#1438,.T.);
#3037=EDGE_CURVE('',#2411,#2432,#1439,.T.);
#3038=EDGE_CURVE('',#2432,#2427,#1440,.T.);
#3039=EDGE_CURVE('',#2414,#2433,#1441,.T.);
#3040=EDGE_CURVE('',#2431,#2433,#1442,.T.);
#3041=EDGE_CURVE('',#2434,#2434,#1082,.T.);
#3042=EDGE_CURVE('',#2434,#2419,#1443,.T.);
#3043=EDGE_CURVE('',#2429,#2396,#1083,.T.);
#3044=EDGE_CURVE('',#2433,#2410,#1084,.T.);
#3045=EDGE_CURVE('',#2435,#2435,#1085,.T.);
#3046=EDGE_CURVE('',#2393,#2430,#1086,.T.);
#3047=EDGE_CURVE('',#2436,#2407,#1087,.T.);
#3048=EDGE_CURVE('',#2432,#2436,#1444,.T.);
#3049=EDGE_CURVE('',#2437,#2437,#1088,.T.);
#3050=EDGE_CURVE('',#2428,#2437,#1445,.T.);
#3051=EDGE_CURVE('',#2435,#2383,#1446,.T.);
#3052=EDGE_CURVE('',#2436,#2426,#1447,.T.);
#3053=EDGE_CURVE('',#2438,#2439,#1448,.T.);
#3054=EDGE_CURVE('',#2440,#2438,#1449,.T.);
#3055=EDGE_CURVE('',#2440,#2441,#1450,.T.);
#3056=EDGE_CURVE('',#2439,#2441,#1451,.T.);
#3057=EDGE_CURVE('',#2442,#2440,#1452,.T.);
#3058=EDGE_CURVE('',#2443,#2442,#1089,.T.);
#3059=EDGE_CURVE('',#2441,#2443,#1453,.T.);
#3060=EDGE_CURVE('',#2444,#2444,#1090,.T.);
#3061=EDGE_CURVE('',#2445,#2439,#1454,.T.);
#3062=EDGE_CURVE('',#2446,#2445,#1091,.T.);
#3063=EDGE_CURVE('',#2438,#2446,#1455,.T.);
#3064=EDGE_CURVE('',#2447,#2447,#1092,.T.);
#3065=EDGE_CURVE('',#2443,#2448,#1456,.T.);
#3066=EDGE_CURVE('',#2449,#2448,#1457,.T.);
#3067=EDGE_CURVE('',#2445,#2449,#1458,.T.);
#3068=EDGE_CURVE('',#2450,#2450,#1093,.T.);
#3069=EDGE_CURVE('',#2450,#2447,#1459,.T.);
#3070=EDGE_CURVE('',#2451,#2452,#1460,.T.);
#3071=EDGE_CURVE('',#2453,#2451,#1094,.T.);
#3072=EDGE_CURVE('',#2454,#2453,#1461,.T.);
#3073=EDGE_CURVE('',#2455,#2454,#1462,.T.);
#3074=EDGE_CURVE('',#2456,#2455,#1463,.T.);
#3075=EDGE_CURVE('',#2457,#2456,#1095,.T.);
#3076=EDGE_CURVE('',#2452,#2457,#1464,.T.);
#3077=EDGE_CURVE('',#2455,#2458,#1465,.T.);
#3078=EDGE_CURVE('',#2459,#2458,#1466,.T.);
#3079=EDGE_CURVE('',#2456,#2459,#1467,.T.);
#3080=EDGE_CURVE('',#2454,#2460,#1468,.T.);
#3081=EDGE_CURVE('',#2458,#2460,#1469,.T.);
#3082=EDGE_CURVE('',#2453,#2461,#1470,.T.);
#3083=EDGE_CURVE('',#2460,#2461,#1471,.T.);
#3084=EDGE_CURVE('',#2451,#2462,#1472,.T.);
#3085=EDGE_CURVE('',#2461,#2462,#1096,.T.);
#3086=EDGE_CURVE('',#2463,#2459,#1097,.T.);
#3087=EDGE_CURVE('',#2457,#2463,#1473,.T.);
#3088=EDGE_CURVE('',#2464,#2463,#1474,.T.);
#3089=EDGE_CURVE('',#2452,#2464,#1475,.T.);
#3090=EDGE_CURVE('',#2462,#2464,#1476,.T.);
#3091=EDGE_CURVE('',#2465,#2465,#1098,.T.);
#3092=EDGE_CURVE('',#2465,#2444,#1477,.T.);
#3093=EDGE_CURVE('',#2466,#2449,#1099,.T.);
#3094=EDGE_CURVE('',#2446,#2466,#1478,.T.);
#3095=EDGE_CURVE('',#2467,#2466,#1479,.T.);
#3096=EDGE_CURVE('',#2442,#2467,#1480,.T.);
#3097=EDGE_CURVE('',#2448,#2467,#1100,.T.);
#3098=EDGE_CURVE('',#2468,#2469,#1481,.T.);
#3099=EDGE_CURVE('',#2470,#2469,#1482,.F.);
#3100=EDGE_CURVE('',#2470,#2471,#1483,.T.);
#3101=EDGE_CURVE('',#2471,#2468,#1484,.F.);
#3102=EDGE_CURVE('',#2472,#2473,#1485,.T.);
#3103=EDGE_CURVE('',#2473,#2474,#1486,.F.);
#3104=EDGE_CURVE('',#2474,#2475,#1487,.T.);
#3105=EDGE_CURVE('',#2475,#2472,#1488,.T.);
#3106=EDGE_CURVE('',#2469,#2472,#1489,.F.);
#3107=EDGE_CURVE('',#2475,#2470,#1101,.F.);
#3108=EDGE_CURVE('',#2474,#2471,#1102,.F.);
#3109=EDGE_CURVE('',#2468,#2473,#1490,.F.);
#3110=EDGE_CURVE('',#2476,#2477,#1491,.T.);
#3111=EDGE_CURVE('',#2477,#2478,#1492,.F.);
#3112=EDGE_CURVE('',#2478,#2479,#1493,.T.);
#3113=EDGE_CURVE('',#2476,#2479,#1494,.F.);
#3114=EDGE_CURVE('',#2480,#2481,#1495,.T.);
#3115=EDGE_CURVE('',#2482,#2481,#1496,.F.);
#3116=EDGE_CURVE('',#2482,#2483,#1497,.T.);
#3117=EDGE_CURVE('',#2483,#2480,#1498,.F.);
#3118=EDGE_CURVE('',#2480,#2484,#1499,.F.);
#3119=EDGE_CURVE('',#2485,#2484,#1500,.T.);
#3120=EDGE_CURVE('',#2481,#2485,#1501,.F.);
#3121=EDGE_CURVE('',#2478,#2483,#1103,.F.);
#3122=EDGE_CURVE('',#2484,#2477,#1502,.F.);
#3123=EDGE_CURVE('',#2479,#2482,#1104,.F.);
#3124=EDGE_CURVE('',#2485,#2476,#1503,.F.);
#3125=EDGE_CURVE('',#2486,#2487,#1504,.T.);
#3126=EDGE_CURVE('',#2486,#2488,#1505,.T.);
#3127=EDGE_CURVE('',#2489,#2488,#1506,.T.);
#3128=EDGE_CURVE('',#2487,#2489,#1507,.T.);
#3129=EDGE_CURVE('',#2490,#2491,#1508,.T.);
#3130=EDGE_CURVE('',#2492,#2490,#1509,.T.);
#3131=EDGE_CURVE('',#2492,#2493,#1510,.T.);
#3132=EDGE_CURVE('',#2493,#2491,#1511,.T.);
#3133=EDGE_CURVE('',#2494,#2486,#1512,.T.);
#3134=EDGE_CURVE('',#2487,#2495,#1513,.T.);
#3135=EDGE_CURVE('',#2496,#2495,#1514,.T.);
#3136=EDGE_CURVE('',#2496,#2497,#1515,.T.);
#3137=EDGE_CURVE('',#2497,#2498,#1516,.T.);
#3138=EDGE_CURVE('',#2499,#2498,#1517,.T.);
#3139=EDGE_CURVE('',#2494,#2499,#1518,.T.);
#3140=EDGE_CURVE('',#2495,#2500,#1519,.T.);
#3141=EDGE_CURVE('',#2501,#2500,#1520,.T.);
#3142=EDGE_CURVE('',#2501,#2496,#1521,.T.);
#3143=EDGE_CURVE('',#2502,#2494,#1522,.T.);
#3144=EDGE_CURVE('',#2503,#2499,#1523,.T.);
#3145=EDGE_CURVE('',#2502,#2503,#1524,.T.);
#3146=EDGE_CURVE('',#2504,#2489,#1525,.T.);
#3147=EDGE_CURVE('',#2488,#2505,#1526,.T.);
#3148=EDGE_CURVE('',#2505,#2506,#1527,.T.);
#3149=EDGE_CURVE('',#2507,#2506,#1528,.T.);
#3150=EDGE_CURVE('',#2508,#2507,#1529,.T.);
#3151=EDGE_CURVE('',#2508,#2509,#1530,.T.);
#3152=EDGE_CURVE('',#2509,#2504,#1531,.T.);
#3153=EDGE_CURVE('',#2505,#2510,#1105,.T.);
#3154=EDGE_CURVE('',#2491,#2502,#1532,.T.);
#3155=EDGE_CURVE('',#2510,#2493,#1533,.T.);
#3156=EDGE_CURVE('',#2511,#2511,#1106,.T.);
#3157=EDGE_CURVE('',#2493,#2512,#1534,.T.);
#3158=EDGE_CURVE('',#2513,#2512,#1535,.T.);
#3159=EDGE_CURVE('',#2510,#2513,#1536,.T.);
#3160=EDGE_CURVE('',#2492,#2514,#1537,.T.);
#3161=EDGE_CURVE('',#2515,#2514,#1538,.T.);
#3162=EDGE_CURVE('',#2515,#2516,#1539,.T.);
#3163=EDGE_CURVE('',#2516,#2492,#1540,.T.);
#3164=EDGE_CURVE('',#2517,#2517,#1107,.T.);
#3165=EDGE_CURVE('',#2517,#2518,#1541,.T.);
#3166=EDGE_CURVE('',#2518,#2518,#1108,.T.);
#3167=EDGE_CURVE('',#2519,#2519,#1109,.T.);
#3168=EDGE_CURVE('',#2519,#2511,#1542,.T.);
#3169=EDGE_CURVE('',#2514,#2504,#1110,.T.);
#3170=EDGE_CURVE('',#2500,#2490,#1543,.T.);
#3171=EDGE_CURVE('',#2506,#2513,#1111,.T.);
#3172=EDGE_CURVE('',#2509,#2515,#1112,.T.);
#3173=EDGE_CURVE('',#2520,#2520,#1113,.T.);
#3174=EDGE_CURVE('',#2520,#2521,#1544,.T.);
#3175=EDGE_CURVE('',#2521,#2521,#1114,.T.);
#3176=EDGE_CURVE('',#2522,#2523,#1545,.T.);
#3177=EDGE_CURVE('',#2523,#2524,#1546,.T.);
#3178=EDGE_CURVE('',#2525,#2524,#1547,.T.);
#3179=EDGE_CURVE('',#2522,#2525,#1548,.T.);
#3180=EDGE_CURVE('',#2526,#2522,#1549,.T.);
#3181=EDGE_CURVE('',#2527,#2525,#1550,.T.);
#3182=EDGE_CURVE('',#2526,#2527,#1551,.T.);
#3183=EDGE_CURVE('',#2528,#2526,#1552,.T.);
#3184=EDGE_CURVE('',#2529,#2527,#1553,.T.);
#3185=EDGE_CURVE('',#2528,#2529,#1554,.T.);
#3186=EDGE_CURVE('',#2523,#2528,#1555,.T.);
#3187=EDGE_CURVE('',#2524,#2529,#1556,.T.);
#3188=EDGE_CURVE('',#2530,#2530,#1115,.T.);
#3189=EDGE_CURVE('',#2530,#2531,#1557,.T.);
#3190=EDGE_CURVE('',#2531,#2531,#1116,.T.);
#3191=EDGE_CURVE('',#2532,#2503,#1558,.T.);
#3192=EDGE_CURVE('',#2533,#2532,#1559,.T.);
#3193=EDGE_CURVE('',#2533,#2501,#1560,.T.);
#3194=EDGE_CURVE('',#2534,#2533,#1561,.T.);
#3195=EDGE_CURVE('',#2535,#2532,#1562,.T.);
#3196=EDGE_CURVE('',#2534,#2535,#1563,.T.);
#3197=EDGE_CURVE('',#2497,#2534,#1564,.T.);
#3198=EDGE_CURVE('',#2498,#2535,#1565,.T.);
#3199=EDGE_CURVE('',#2536,#2537,#1566,.T.);
#3200=EDGE_CURVE('',#2537,#2538,#1567,.T.);
#3201=EDGE_CURVE('',#2539,#2538,#1568,.T.);
#3202=EDGE_CURVE('',#2536,#2539,#1569,.T.);
#3203=EDGE_CURVE('',#2540,#2536,#1570,.T.);
#3204=EDGE_CURVE('',#2541,#2539,#1571,.T.);
#3205=EDGE_CURVE('',#2540,#2541,#1572,.T.);
#3206=EDGE_CURVE('',#2542,#2540,#1573,.T.);
#3207=EDGE_CURVE('',#2543,#2541,#1574,.T.);
#3208=EDGE_CURVE('',#2542,#2543,#1575,.T.);
#3209=EDGE_CURVE('',#2537,#2542,#1576,.T.);
#3210=EDGE_CURVE('',#2538,#2543,#1577,.T.);
#3211=EDGE_CURVE('',#2544,#2545,#1578,.T.);
#3212=EDGE_CURVE('',#2544,#2546,#1579,.T.);
#3213=EDGE_CURVE('',#2547,#2546,#1580,.T.);
#3214=EDGE_CURVE('',#2545,#2547,#1581,.T.);
#3215=EDGE_CURVE('',#2545,#2516,#1582,.T.);
#3216=EDGE_CURVE('',#2512,#2547,#1583,.T.);
#3217=EDGE_CURVE('',#2548,#2508,#1117,.T.);
#3218=EDGE_CURVE('',#2549,#2507,#1118,.T.);
#3219=EDGE_CURVE('',#2548,#2549,#1584,.T.);
#3220=EDGE_CURVE('',#2550,#2548,#1585,.T.);
#3221=EDGE_CURVE('',#2551,#2549,#1586,.T.);
#3222=EDGE_CURVE('',#2550,#2551,#1587,.T.);
#3223=EDGE_CURVE('',#2544,#2550,#1119,.T.);
#3224=EDGE_CURVE('',#2546,#2551,#1120,.T.);
#3225=EDGE_CURVE('',#2552,#2552,#1121,.T.);
#3226=EDGE_CURVE('',#2553,#2553,#1122,.T.);
#3227=EDGE_CURVE('',#2554,#2555,#1123,.T.);
#3228=EDGE_CURVE('',#2556,#2554,#1588,.T.);
#3229=EDGE_CURVE('',#2557,#2556,#1124,.T.);
#3230=EDGE_CURVE('',#2557,#2555,#1589,.T.);
#3231=EDGE_CURVE('',#2558,#2558,#1125,.T.);
#3232=EDGE_CURVE('',#2559,#2559,#1126,.T.);
#3233=EDGE_CURVE('',#2560,#2560,#1127,.T.);
#3234=EDGE_CURVE('',#2560,#2559,#1590,.T.);
#3235=EDGE_CURVE('',#2553,#2558,#1591,.T.);
#3236=EDGE_CURVE('',#2557,#2561,#1592,.T.);
#3237=EDGE_CURVE('',#2562,#2561,#1593,.T.);
#3238=EDGE_CURVE('',#2555,#2562,#1594,.T.);
#3239=EDGE_CURVE('',#2552,#2563,#1595,.T.);
#3240=EDGE_CURVE('',#2564,#2563,#1128,.T.);
#3241=EDGE_CURVE('',#2554,#2564,#1596,.T.);
#3242=EDGE_CURVE('',#2563,#2562,#1129,.T.);
#3243=EDGE_CURVE('',#2565,#2564,#1597,.T.);
#3244=EDGE_CURVE('',#2556,#2565,#1598,.T.);
#3245=EDGE_CURVE('',#2561,#2565,#1130,.T.);
#3246=EDGE_CURVE('',#2566,#2566,#1131,.T.);
#3247=EDGE_CURVE('',#2567,#2567,#1132,.T.);
#3248=EDGE_CURVE('',#2568,#2569,#1133,.T.);
#3249=EDGE_CURVE('',#2569,#2570,#1599,.T.);
#3250=EDGE_CURVE('',#2570,#2571,#1600,.T.);
#3251=EDGE_CURVE('',#2571,#2572,#1601,.T.);
#3252=EDGE_CURVE('',#2573,#2572,#1134,.T.);
#3253=EDGE_CURVE('',#2573,#2574,#1602,.T.);
#3254=EDGE_CURVE('',#2574,#2575,#1603,.T.);
#3255=EDGE_CURVE('',#2575,#2568,#1604,.T.);
#3256=EDGE_CURVE('',#2576,#2576,#1135,.T.);
#3257=EDGE_CURVE('',#2577,#2577,#1136,.T.);
#3258=EDGE_CURVE('',#2577,#2576,#1605,.T.);
#3259=EDGE_CURVE('',#2578,#2578,#1137,.T.);
#3260=EDGE_CURVE('',#2578,#2567,#1606,.T.);
#3261=EDGE_CURVE('',#2573,#2579,#1607,.T.);
#3262=EDGE_CURVE('',#2580,#2579,#1608,.T.);
#3263=EDGE_CURVE('',#2574,#2580,#1609,.T.);
#3264=EDGE_CURVE('',#2581,#2580,#1610,.T.);
#3265=EDGE_CURVE('',#2575,#2581,#1611,.T.);
#3266=EDGE_CURVE('',#2582,#2581,#1612,.T.);
#3267=EDGE_CURVE('',#2568,#2582,#1613,.T.);
#3268=EDGE_CURVE('',#2583,#2582,#1138,.T.);
#3269=EDGE_CURVE('',#2569,#2583,#1614,.T.);
#3270=EDGE_CURVE('',#2569,#2566,#1615,.T.);
#3271=EDGE_CURVE('',#2584,#2583,#1616,.T.);
#3272=EDGE_CURVE('',#2570,#2584,#1617,.T.);
#3273=EDGE_CURVE('',#2585,#2584,#1618,.T.);
#3274=EDGE_CURVE('',#2571,#2585,#1619,.T.);
#3275=EDGE_CURVE('',#2586,#2585,#1620,.T.);
#3276=EDGE_CURVE('',#2572,#2586,#1621,.T.);
#3277=EDGE_CURVE('',#2579,#2586,#1139,.T.);
#3278=EDGE_CURVE('',#2587,#2588,#1622,.T.);
#3279=EDGE_CURVE('',#2588,#2589,#1623,.T.);
#3280=EDGE_CURVE('',#2590,#2589,#1624,.T.);
#3281=EDGE_CURVE('',#2587,#2590,#1625,.T.);
#3282=EDGE_CURVE('',#2591,#2587,#1626,.T.);
#3283=EDGE_CURVE('',#2592,#2590,#1627,.T.);
#3284=EDGE_CURVE('',#2591,#2592,#1628,.T.);
#3285=EDGE_CURVE('',#2588,#2591,#1629,.T.);
#3286=EDGE_CURVE('',#2589,#2592,#1630,.T.);
#3287=EDGE_CURVE('',#2593,#2593,#1140,.T.);
#3288=EDGE_CURVE('',#2593,#2594,#1631,.T.);
#3289=EDGE_CURVE('',#2594,#2594,#1141,.T.);
#3290=EDGE_CURVE('',#2595,#2595,#1142,.T.);
#3291=EDGE_CURVE('',#2595,#2596,#1632,.T.);
#3292=EDGE_CURVE('',#2596,#2596,#1143,.T.);
#3293=EDGE_CURVE('',#2597,#2597,#1144,.T.);
#3294=EDGE_CURVE('',#2597,#2598,#1633,.T.);
#3295=EDGE_CURVE('',#2598,#2598,#1145,.T.);
#3296=EDGE_CURVE('',#2599,#2600,#1634,.T.);
#3297=EDGE_CURVE('',#2599,#2601,#1635,.T.);
#3298=EDGE_CURVE('',#2602,#2601,#1636,.T.);
#3299=EDGE_CURVE('',#2600,#2602,#1637,.T.);
#3300=EDGE_CURVE('',#2603,#2600,#1146,.T.);
#3301=EDGE_CURVE('',#2604,#2602,#1147,.T.);
#3302=EDGE_CURVE('',#2603,#2604,#1638,.T.);
#3303=EDGE_CURVE('',#2605,#2603,#1639,.T.);
#3304=EDGE_CURVE('',#2606,#2604,#1640,.T.);
#3305=EDGE_CURVE('',#2605,#2606,#1641,.T.);
#3306=EDGE_CURVE('',#2607,#2605,#1148,.T.);
#3307=EDGE_CURVE('',#2608,#2606,#1149,.T.);
#3308=EDGE_CURVE('',#2607,#2608,#1642,.T.);
#3309=EDGE_CURVE('',#2609,#2607,#1643,.T.);
#3310=EDGE_CURVE('',#2610,#2608,#1644,.T.);
#3311=EDGE_CURVE('',#2609,#2610,#1645,.T.);
#3312=EDGE_CURVE('',#2599,#2609,#1150,.T.);
#3313=EDGE_CURVE('',#2601,#2610,#1151,.T.);
#3314=EDGE_CURVE('',#2611,#2611,#1152,.T.);
#3315=EDGE_CURVE('',#2611,#2612,#1646,.T.);
#3316=EDGE_CURVE('',#2612,#2612,#1153,.T.);
#3317=EDGE_CURVE('',#2613,#2613,#1154,.T.);
#3318=EDGE_CURVE('',#2613,#2614,#1647,.T.);
#3319=EDGE_CURVE('',#2614,#2614,#1155,.T.);
#3320=EDGE_CURVE('',#2615,#2615,#1156,.T.);
#3321=EDGE_CURVE('',#2615,#2616,#1648,.T.);
#3322=EDGE_CURVE('',#2616,#2616,#1157,.T.);
#3323=EDGE_CURVE('',#2617,#2617,#1158,.T.);
#3324=EDGE_CURVE('',#2617,#2618,#1649,.T.);
#3325=EDGE_CURVE('',#2618,#2618,#1159,.T.);
#3326=EDGE_CURVE('',#2619,#2620,#1650,.T.);
#3327=EDGE_CURVE('',#2619,#2621,#1651,.T.);
#3328=EDGE_CURVE('',#2622,#2621,#1652,.T.);
#3329=EDGE_CURVE('',#2620,#2622,#1653,.T.);
#3330=EDGE_CURVE('',#2623,#2620,#1160,.T.);
#3331=EDGE_CURVE('',#2624,#2622,#1161,.T.);
#3332=EDGE_CURVE('',#2623,#2624,#1654,.T.);
#3333=EDGE_CURVE('',#2625,#2623,#1655,.T.);
#3334=EDGE_CURVE('',#2626,#2624,#1656,.T.);
#3335=EDGE_CURVE('',#2625,#2626,#1657,.T.);
#3336=EDGE_CURVE('',#2627,#2625,#1658,.T.);
#3337=EDGE_CURVE('',#2628,#2626,#1659,.T.);
#3338=EDGE_CURVE('',#2627,#2628,#1660,.T.);
#3339=EDGE_CURVE('',#2619,#2627,#1162,.T.);
#3340=EDGE_CURVE('',#2621,#2628,#1163,.T.);
#3341=EDGE_CURVE('',#2629,#2629,#1164,.T.);
#3342=EDGE_CURVE('',#2630,#2630,#1165,.T.);
#3343=EDGE_CURVE('',#2631,#2632,#1166,.T.);
#3344=EDGE_CURVE('',#2632,#2633,#1661,.T.);
#3345=EDGE_CURVE('',#2633,#2634,#1167,.T.);
#3346=EDGE_CURVE('',#2634,#2631,#1662,.T.);
#3347=EDGE_CURVE('',#2635,#2635,#1168,.T.);
#3348=EDGE_CURVE('',#2635,#2636,#1663,.T.);
#3349=EDGE_CURVE('',#2636,#2636,#1169,.T.);
#3350=EDGE_CURVE('',#2630,#2637,#1664,.T.);
#3351=EDGE_CURVE('',#2637,#2637,#1170,.T.);
#3352=EDGE_CURVE('',#2638,#2639,#1665,.T.);
#3353=EDGE_CURVE('',#2638,#2633,#1666,.T.);
#3354=EDGE_CURVE('',#2639,#2632,#1667,.T.);
#3355=EDGE_CURVE('',#2629,#2640,#1668,.T.);
#3356=EDGE_CURVE('',#2640,#2639,#1171,.T.);
#3357=EDGE_CURVE('',#2641,#2631,#1669,.T.);
#3358=EDGE_CURVE('',#2641,#2640,#1172,.T.);
#3359=EDGE_CURVE('',#2641,#2642,#1670,.T.);
#3360=EDGE_CURVE('',#2642,#2634,#1671,.T.);
#3361=EDGE_CURVE('',#2638,#2642,#1173,.T.);
#3362=ORIENTED_EDGE('',*,*,#2643,.F.);
#3363=ORIENTED_EDGE('',*,*,#2644,.F.);
#3364=ORIENTED_EDGE('',*,*,#2645,.F.);
#3365=ORIENTED_EDGE('',*,*,#2646,.F.);
#3366=ORIENTED_EDGE('',*,*,#2647,.F.);
#3367=ORIENTED_EDGE('',*,*,#2648,.F.);
#3368=ORIENTED_EDGE('',*,*,#2649,.F.);
#3369=ORIENTED_EDGE('',*,*,#2650,.F.);
#3370=ORIENTED_EDGE('',*,*,#2651,.F.);
#3371=ORIENTED_EDGE('',*,*,#2652,.T.);
#3372=ORIENTED_EDGE('',*,*,#2646,.T.);
#3373=ORIENTED_EDGE('',*,*,#2653,.T.);
#3374=ORIENTED_EDGE('',*,*,#2654,.T.);
#3375=ORIENTED_EDGE('',*,*,#2653,.F.);
#3376=ORIENTED_EDGE('',*,*,#2645,.T.);
#3377=ORIENTED_EDGE('',*,*,#2655,.T.);
#3378=ORIENTED_EDGE('',*,*,#2656,.F.);
#3379=ORIENTED_EDGE('',*,*,#2657,.F.);
#3380=ORIENTED_EDGE('',*,*,#2658,.T.);
#3381=ORIENTED_EDGE('',*,*,#2659,.T.);
#3382=ORIENTED_EDGE('',*,*,#2660,.F.);
#3383=ORIENTED_EDGE('',*,*,#2661,.T.);
#3384=ORIENTED_EDGE('',*,*,#2650,.T.);
#3385=ORIENTED_EDGE('',*,*,#2662,.T.);
#3386=ORIENTED_EDGE('',*,*,#2663,.F.);
#3387=ORIENTED_EDGE('',*,*,#2664,.T.);
#3388=ORIENTED_EDGE('',*,*,#2665,.T.);
#3389=ORIENTED_EDGE('',*,*,#2666,.F.);
#3390=ORIENTED_EDGE('',*,*,#2667,.T.);
#3391=ORIENTED_EDGE('',*,*,#2668,.T.);
#3392=ORIENTED_EDGE('',*,*,#2669,.F.);
#3393=ORIENTED_EDGE('',*,*,#2670,.T.);
#3394=ORIENTED_EDGE('',*,*,#2671,.F.);
#3395=ORIENTED_EDGE('',*,*,#2672,.T.);
#3396=ORIENTED_EDGE('',*,*,#2673,.F.);
#3397=ORIENTED_EDGE('',*,*,#2655,.F.);
#3398=ORIENTED_EDGE('',*,*,#2644,.T.);
#3399=ORIENTED_EDGE('',*,*,#2674,.F.);
#3400=ORIENTED_EDGE('',*,*,#2675,.T.);
#3401=ORIENTED_EDGE('',*,*,#2676,.F.);
#3402=ORIENTED_EDGE('',*,*,#2677,.T.);
#3403=ORIENTED_EDGE('',*,*,#2678,.F.);
#3404=ORIENTED_EDGE('',*,*,#2679,.T.);
#3405=ORIENTED_EDGE('',*,*,#2666,.T.);
#3406=ORIENTED_EDGE('',*,*,#2680,.T.);
#3407=ORIENTED_EDGE('',*,*,#2681,.T.);
#3408=ORIENTED_EDGE('',*,*,#2682,.F.);
#3409=ORIENTED_EDGE('',*,*,#2683,.F.);
#3410=ORIENTED_EDGE('',*,*,#2684,.F.);
#3411=ORIENTED_EDGE('',*,*,#2685,.F.);
#3412=ORIENTED_EDGE('',*,*,#2659,.F.);
#3413=ORIENTED_EDGE('',*,*,#2686,.T.);
#3414=ORIENTED_EDGE('',*,*,#2687,.T.);
#3415=ORIENTED_EDGE('',*,*,#2688,.T.);
#3416=ORIENTED_EDGE('',*,*,#2689,.T.);
#3417=ORIENTED_EDGE('',*,*,#2690,.F.);
#3418=ORIENTED_EDGE('',*,*,#2691,.T.);
#3419=ORIENTED_EDGE('',*,*,#2670,.F.);
#3420=ORIENTED_EDGE('',*,*,#2692,.T.);
#3421=ORIENTED_EDGE('',*,*,#2657,.T.);
#3422=ORIENTED_EDGE('',*,*,#2693,.F.);
#3423=ORIENTED_EDGE('',*,*,#2694,.F.);
#3424=ORIENTED_EDGE('',*,*,#2695,.F.);
#3425=ORIENTED_EDGE('',*,*,#2668,.F.);
#3426=ORIENTED_EDGE('',*,*,#2696,.T.);
#3427=ORIENTED_EDGE('',*,*,#2697,.T.);
#3428=ORIENTED_EDGE('',*,*,#2698,.T.);
#3429=ORIENTED_EDGE('',*,*,#2699,.F.);
#3430=ORIENTED_EDGE('',*,*,#2700,.F.);
#3431=ORIENTED_EDGE('',*,*,#2672,.F.);
#3432=ORIENTED_EDGE('',*,*,#2701,.T.);
#3433=ORIENTED_EDGE('',*,*,#2702,.T.);
#3434=ORIENTED_EDGE('',*,*,#2703,.T.);
#3435=ORIENTED_EDGE('',*,*,#2690,.T.);
#3436=ORIENTED_EDGE('',*,*,#2704,.F.);
#3437=ORIENTED_EDGE('',*,*,#2705,.T.);
#3438=ORIENTED_EDGE('',*,*,#2647,.T.);
#3439=ORIENTED_EDGE('',*,*,#2652,.F.);
#3440=ORIENTED_EDGE('',*,*,#2706,.F.);
#3441=ORIENTED_EDGE('',*,*,#2699,.T.);
#3442=ORIENTED_EDGE('',*,*,#2707,.T.);
#3443=ORIENTED_EDGE('',*,*,#2706,.T.);
#3444=ORIENTED_EDGE('',*,*,#2669,.T.);
#3445=ORIENTED_EDGE('',*,*,#2695,.T.);
#3446=ORIENTED_EDGE('',*,*,#2708,.F.);
#3447=ORIENTED_EDGE('',*,*,#2693,.T.);
#3448=ORIENTED_EDGE('',*,*,#2656,.T.);
#3449=ORIENTED_EDGE('',*,*,#2673,.T.);
#3450=ORIENTED_EDGE('',*,*,#2700,.T.);
#3451=ORIENTED_EDGE('',*,*,#2709,.F.);
#3452=ORIENTED_EDGE('',*,*,#2710,.F.);
#3453=ORIENTED_EDGE('',*,*,#2711,.F.);
#3454=ORIENTED_EDGE('',*,*,#2712,.T.);
#3455=ORIENTED_EDGE('',*,*,#2713,.T.);
#3456=ORIENTED_EDGE('',*,*,#2714,.T.);
#3457=ORIENTED_EDGE('',*,*,#2678,.T.);
#3458=ORIENTED_EDGE('',*,*,#2715,.T.);
#3459=ORIENTED_EDGE('',*,*,#2711,.T.);
#3460=ORIENTED_EDGE('',*,*,#2716,.F.);
#3461=ORIENTED_EDGE('',*,*,#2662,.F.);
#3462=ORIENTED_EDGE('',*,*,#2649,.T.);
#3463=ORIENTED_EDGE('',*,*,#2717,.T.);
#3464=ORIENTED_EDGE('',*,*,#2718,.T.);
#3465=ORIENTED_EDGE('',*,*,#2676,.T.);
#3466=ORIENTED_EDGE('',*,*,#2719,.F.);
#3467=ORIENTED_EDGE('',*,*,#2720,.T.);
#3468=ORIENTED_EDGE('',*,*,#2651,.T.);
#3469=ORIENTED_EDGE('',*,*,#2661,.F.);
#3470=ORIENTED_EDGE('',*,*,#2721,.F.);
#3471=ORIENTED_EDGE('',*,*,#2709,.T.);
#3472=ORIENTED_EDGE('',*,*,#2722,.T.);
#3473=ORIENTED_EDGE('',*,*,#2721,.T.);
#3474=ORIENTED_EDGE('',*,*,#2660,.T.);
#3475=ORIENTED_EDGE('',*,*,#2685,.T.);
#3476=ORIENTED_EDGE('',*,*,#2723,.F.);
#3477=ORIENTED_EDGE('',*,*,#2683,.T.);
#3478=ORIENTED_EDGE('',*,*,#2724,.F.);
#3479=ORIENTED_EDGE('',*,*,#2725,.F.);
#3480=ORIENTED_EDGE('',*,*,#2726,.F.);
#3481=ORIENTED_EDGE('',*,*,#2727,.T.);
#3482=ORIENTED_EDGE('',*,*,#2663,.T.);
#3483=ORIENTED_EDGE('',*,*,#2716,.T.);
#3484=ORIENTED_EDGE('',*,*,#2710,.T.);
#3485=ORIENTED_EDGE('',*,*,#2728,.F.);
#3486=ORIENTED_EDGE('',*,*,#2729,.F.);
#3487=ORIENTED_EDGE('',*,*,#2728,.T.);
#3488=ORIENTED_EDGE('',*,*,#2730,.T.);
#3489=ORIENTED_EDGE('',*,*,#2731,.T.);
#3490=ORIENTED_EDGE('',*,*,#2730,.F.);
#3491=ORIENTED_EDGE('',*,*,#2729,.T.);
#3492=ORIENTED_EDGE('',*,*,#2732,.T.);
#3493=ORIENTED_EDGE('',*,*,#2733,.T.);
#3494=ORIENTED_EDGE('',*,*,#2732,.F.);
#3495=ORIENTED_EDGE('',*,*,#2734,.F.);
#3496=ORIENTED_EDGE('',*,*,#2735,.F.);
#3497=ORIENTED_EDGE('',*,*,#2731,.F.);
#3498=ORIENTED_EDGE('',*,*,#2736,.T.);
#3499=ORIENTED_EDGE('',*,*,#2733,.F.);
#3500=ORIENTED_EDGE('',*,*,#2737,.T.);
#3501=ORIENTED_EDGE('',*,*,#2734,.T.);
#3502=ORIENTED_EDGE('',*,*,#2738,.T.);
#3503=ORIENTED_EDGE('',*,*,#2739,.T.);
#3504=ORIENTED_EDGE('',*,*,#2738,.F.);
#3505=ORIENTED_EDGE('',*,*,#2735,.T.);
#3506=ORIENTED_EDGE('',*,*,#2740,.T.);
#3507=ORIENTED_EDGE('',*,*,#2741,.T.);
#3508=ORIENTED_EDGE('',*,*,#2740,.F.);
#3509=ORIENTED_EDGE('',*,*,#2742,.F.);
#3510=ORIENTED_EDGE('',*,*,#2743,.T.);
#3511=ORIENTED_EDGE('',*,*,#2736,.F.);
#3512=ORIENTED_EDGE('',*,*,#2743,.F.);
#3513=ORIENTED_EDGE('',*,*,#2744,.F.);
#3514=ORIENTED_EDGE('',*,*,#2745,.T.);
#3515=ORIENTED_EDGE('',*,*,#2737,.F.);
#3516=ORIENTED_EDGE('',*,*,#2745,.F.);
#3517=ORIENTED_EDGE('',*,*,#2714,.F.);
#3518=ORIENTED_EDGE('',*,*,#2746,.T.);
#3519=ORIENTED_EDGE('',*,*,#2747,.F.);
#3520=ORIENTED_EDGE('',*,*,#2746,.F.);
#3521=ORIENTED_EDGE('',*,*,#2713,.F.);
#3522=ORIENTED_EDGE('',*,*,#2748,.T.);
#3523=ORIENTED_EDGE('',*,*,#2749,.F.);
#3524=ORIENTED_EDGE('',*,*,#2748,.F.);
#3525=ORIENTED_EDGE('',*,*,#2750,.F.);
#3526=ORIENTED_EDGE('',*,*,#2751,.T.);
#3527=ORIENTED_EDGE('',*,*,#2752,.F.);
#3528=ORIENTED_EDGE('',*,*,#2751,.F.);
#3529=ORIENTED_EDGE('',*,*,#2753,.T.);
#3530=ORIENTED_EDGE('',*,*,#2754,.F.);
#3531=ORIENTED_EDGE('',*,*,#2755,.F.);
#3532=ORIENTED_EDGE('',*,*,#2756,.F.);
#3533=ORIENTED_EDGE('',*,*,#2757,.F.);
#3534=ORIENTED_EDGE('',*,*,#2758,.F.);
#3535=ORIENTED_EDGE('',*,*,#2759,.F.);
#3536=ORIENTED_EDGE('',*,*,#2755,.T.);
#3537=ORIENTED_EDGE('',*,*,#2760,.T.);
#3538=ORIENTED_EDGE('',*,*,#2761,.F.);
#3539=ORIENTED_EDGE('',*,*,#2758,.T.);
#3540=ORIENTED_EDGE('',*,*,#2762,.F.);
#3541=ORIENTED_EDGE('',*,*,#2763,.T.);
#3542=ORIENTED_EDGE('',*,*,#2749,.T.);
#3543=ORIENTED_EDGE('',*,*,#2764,.T.);
#3544=ORIENTED_EDGE('',*,*,#2747,.T.);
#3545=ORIENTED_EDGE('',*,*,#2765,.F.);
#3546=ORIENTED_EDGE('',*,*,#2766,.T.);
#3547=ORIENTED_EDGE('',*,*,#2767,.F.);
#3548=ORIENTED_EDGE('',*,*,#2768,.T.);
#3549=ORIENTED_EDGE('',*,*,#2739,.F.);
#3550=ORIENTED_EDGE('',*,*,#2769,.T.);
#3551=ORIENTED_EDGE('',*,*,#2741,.F.);
#3552=ORIENTED_EDGE('',*,*,#2770,.T.);
#3553=ORIENTED_EDGE('',*,*,#2717,.F.);
#3554=ORIENTED_EDGE('',*,*,#2648,.T.);
#3555=ORIENTED_EDGE('',*,*,#2720,.F.);
#3556=ORIENTED_EDGE('',*,*,#2771,.T.);
#3557=ORIENTED_EDGE('',*,*,#2744,.T.);
#3558=ORIENTED_EDGE('',*,*,#2742,.T.);
#3559=ORIENTED_EDGE('',*,*,#2722,.F.);
#3560=ORIENTED_EDGE('',*,*,#2712,.F.);
#3561=ORIENTED_EDGE('',*,*,#2715,.F.);
#3562=ORIENTED_EDGE('',*,*,#2677,.F.);
#3563=ORIENTED_EDGE('',*,*,#2772,.T.);
#3564=ORIENTED_EDGE('',*,*,#2773,.T.);
#3565=ORIENTED_EDGE('',*,*,#2774,.T.);
#3566=ORIENTED_EDGE('',*,*,#2756,.T.);
#3567=ORIENTED_EDGE('',*,*,#2759,.T.);
#3568=ORIENTED_EDGE('',*,*,#2761,.T.);
#3569=ORIENTED_EDGE('',*,*,#2750,.T.);
#3570=ORIENTED_EDGE('',*,*,#2774,.F.);
#3571=ORIENTED_EDGE('',*,*,#2775,.T.);
#3572=ORIENTED_EDGE('',*,*,#2776,.F.);
#3573=ORIENTED_EDGE('',*,*,#2753,.F.);
#3574=ORIENTED_EDGE('',*,*,#2777,.T.);
#3575=ORIENTED_EDGE('',*,*,#2762,.T.);
#3576=ORIENTED_EDGE('',*,*,#2757,.T.);
#3577=ORIENTED_EDGE('',*,*,#2754,.T.);
#3578=ORIENTED_EDGE('',*,*,#2776,.T.);
#3579=ORIENTED_EDGE('',*,*,#2778,.T.);
#3580=ORIENTED_EDGE('',*,*,#2752,.T.);
#3581=ORIENTED_EDGE('',*,*,#2772,.F.);
#3582=ORIENTED_EDGE('',*,*,#2760,.F.);
#3583=ORIENTED_EDGE('',*,*,#2777,.F.);
#3584=ORIENTED_EDGE('',*,*,#2779,.T.);
#3585=ORIENTED_EDGE('',*,*,#2687,.F.);
#3586=ORIENTED_EDGE('',*,*,#2780,.T.);
#3587=ORIENTED_EDGE('',*,*,#2763,.F.);
#3588=ORIENTED_EDGE('',*,*,#2780,.F.);
#3589=ORIENTED_EDGE('',*,*,#2688,.F.);
#3590=ORIENTED_EDGE('',*,*,#2781,.T.);
#3591=ORIENTED_EDGE('',*,*,#2764,.F.);
#3592=ORIENTED_EDGE('',*,*,#2781,.F.);
#3593=ORIENTED_EDGE('',*,*,#2684,.T.);
#3594=ORIENTED_EDGE('',*,*,#2723,.T.);
#3595=ORIENTED_EDGE('',*,*,#2782,.F.);
#3596=ORIENTED_EDGE('',*,*,#2783,.T.);
#3597=ORIENTED_EDGE('',*,*,#2689,.F.);
#3598=ORIENTED_EDGE('',*,*,#2783,.F.);
#3599=ORIENTED_EDGE('',*,*,#2680,.F.);
#3600=ORIENTED_EDGE('',*,*,#2784,.T.);
#3601=ORIENTED_EDGE('',*,*,#2785,.F.);
#3602=ORIENTED_EDGE('',*,*,#2786,.F.);
#3603=ORIENTED_EDGE('',*,*,#2681,.F.);
#3604=ORIENTED_EDGE('',*,*,#2786,.T.);
#3605=ORIENTED_EDGE('',*,*,#2787,.F.);
#3606=ORIENTED_EDGE('',*,*,#2788,.F.);
#3607=ORIENTED_EDGE('',*,*,#2724,.T.);
#3608=ORIENTED_EDGE('',*,*,#2682,.T.);
#3609=ORIENTED_EDGE('',*,*,#2788,.T.);
#3610=ORIENTED_EDGE('',*,*,#2789,.F.);
#3611=ORIENTED_EDGE('',*,*,#2725,.T.);
#3612=ORIENTED_EDGE('',*,*,#2790,.F.);
#3613=ORIENTED_EDGE('',*,*,#2791,.F.);
#3614=ORIENTED_EDGE('',*,*,#2791,.T.);
#3615=ORIENTED_EDGE('',*,*,#2792,.F.);
#3616=ORIENTED_EDGE('',*,*,#2726,.T.);
#3617=ORIENTED_EDGE('',*,*,#2697,.F.);
#3618=ORIENTED_EDGE('',*,*,#2793,.T.);
#3619=ORIENTED_EDGE('',*,*,#2765,.T.);
#3620=ORIENTED_EDGE('',*,*,#2793,.F.);
#3621=ORIENTED_EDGE('',*,*,#2698,.F.);
#3622=ORIENTED_EDGE('',*,*,#2794,.T.);
#3623=ORIENTED_EDGE('',*,*,#2767,.T.);
#3624=ORIENTED_EDGE('',*,*,#2794,.F.);
#3625=ORIENTED_EDGE('',*,*,#2703,.F.);
#3626=ORIENTED_EDGE('',*,*,#2795,.T.);
#3627=ORIENTED_EDGE('',*,*,#2766,.F.);
#3628=ORIENTED_EDGE('',*,*,#2795,.F.);
#3629=ORIENTED_EDGE('',*,*,#2702,.F.);
#3630=ORIENTED_EDGE('',*,*,#2796,.T.);
#3631=ORIENTED_EDGE('',*,*,#2768,.F.);
#3632=ORIENTED_EDGE('',*,*,#2796,.F.);
#3633=ORIENTED_EDGE('',*,*,#2797,.F.);
#3634=ORIENTED_EDGE('',*,*,#2798,.T.);
#3635=ORIENTED_EDGE('',*,*,#2769,.F.);
#3636=ORIENTED_EDGE('',*,*,#2798,.F.);
#3637=ORIENTED_EDGE('',*,*,#2799,.F.);
#3638=ORIENTED_EDGE('',*,*,#2800,.T.);
#3639=ORIENTED_EDGE('',*,*,#2770,.F.);
#3640=ORIENTED_EDGE('',*,*,#2800,.F.);
#3641=ORIENTED_EDGE('',*,*,#2654,.F.);
#3642=ORIENTED_EDGE('',*,*,#2665,.F.);
#3643=ORIENTED_EDGE('',*,*,#2801,.F.);
#3644=ORIENTED_EDGE('',*,*,#2784,.F.);
#3645=ORIENTED_EDGE('',*,*,#2727,.F.);
#3646=ORIENTED_EDGE('',*,*,#2792,.T.);
#3647=ORIENTED_EDGE('',*,*,#2790,.T.);
#3648=ORIENTED_EDGE('',*,*,#2789,.T.);
#3649=ORIENTED_EDGE('',*,*,#2787,.T.);
#3650=ORIENTED_EDGE('',*,*,#2785,.T.);
#3651=ORIENTED_EDGE('',*,*,#2801,.T.);
#3652=ORIENTED_EDGE('',*,*,#2664,.F.);
#3653=ORIENTED_EDGE('',*,*,#2782,.T.);
#3654=ORIENTED_EDGE('',*,*,#2694,.T.);
#3655=ORIENTED_EDGE('',*,*,#2708,.T.);
#3656=ORIENTED_EDGE('',*,*,#2707,.F.);
#3657=ORIENTED_EDGE('',*,*,#2701,.F.);
#3658=ORIENTED_EDGE('',*,*,#2671,.T.);
#3659=ORIENTED_EDGE('',*,*,#2691,.F.);
#3660=ORIENTED_EDGE('',*,*,#2675,.F.);
#3661=ORIENTED_EDGE('',*,*,#2802,.F.);
#3662=ORIENTED_EDGE('',*,*,#2704,.T.);
#3663=ORIENTED_EDGE('',*,*,#2696,.F.);
#3664=ORIENTED_EDGE('',*,*,#2667,.F.);
#3665=ORIENTED_EDGE('',*,*,#2679,.F.);
#3666=ORIENTED_EDGE('',*,*,#2718,.F.);
#3667=ORIENTED_EDGE('',*,*,#2771,.F.);
#3668=ORIENTED_EDGE('',*,*,#2719,.T.);
#3669=ORIENTED_EDGE('',*,*,#2686,.F.);
#3670=ORIENTED_EDGE('',*,*,#2658,.F.);
#3671=ORIENTED_EDGE('',*,*,#2692,.F.);
#3672=ORIENTED_EDGE('',*,*,#2779,.F.);
#3673=ORIENTED_EDGE('',*,*,#2778,.F.);
#3674=ORIENTED_EDGE('',*,*,#2775,.F.);
#3675=ORIENTED_EDGE('',*,*,#2773,.F.);
#3676=ORIENTED_EDGE('',*,*,#2705,.F.);
#3677=ORIENTED_EDGE('',*,*,#2802,.T.);
#3678=ORIENTED_EDGE('',*,*,#2674,.T.);
#3679=ORIENTED_EDGE('',*,*,#2643,.T.);
#3680=ORIENTED_EDGE('',*,*,#2799,.T.);
#3681=ORIENTED_EDGE('',*,*,#2797,.T.);
#3682=ORIENTED_EDGE('',*,*,#2803,.F.);
#3683=ORIENTED_EDGE('',*,*,#2804,.T.);
#3684=ORIENTED_EDGE('',*,*,#2805,.T.);
#3685=ORIENTED_EDGE('',*,*,#2804,.F.);
#3686=ORIENTED_EDGE('',*,*,#2806,.F.);
#3687=ORIENTED_EDGE('',*,*,#2807,.T.);
#3688=ORIENTED_EDGE('',*,*,#2808,.T.);
#3689=ORIENTED_EDGE('',*,*,#2807,.F.);
#3690=ORIENTED_EDGE('',*,*,#2809,.F.);
#3691=ORIENTED_EDGE('',*,*,#2810,.T.);
#3692=ORIENTED_EDGE('',*,*,#2811,.T.);
#3693=ORIENTED_EDGE('',*,*,#2810,.F.);
#3694=ORIENTED_EDGE('',*,*,#2812,.F.);
#3695=ORIENTED_EDGE('',*,*,#2813,.T.);
#3696=ORIENTED_EDGE('',*,*,#2814,.T.);
#3697=ORIENTED_EDGE('',*,*,#2813,.F.);
#3698=ORIENTED_EDGE('',*,*,#2815,.T.);
#3699=ORIENTED_EDGE('',*,*,#2816,.T.);
#3700=ORIENTED_EDGE('',*,*,#2817,.F.);
#3701=ORIENTED_EDGE('',*,*,#2818,.F.);
#3702=ORIENTED_EDGE('',*,*,#2819,.T.);
#3703=ORIENTED_EDGE('',*,*,#2818,.T.);
#3704=ORIENTED_EDGE('',*,*,#2820,.F.);
#3705=ORIENTED_EDGE('',*,*,#2821,.F.);
#3706=ORIENTED_EDGE('',*,*,#2822,.T.);
#3707=ORIENTED_EDGE('',*,*,#2821,.T.);
#3708=ORIENTED_EDGE('',*,*,#2823,.F.);
#3709=ORIENTED_EDGE('',*,*,#2824,.F.);
#3710=ORIENTED_EDGE('',*,*,#2825,.T.);
#3711=ORIENTED_EDGE('',*,*,#2824,.T.);
#3712=ORIENTED_EDGE('',*,*,#2826,.F.);
#3713=ORIENTED_EDGE('',*,*,#2816,.F.);
#3714=ORIENTED_EDGE('',*,*,#2826,.T.);
#3715=ORIENTED_EDGE('',*,*,#2823,.T.);
#3716=ORIENTED_EDGE('',*,*,#2820,.T.);
#3717=ORIENTED_EDGE('',*,*,#2817,.T.);
#3718=ORIENTED_EDGE('',*,*,#2812,.T.);
#3719=ORIENTED_EDGE('',*,*,#2809,.T.);
#3720=ORIENTED_EDGE('',*,*,#2806,.T.);
#3721=ORIENTED_EDGE('',*,*,#2803,.T.);
#3722=ORIENTED_EDGE('',*,*,#2825,.F.);
#3723=ORIENTED_EDGE('',*,*,#2815,.F.);
#3724=ORIENTED_EDGE('',*,*,#2819,.F.);
#3725=ORIENTED_EDGE('',*,*,#2822,.F.);
#3726=ORIENTED_EDGE('',*,*,#2814,.F.);
#3727=ORIENTED_EDGE('',*,*,#2811,.F.);
#3728=ORIENTED_EDGE('',*,*,#2808,.F.);
#3729=ORIENTED_EDGE('',*,*,#2805,.F.);
#3730=ORIENTED_EDGE('',*,*,#2827,.F.);
#3731=ORIENTED_EDGE('',*,*,#2828,.T.);
#3732=ORIENTED_EDGE('',*,*,#2829,.T.);
#3733=ORIENTED_EDGE('',*,*,#2830,.T.);
#3734=ORIENTED_EDGE('',*,*,#2831,.T.);
#3735=ORIENTED_EDGE('',*,*,#2832,.T.);
#3736=ORIENTED_EDGE('',*,*,#2833,.F.);
#3737=ORIENTED_EDGE('',*,*,#2834,.F.);
#3738=ORIENTED_EDGE('',*,*,#2835,.F.);
#3739=ORIENTED_EDGE('',*,*,#2836,.T.);
#3740=ORIENTED_EDGE('',*,*,#2837,.F.);
#3741=ORIENTED_EDGE('',*,*,#2838,.F.);
#3742=ORIENTED_EDGE('',*,*,#2839,.T.);
#3743=ORIENTED_EDGE('',*,*,#2840,.F.);
#3744=ORIENTED_EDGE('',*,*,#2841,.T.);
#3745=ORIENTED_EDGE('',*,*,#2827,.T.);
#3746=ORIENTED_EDGE('',*,*,#2842,.F.);
#3747=ORIENTED_EDGE('',*,*,#2843,.F.);
#3748=ORIENTED_EDGE('',*,*,#2844,.T.);
#3749=ORIENTED_EDGE('',*,*,#2840,.T.);
#3750=ORIENTED_EDGE('',*,*,#2845,.T.);
#3751=ORIENTED_EDGE('',*,*,#2846,.F.);
#3752=ORIENTED_EDGE('',*,*,#2847,.T.);
#3753=ORIENTED_EDGE('',*,*,#2848,.F.);
#3754=ORIENTED_EDGE('',*,*,#2849,.F.);
#3755=ORIENTED_EDGE('',*,*,#2850,.F.);
#3756=ORIENTED_EDGE('',*,*,#2851,.T.);
#3757=ORIENTED_EDGE('',*,*,#2852,.F.);
#3758=ORIENTED_EDGE('',*,*,#2853,.T.);
#3759=ORIENTED_EDGE('',*,*,#2854,.T.);
#3760=ORIENTED_EDGE('',*,*,#2829,.F.);
#3761=ORIENTED_EDGE('',*,*,#2855,.T.);
#3762=ORIENTED_EDGE('',*,*,#2843,.T.);
#3763=ORIENTED_EDGE('',*,*,#2856,.F.);
#3764=ORIENTED_EDGE('',*,*,#2857,.T.);
#3765=ORIENTED_EDGE('',*,*,#2858,.T.);
#3766=ORIENTED_EDGE('',*,*,#2859,.T.);
#3767=ORIENTED_EDGE('',*,*,#2860,.T.);
#3768=ORIENTED_EDGE('',*,*,#2861,.F.);
#3769=ORIENTED_EDGE('',*,*,#2841,.F.);
#3770=ORIENTED_EDGE('',*,*,#2862,.F.);
#3771=ORIENTED_EDGE('',*,*,#2860,.F.);
#3772=ORIENTED_EDGE('',*,*,#2862,.T.);
#3773=ORIENTED_EDGE('',*,*,#2844,.F.);
#3774=ORIENTED_EDGE('',*,*,#2863,.F.);
#3775=ORIENTED_EDGE('',*,*,#2857,.F.);
#3776=ORIENTED_EDGE('',*,*,#2861,.T.);
#3777=ORIENTED_EDGE('',*,*,#2859,.F.);
#3778=ORIENTED_EDGE('',*,*,#2864,.F.);
#3779=ORIENTED_EDGE('',*,*,#2828,.F.);
#3780=ORIENTED_EDGE('',*,*,#2863,.T.);
#3781=ORIENTED_EDGE('',*,*,#2855,.F.);
#3782=ORIENTED_EDGE('',*,*,#2864,.T.);
#3783=ORIENTED_EDGE('',*,*,#2858,.F.);
#3784=ORIENTED_EDGE('',*,*,#2845,.F.);
#3785=ORIENTED_EDGE('',*,*,#2842,.T.);
#3786=ORIENTED_EDGE('',*,*,#2839,.F.);
#3787=ORIENTED_EDGE('',*,*,#2865,.F.);
#3788=ORIENTED_EDGE('',*,*,#2866,.T.);
#3789=ORIENTED_EDGE('',*,*,#2867,.T.);
#3790=ORIENTED_EDGE('',*,*,#2868,.T.);
#3791=ORIENTED_EDGE('',*,*,#2869,.T.);
#3792=ORIENTED_EDGE('',*,*,#2870,.T.);
#3793=ORIENTED_EDGE('',*,*,#2869,.F.);
#3794=ORIENTED_EDGE('',*,*,#2871,.T.);
#3795=ORIENTED_EDGE('',*,*,#2872,.F.);
#3796=ORIENTED_EDGE('',*,*,#2873,.T.);
#3797=ORIENTED_EDGE('',*,*,#2874,.T.);
#3798=ORIENTED_EDGE('',*,*,#2875,.T.);
#3799=ORIENTED_EDGE('',*,*,#2876,.T.);
#3800=ORIENTED_EDGE('',*,*,#2867,.F.);
#3801=ORIENTED_EDGE('',*,*,#2877,.T.);
#3802=ORIENTED_EDGE('',*,*,#2878,.T.);
#3803=ORIENTED_EDGE('',*,*,#2877,.F.);
#3804=ORIENTED_EDGE('',*,*,#2879,.F.);
#3805=ORIENTED_EDGE('',*,*,#2880,.T.);
#3806=ORIENTED_EDGE('',*,*,#2881,.T.);
#3807=ORIENTED_EDGE('',*,*,#2880,.F.);
#3808=ORIENTED_EDGE('',*,*,#2882,.F.);
#3809=ORIENTED_EDGE('',*,*,#2883,.T.);
#3810=ORIENTED_EDGE('',*,*,#2884,.T.);
#3811=ORIENTED_EDGE('',*,*,#2883,.F.);
#3812=ORIENTED_EDGE('',*,*,#2866,.F.);
#3813=ORIENTED_EDGE('',*,*,#2885,.T.);
#3814=ORIENTED_EDGE('',*,*,#2886,.T.);
#3815=ORIENTED_EDGE('',*,*,#2885,.F.);
#3816=ORIENTED_EDGE('',*,*,#2887,.T.);
#3817=ORIENTED_EDGE('',*,*,#2888,.T.);
#3818=ORIENTED_EDGE('',*,*,#2889,.T.);
#3819=ORIENTED_EDGE('',*,*,#2890,.T.);
#3820=ORIENTED_EDGE('',*,*,#2891,.T.);
#3821=ORIENTED_EDGE('',*,*,#2871,.F.);
#3822=ORIENTED_EDGE('',*,*,#2868,.F.);
#3823=ORIENTED_EDGE('',*,*,#2892,.T.);
#3824=ORIENTED_EDGE('',*,*,#2893,.T.);
#3825=ORIENTED_EDGE('',*,*,#2894,.T.);
#3826=ORIENTED_EDGE('',*,*,#2895,.F.);
#3827=ORIENTED_EDGE('',*,*,#2896,.T.);
#3828=ORIENTED_EDGE('',*,*,#2897,.T.);
#3829=ORIENTED_EDGE('',*,*,#2898,.T.);
#3830=ORIENTED_EDGE('',*,*,#2875,.F.);
#3831=ORIENTED_EDGE('',*,*,#2834,.T.);
#3832=ORIENTED_EDGE('',*,*,#2899,.T.);
#3833=ORIENTED_EDGE('',*,*,#2850,.T.);
#3834=ORIENTED_EDGE('',*,*,#2873,.F.);
#3835=ORIENTED_EDGE('',*,*,#2889,.F.);
#3836=ORIENTED_EDGE('',*,*,#2900,.T.);
#3837=ORIENTED_EDGE('',*,*,#2896,.F.);
#3838=ORIENTED_EDGE('',*,*,#2901,.F.);
#3839=ORIENTED_EDGE('',*,*,#2902,.T.);
#3840=ORIENTED_EDGE('',*,*,#2903,.T.);
#3841=ORIENTED_EDGE('',*,*,#2894,.F.);
#3842=ORIENTED_EDGE('',*,*,#2904,.T.);
#3843=ORIENTED_EDGE('',*,*,#2874,.F.);
#3844=ORIENTED_EDGE('',*,*,#2849,.T.);
#3845=ORIENTED_EDGE('',*,*,#2905,.T.);
#3846=ORIENTED_EDGE('',*,*,#2835,.T.);
#3847=ORIENTED_EDGE('',*,*,#2906,.T.);
#3848=ORIENTED_EDGE('',*,*,#2907,.T.);
#3849=ORIENTED_EDGE('',*,*,#2851,.F.);
#3850=ORIENTED_EDGE('',*,*,#2899,.F.);
#3851=ORIENTED_EDGE('',*,*,#2833,.T.);
#3852=ORIENTED_EDGE('',*,*,#2908,.T.);
#3853=ORIENTED_EDGE('',*,*,#2909,.F.);
#3854=ORIENTED_EDGE('',*,*,#2910,.F.);
#3855=ORIENTED_EDGE('',*,*,#2907,.F.);
#3856=ORIENTED_EDGE('',*,*,#2911,.T.);
#3857=ORIENTED_EDGE('',*,*,#2912,.T.);
#3858=ORIENTED_EDGE('',*,*,#2852,.T.);
#3859=ORIENTED_EDGE('',*,*,#2881,.F.);
#3860=ORIENTED_EDGE('',*,*,#2913,.F.);
#3861=ORIENTED_EDGE('',*,*,#2914,.T.);
#3862=ORIENTED_EDGE('',*,*,#2915,.T.);
#3863=ORIENTED_EDGE('',*,*,#2916,.F.);
#3864=ORIENTED_EDGE('',*,*,#2836,.F.);
#3865=ORIENTED_EDGE('',*,*,#2905,.F.);
#3866=ORIENTED_EDGE('',*,*,#2848,.T.);
#3867=ORIENTED_EDGE('',*,*,#2917,.F.);
#3868=ORIENTED_EDGE('',*,*,#2918,.F.);
#3869=ORIENTED_EDGE('',*,*,#2917,.T.);
#3870=ORIENTED_EDGE('',*,*,#2847,.F.);
#3871=ORIENTED_EDGE('',*,*,#2919,.F.);
#3872=ORIENTED_EDGE('',*,*,#2878,.F.);
#3873=ORIENTED_EDGE('',*,*,#2830,.F.);
#3874=ORIENTED_EDGE('',*,*,#2856,.T.);
#3875=ORIENTED_EDGE('',*,*,#2854,.F.);
#3876=ORIENTED_EDGE('',*,*,#2920,.T.);
#3877=ORIENTED_EDGE('',*,*,#2879,.T.);
#3878=ORIENTED_EDGE('',*,*,#2882,.T.);
#3879=ORIENTED_EDGE('',*,*,#2916,.T.);
#3880=ORIENTED_EDGE('',*,*,#2921,.T.);
#3881=ORIENTED_EDGE('',*,*,#2922,.F.);
#3882=ORIENTED_EDGE('',*,*,#2837,.T.);
#3883=ORIENTED_EDGE('',*,*,#2886,.F.);
#3884=ORIENTED_EDGE('',*,*,#2846,.T.);
#3885=ORIENTED_EDGE('',*,*,#2865,.T.);
#3886=ORIENTED_EDGE('',*,*,#2838,.T.);
#3887=ORIENTED_EDGE('',*,*,#2922,.T.);
#3888=ORIENTED_EDGE('',*,*,#2923,.F.);
#3889=ORIENTED_EDGE('',*,*,#2919,.T.);
#3890=ORIENTED_EDGE('',*,*,#2924,.F.);
#3891=ORIENTED_EDGE('',*,*,#2908,.F.);
#3892=ORIENTED_EDGE('',*,*,#2832,.F.);
#3893=ORIENTED_EDGE('',*,*,#2925,.T.);
#3894=ORIENTED_EDGE('',*,*,#2884,.F.);
#3895=ORIENTED_EDGE('',*,*,#2853,.F.);
#3896=ORIENTED_EDGE('',*,*,#2912,.F.);
#3897=ORIENTED_EDGE('',*,*,#2926,.T.);
#3898=ORIENTED_EDGE('',*,*,#2925,.F.);
#3899=ORIENTED_EDGE('',*,*,#2831,.F.);
#3900=ORIENTED_EDGE('',*,*,#2920,.F.);
#3901=ORIENTED_EDGE('',*,*,#2927,.T.);
#3902=ORIENTED_EDGE('',*,*,#2914,.F.);
#3903=ORIENTED_EDGE('',*,*,#2928,.F.);
#3904=ORIENTED_EDGE('',*,*,#2923,.T.);
#3905=ORIENTED_EDGE('',*,*,#2918,.T.);
#3906=ORIENTED_EDGE('',*,*,#2928,.T.);
#3907=ORIENTED_EDGE('',*,*,#2913,.T.);
#3908=ORIENTED_EDGE('',*,*,#2921,.F.);
#3909=ORIENTED_EDGE('',*,*,#2915,.F.);
#3910=ORIENTED_EDGE('',*,*,#2927,.F.);
#3911=ORIENTED_EDGE('',*,*,#2929,.F.);
#3912=ORIENTED_EDGE('',*,*,#2926,.F.);
#3913=ORIENTED_EDGE('',*,*,#2930,.T.);
#3914=ORIENTED_EDGE('',*,*,#2910,.T.);
#3915=ORIENTED_EDGE('',*,*,#2911,.F.);
#3916=ORIENTED_EDGE('',*,*,#2906,.F.);
#3917=ORIENTED_EDGE('',*,*,#2930,.F.);
#3918=ORIENTED_EDGE('',*,*,#2924,.T.);
#3919=ORIENTED_EDGE('',*,*,#2929,.T.);
#3920=ORIENTED_EDGE('',*,*,#2909,.T.);
#3921=ORIENTED_EDGE('',*,*,#2891,.F.);
#3922=ORIENTED_EDGE('',*,*,#2931,.T.);
#3923=ORIENTED_EDGE('',*,*,#2892,.F.);
#3924=ORIENTED_EDGE('',*,*,#2872,.T.);
#3925=ORIENTED_EDGE('',*,*,#2898,.F.);
#3926=ORIENTED_EDGE('',*,*,#2932,.T.);
#3927=ORIENTED_EDGE('',*,*,#2887,.F.);
#3928=ORIENTED_EDGE('',*,*,#2876,.F.);
#3929=ORIENTED_EDGE('',*,*,#2903,.F.);
#3930=ORIENTED_EDGE('',*,*,#2933,.T.);
#3931=ORIENTED_EDGE('',*,*,#2901,.T.);
#3932=ORIENTED_EDGE('',*,*,#2895,.T.);
#3933=ORIENTED_EDGE('',*,*,#2902,.F.);
#3934=ORIENTED_EDGE('',*,*,#2933,.F.);
#3935=ORIENTED_EDGE('',*,*,#2897,.F.);
#3936=ORIENTED_EDGE('',*,*,#2900,.F.);
#3937=ORIENTED_EDGE('',*,*,#2888,.F.);
#3938=ORIENTED_EDGE('',*,*,#2932,.F.);
#3939=ORIENTED_EDGE('',*,*,#2893,.F.);
#3940=ORIENTED_EDGE('',*,*,#2931,.F.);
#3941=ORIENTED_EDGE('',*,*,#2890,.F.);
#3942=ORIENTED_EDGE('',*,*,#2904,.F.);
#3943=ORIENTED_EDGE('',*,*,#2870,.F.);
#3944=ORIENTED_EDGE('',*,*,#2934,.F.);
#3945=ORIENTED_EDGE('',*,*,#2934,.T.);
#3946=ORIENTED_EDGE('',*,*,#2935,.T.);
#3947=ORIENTED_EDGE('',*,*,#2936,.F.);
#3948=ORIENTED_EDGE('',*,*,#2935,.F.);
#3949=ORIENTED_EDGE('',*,*,#2936,.T.);
#3950=ORIENTED_EDGE('',*,*,#2937,.F.);
#3951=ORIENTED_EDGE('',*,*,#2938,.T.);
#3952=ORIENTED_EDGE('',*,*,#2939,.T.);
#3953=ORIENTED_EDGE('',*,*,#2940,.F.);
#3954=ORIENTED_EDGE('',*,*,#2941,.F.);
#3955=ORIENTED_EDGE('',*,*,#2942,.T.);
#3956=ORIENTED_EDGE('',*,*,#2943,.T.);
#3957=ORIENTED_EDGE('',*,*,#2938,.F.);
#3958=ORIENTED_EDGE('',*,*,#2944,.F.);
#3959=ORIENTED_EDGE('',*,*,#2945,.T.);
#3960=ORIENTED_EDGE('',*,*,#2946,.T.);
#3961=ORIENTED_EDGE('',*,*,#2942,.F.);
#3962=ORIENTED_EDGE('',*,*,#2947,.F.);
#3963=ORIENTED_EDGE('',*,*,#2940,.T.);
#3964=ORIENTED_EDGE('',*,*,#2948,.T.);
#3965=ORIENTED_EDGE('',*,*,#2945,.F.);
#3966=ORIENTED_EDGE('',*,*,#2948,.F.);
#3967=ORIENTED_EDGE('',*,*,#2939,.F.);
#3968=ORIENTED_EDGE('',*,*,#2943,.F.);
#3969=ORIENTED_EDGE('',*,*,#2946,.F.);
#3970=ORIENTED_EDGE('',*,*,#2949,.F.);
#3971=ORIENTED_EDGE('',*,*,#2950,.F.);
#3972=ORIENTED_EDGE('',*,*,#2951,.F.);
#3973=ORIENTED_EDGE('',*,*,#2952,.F.);
#3974=ORIENTED_EDGE('',*,*,#2953,.F.);
#3975=ORIENTED_EDGE('',*,*,#2954,.F.);
#3976=ORIENTED_EDGE('',*,*,#2955,.T.);
#3977=ORIENTED_EDGE('',*,*,#2956,.F.);
#3978=ORIENTED_EDGE('',*,*,#2957,.F.);
#3979=ORIENTED_EDGE('',*,*,#2958,.F.);
#3980=ORIENTED_EDGE('',*,*,#2951,.T.);
#3981=ORIENTED_EDGE('',*,*,#2959,.F.);
#3982=ORIENTED_EDGE('',*,*,#2960,.F.);
#3983=ORIENTED_EDGE('',*,*,#2961,.F.);
#3984=ORIENTED_EDGE('',*,*,#2962,.F.);
#3985=ORIENTED_EDGE('',*,*,#2963,.F.);
#3986=ORIENTED_EDGE('',*,*,#2964,.F.);
#3987=ORIENTED_EDGE('',*,*,#2965,.F.);
#3988=ORIENTED_EDGE('',*,*,#2966,.F.);
#3989=ORIENTED_EDGE('',*,*,#2967,.F.);
#3990=ORIENTED_EDGE('',*,*,#2968,.F.);
#3991=ORIENTED_EDGE('',*,*,#2953,.T.);
#3992=ORIENTED_EDGE('',*,*,#2969,.F.);
#3993=ORIENTED_EDGE('',*,*,#2970,.F.);
#3994=ORIENTED_EDGE('',*,*,#2971,.F.);
#3995=ORIENTED_EDGE('',*,*,#2972,.T.);
#3996=ORIENTED_EDGE('',*,*,#2973,.F.);
#3997=ORIENTED_EDGE('',*,*,#2974,.F.);
#3998=ORIENTED_EDGE('',*,*,#2972,.F.);
#3999=ORIENTED_EDGE('',*,*,#2975,.T.);
#4000=ORIENTED_EDGE('',*,*,#2955,.F.);
#4001=ORIENTED_EDGE('',*,*,#2965,.T.);
#4002=ORIENTED_EDGE('',*,*,#2976,.F.);
#4003=ORIENTED_EDGE('',*,*,#2977,.T.);
#4004=ORIENTED_EDGE('',*,*,#2978,.T.);
#4005=ORIENTED_EDGE('',*,*,#2962,.T.);
#4006=ORIENTED_EDGE('',*,*,#2979,.T.);
#4007=ORIENTED_EDGE('',*,*,#2980,.F.);
#4008=ORIENTED_EDGE('',*,*,#2981,.F.);
#4009=ORIENTED_EDGE('',*,*,#2966,.T.);
#4010=ORIENTED_EDGE('',*,*,#2978,.F.);
#4011=ORIENTED_EDGE('',*,*,#2982,.F.);
#4012=ORIENTED_EDGE('',*,*,#2983,.F.);
#4013=ORIENTED_EDGE('',*,*,#2961,.T.);
#4014=ORIENTED_EDGE('',*,*,#2984,.F.);
#4015=ORIENTED_EDGE('',*,*,#2985,.F.);
#4016=ORIENTED_EDGE('',*,*,#2979,.F.);
#4017=ORIENTED_EDGE('',*,*,#2959,.T.);
#4018=ORIENTED_EDGE('',*,*,#2950,.T.);
#4019=ORIENTED_EDGE('',*,*,#2968,.T.);
#4020=ORIENTED_EDGE('',*,*,#2986,.F.);
#4021=ORIENTED_EDGE('',*,*,#2987,.T.);
#4022=ORIENTED_EDGE('',*,*,#2988,.T.);
#4023=ORIENTED_EDGE('',*,*,#2989,.T.);
#4024=ORIENTED_EDGE('',*,*,#2990,.T.);
#4025=ORIENTED_EDGE('',*,*,#2991,.T.);
#4026=ORIENTED_EDGE('',*,*,#2992,.T.);
#4027=ORIENTED_EDGE('',*,*,#2993,.F.);
#4028=ORIENTED_EDGE('',*,*,#2994,.F.);
#4029=ORIENTED_EDGE('',*,*,#2967,.T.);
#4030=ORIENTED_EDGE('',*,*,#2983,.T.);
#4031=ORIENTED_EDGE('',*,*,#2995,.F.);
#4032=ORIENTED_EDGE('',*,*,#2986,.T.);
#4033=ORIENTED_EDGE('',*,*,#2960,.T.);
#4034=ORIENTED_EDGE('',*,*,#2994,.T.);
#4035=ORIENTED_EDGE('',*,*,#2996,.F.);
#4036=ORIENTED_EDGE('',*,*,#2984,.T.);
#4037=ORIENTED_EDGE('',*,*,#2970,.T.);
#4038=ORIENTED_EDGE('',*,*,#2997,.F.);
#4039=ORIENTED_EDGE('',*,*,#2998,.T.);
#4040=ORIENTED_EDGE('',*,*,#2999,.T.);
#4041=ORIENTED_EDGE('',*,*,#2957,.T.);
#4042=ORIENTED_EDGE('',*,*,#3000,.T.);
#4043=ORIENTED_EDGE('',*,*,#3001,.F.);
#4044=ORIENTED_EDGE('',*,*,#3002,.F.);
#4045=ORIENTED_EDGE('',*,*,#2971,.T.);
#4046=ORIENTED_EDGE('',*,*,#2999,.F.);
#4047=ORIENTED_EDGE('',*,*,#3003,.T.);
#4048=ORIENTED_EDGE('',*,*,#3004,.T.);
#4049=ORIENTED_EDGE('',*,*,#2956,.T.);
#4050=ORIENTED_EDGE('',*,*,#3005,.T.);
#4051=ORIENTED_EDGE('',*,*,#3006,.F.);
#4052=ORIENTED_EDGE('',*,*,#3000,.F.);
#4053=ORIENTED_EDGE('',*,*,#2973,.T.);
#4054=ORIENTED_EDGE('',*,*,#3007,.T.);
#4055=ORIENTED_EDGE('',*,*,#2949,.T.);
#4056=ORIENTED_EDGE('',*,*,#3007,.F.);
#4057=ORIENTED_EDGE('',*,*,#2991,.F.);
#4058=ORIENTED_EDGE('',*,*,#3008,.T.);
#4059=ORIENTED_EDGE('',*,*,#3009,.F.);
#4060=ORIENTED_EDGE('',*,*,#3010,.F.);
#4061=ORIENTED_EDGE('',*,*,#3011,.F.);
#4062=ORIENTED_EDGE('',*,*,#3012,.T.);
#4063=ORIENTED_EDGE('',*,*,#3013,.F.);
#4064=ORIENTED_EDGE('',*,*,#3014,.F.);
#4065=ORIENTED_EDGE('',*,*,#3015,.F.);
#4066=ORIENTED_EDGE('',*,*,#3016,.F.);
#4067=ORIENTED_EDGE('',*,*,#3017,.F.);
#4068=ORIENTED_EDGE('',*,*,#3018,.F.);
#4069=ORIENTED_EDGE('',*,*,#3012,.F.);
#4070=ORIENTED_EDGE('',*,*,#3019,.F.);
#4071=ORIENTED_EDGE('',*,*,#3020,.F.);
#4072=ORIENTED_EDGE('',*,*,#2990,.F.);
#4073=ORIENTED_EDGE('',*,*,#3021,.F.);
#4074=ORIENTED_EDGE('',*,*,#3022,.F.);
#4075=ORIENTED_EDGE('',*,*,#3008,.F.);
#4076=ORIENTED_EDGE('',*,*,#3023,.T.);
#4077=ORIENTED_EDGE('',*,*,#3024,.F.);
#4078=ORIENTED_EDGE('',*,*,#3025,.F.);
#4079=ORIENTED_EDGE('',*,*,#3021,.T.);
#4080=ORIENTED_EDGE('',*,*,#2989,.F.);
#4081=ORIENTED_EDGE('',*,*,#3023,.F.);
#4082=ORIENTED_EDGE('',*,*,#3026,.T.);
#4083=ORIENTED_EDGE('',*,*,#3017,.T.);
#4084=ORIENTED_EDGE('',*,*,#3027,.F.);
#4085=ORIENTED_EDGE('',*,*,#3020,.T.);
#4086=ORIENTED_EDGE('',*,*,#3028,.F.);
#4087=ORIENTED_EDGE('',*,*,#3029,.F.);
#4088=ORIENTED_EDGE('',*,*,#3030,.F.);
#4089=ORIENTED_EDGE('',*,*,#3014,.T.);
#4090=ORIENTED_EDGE('',*,*,#3031,.T.);
#4091=ORIENTED_EDGE('',*,*,#3032,.F.);
#4092=ORIENTED_EDGE('',*,*,#2992,.F.);
#4093=ORIENTED_EDGE('',*,*,#3016,.T.);
#4094=ORIENTED_EDGE('',*,*,#3026,.F.);
#4095=ORIENTED_EDGE('',*,*,#2988,.F.);
#4096=ORIENTED_EDGE('',*,*,#3033,.F.);
#4097=ORIENTED_EDGE('',*,*,#3034,.T.);
#4098=ORIENTED_EDGE('',*,*,#3028,.T.);
#4099=ORIENTED_EDGE('',*,*,#3019,.T.);
#4100=ORIENTED_EDGE('',*,*,#3011,.T.);
#4101=ORIENTED_EDGE('',*,*,#3035,.T.);
#4102=ORIENTED_EDGE('',*,*,#3036,.F.);
#4103=ORIENTED_EDGE('',*,*,#3005,.F.);
#4104=ORIENTED_EDGE('',*,*,#2975,.F.);
#4105=ORIENTED_EDGE('',*,*,#3004,.F.);
#4106=ORIENTED_EDGE('',*,*,#3037,.T.);
#4107=ORIENTED_EDGE('',*,*,#3038,.T.);
#4108=ORIENTED_EDGE('',*,*,#3010,.T.);
#4109=ORIENTED_EDGE('',*,*,#3039,.T.);
#4110=ORIENTED_EDGE('',*,*,#3040,.F.);
#4111=ORIENTED_EDGE('',*,*,#3035,.F.);
#4112=ORIENTED_EDGE('',*,*,#3041,.F.);
#4113=ORIENTED_EDGE('',*,*,#3042,.T.);
#4114=ORIENTED_EDGE('',*,*,#3015,.T.);
#4115=ORIENTED_EDGE('',*,*,#3042,.F.);
#4116=ORIENTED_EDGE('',*,*,#3043,.T.);
#4117=ORIENTED_EDGE('',*,*,#2980,.T.);
#4118=ORIENTED_EDGE('',*,*,#2985,.T.);
#4119=ORIENTED_EDGE('',*,*,#2996,.T.);
#4120=ORIENTED_EDGE('',*,*,#2993,.T.);
#4121=ORIENTED_EDGE('',*,*,#3032,.T.);
#4122=ORIENTED_EDGE('',*,*,#3041,.T.);
#4123=ORIENTED_EDGE('',*,*,#3036,.T.);
#4124=ORIENTED_EDGE('',*,*,#3040,.T.);
#4125=ORIENTED_EDGE('',*,*,#3044,.T.);
#4126=ORIENTED_EDGE('',*,*,#3001,.T.);
#4127=ORIENTED_EDGE('',*,*,#3006,.T.);
#4128=ORIENTED_EDGE('',*,*,#3045,.T.);
#4129=ORIENTED_EDGE('',*,*,#3033,.T.);
#4130=ORIENTED_EDGE('',*,*,#2987,.F.);
#4131=ORIENTED_EDGE('',*,*,#2995,.T.);
#4132=ORIENTED_EDGE('',*,*,#2982,.T.);
#4133=ORIENTED_EDGE('',*,*,#2977,.F.);
#4134=ORIENTED_EDGE('',*,*,#3046,.T.);
#4135=ORIENTED_EDGE('',*,*,#2937,.T.);
#4136=ORIENTED_EDGE('',*,*,#2947,.T.);
#4137=ORIENTED_EDGE('',*,*,#2944,.T.);
#4138=ORIENTED_EDGE('',*,*,#2941,.T.);
#4139=ORIENTED_EDGE('',*,*,#3037,.F.);
#4140=ORIENTED_EDGE('',*,*,#3003,.F.);
#4141=ORIENTED_EDGE('',*,*,#2998,.F.);
#4142=ORIENTED_EDGE('',*,*,#3047,.F.);
#4143=ORIENTED_EDGE('',*,*,#3048,.F.);
#4144=ORIENTED_EDGE('',*,*,#3049,.F.);
#4145=ORIENTED_EDGE('',*,*,#3030,.T.);
#4146=ORIENTED_EDGE('',*,*,#3050,.T.);
#4147=ORIENTED_EDGE('',*,*,#3049,.T.);
#4148=ORIENTED_EDGE('',*,*,#3050,.F.);
#4149=ORIENTED_EDGE('',*,*,#3045,.F.);
#4150=ORIENTED_EDGE('',*,*,#3051,.T.);
#4151=ORIENTED_EDGE('',*,*,#2963,.T.);
#4152=ORIENTED_EDGE('',*,*,#3051,.F.);
#4153=ORIENTED_EDGE('',*,*,#2958,.T.);
#4154=ORIENTED_EDGE('',*,*,#3002,.T.);
#4155=ORIENTED_EDGE('',*,*,#3044,.F.);
#4156=ORIENTED_EDGE('',*,*,#3039,.F.);
#4157=ORIENTED_EDGE('',*,*,#3009,.T.);
#4158=ORIENTED_EDGE('',*,*,#3022,.T.);
#4159=ORIENTED_EDGE('',*,*,#3025,.T.);
#4160=ORIENTED_EDGE('',*,*,#3052,.F.);
#4161=ORIENTED_EDGE('',*,*,#3047,.T.);
#4162=ORIENTED_EDGE('',*,*,#2997,.T.);
#4163=ORIENTED_EDGE('',*,*,#2969,.T.);
#4164=ORIENTED_EDGE('',*,*,#2952,.T.);
#4165=ORIENTED_EDGE('',*,*,#3029,.T.);
#4166=ORIENTED_EDGE('',*,*,#3038,.F.);
#4167=ORIENTED_EDGE('',*,*,#3048,.T.);
#4168=ORIENTED_EDGE('',*,*,#3052,.T.);
#4169=ORIENTED_EDGE('',*,*,#3024,.T.);
#4170=ORIENTED_EDGE('',*,*,#2954,.T.);
#4171=ORIENTED_EDGE('',*,*,#2981,.T.);
#4172=ORIENTED_EDGE('',*,*,#3043,.F.);
#4173=ORIENTED_EDGE('',*,*,#3031,.F.);
#4174=ORIENTED_EDGE('',*,*,#3013,.T.);
#4175=ORIENTED_EDGE('',*,*,#3018,.T.);
#4176=ORIENTED_EDGE('',*,*,#3027,.T.);
#4177=ORIENTED_EDGE('',*,*,#3034,.F.);
#4178=ORIENTED_EDGE('',*,*,#3046,.F.);
#4179=ORIENTED_EDGE('',*,*,#2976,.T.);
#4180=ORIENTED_EDGE('',*,*,#2964,.T.);
#4181=ORIENTED_EDGE('',*,*,#2974,.T.);
#4182=ORIENTED_EDGE('',*,*,#3053,.F.);
#4183=ORIENTED_EDGE('',*,*,#3054,.F.);
#4184=ORIENTED_EDGE('',*,*,#3055,.T.);
#4185=ORIENTED_EDGE('',*,*,#3056,.F.);
#4186=ORIENTED_EDGE('',*,*,#3055,.F.);
#4187=ORIENTED_EDGE('',*,*,#3057,.F.);
#4188=ORIENTED_EDGE('',*,*,#3058,.F.);
#4189=ORIENTED_EDGE('',*,*,#3059,.F.);
#4190=ORIENTED_EDGE('',*,*,#3060,.F.);
#4191=ORIENTED_EDGE('',*,*,#3053,.T.);
#4192=ORIENTED_EDGE('',*,*,#3061,.F.);
#4193=ORIENTED_EDGE('',*,*,#3062,.F.);
#4194=ORIENTED_EDGE('',*,*,#3063,.F.);
#4195=ORIENTED_EDGE('',*,*,#3064,.F.);
#4196=ORIENTED_EDGE('',*,*,#3056,.T.);
#4197=ORIENTED_EDGE('',*,*,#3059,.T.);
#4198=ORIENTED_EDGE('',*,*,#3065,.T.);
#4199=ORIENTED_EDGE('',*,*,#3066,.F.);
#4200=ORIENTED_EDGE('',*,*,#3067,.F.);
#4201=ORIENTED_EDGE('',*,*,#3061,.T.);
#4202=ORIENTED_EDGE('',*,*,#3068,.F.);
#4203=ORIENTED_EDGE('',*,*,#3069,.T.);
#4204=ORIENTED_EDGE('',*,*,#3064,.T.);
#4205=ORIENTED_EDGE('',*,*,#3069,.F.);
#4206=ORIENTED_EDGE('',*,*,#3070,.F.);
#4207=ORIENTED_EDGE('',*,*,#3071,.F.);
#4208=ORIENTED_EDGE('',*,*,#3072,.F.);
#4209=ORIENTED_EDGE('',*,*,#3073,.F.);
#4210=ORIENTED_EDGE('',*,*,#3074,.F.);
#4211=ORIENTED_EDGE('',*,*,#3075,.F.);
#4212=ORIENTED_EDGE('',*,*,#3076,.F.);
#4213=ORIENTED_EDGE('',*,*,#3068,.T.);
#4214=ORIENTED_EDGE('',*,*,#3074,.T.);
#4215=ORIENTED_EDGE('',*,*,#3077,.T.);
#4216=ORIENTED_EDGE('',*,*,#3078,.F.);
#4217=ORIENTED_EDGE('',*,*,#3079,.F.);
#4218=ORIENTED_EDGE('',*,*,#3073,.T.);
#4219=ORIENTED_EDGE('',*,*,#3080,.T.);
#4220=ORIENTED_EDGE('',*,*,#3081,.F.);
#4221=ORIENTED_EDGE('',*,*,#3077,.F.);
#4222=ORIENTED_EDGE('',*,*,#3072,.T.);
#4223=ORIENTED_EDGE('',*,*,#3082,.T.);
#4224=ORIENTED_EDGE('',*,*,#3083,.F.);
#4225=ORIENTED_EDGE('',*,*,#3080,.F.);
#4226=ORIENTED_EDGE('',*,*,#3071,.T.);
#4227=ORIENTED_EDGE('',*,*,#3084,.T.);
#4228=ORIENTED_EDGE('',*,*,#3085,.F.);
#4229=ORIENTED_EDGE('',*,*,#3082,.F.);
#4230=ORIENTED_EDGE('',*,*,#3075,.T.);
#4231=ORIENTED_EDGE('',*,*,#3079,.T.);
#4232=ORIENTED_EDGE('',*,*,#3086,.F.);
#4233=ORIENTED_EDGE('',*,*,#3087,.F.);
#4234=ORIENTED_EDGE('',*,*,#3076,.T.);
#4235=ORIENTED_EDGE('',*,*,#3087,.T.);
#4236=ORIENTED_EDGE('',*,*,#3088,.F.);
#4237=ORIENTED_EDGE('',*,*,#3089,.F.);
#4238=ORIENTED_EDGE('',*,*,#3070,.T.);
#4239=ORIENTED_EDGE('',*,*,#3089,.T.);
#4240=ORIENTED_EDGE('',*,*,#3090,.F.);
#4241=ORIENTED_EDGE('',*,*,#3084,.F.);
#4242=ORIENTED_EDGE('',*,*,#3091,.F.);
#4243=ORIENTED_EDGE('',*,*,#3092,.T.);
#4244=ORIENTED_EDGE('',*,*,#3060,.T.);
#4245=ORIENTED_EDGE('',*,*,#3092,.F.);
#4246=ORIENTED_EDGE('',*,*,#3062,.T.);
#4247=ORIENTED_EDGE('',*,*,#3067,.T.);
#4248=ORIENTED_EDGE('',*,*,#3093,.F.);
#4249=ORIENTED_EDGE('',*,*,#3094,.F.);
#4250=ORIENTED_EDGE('',*,*,#3054,.T.);
#4251=ORIENTED_EDGE('',*,*,#3063,.T.);
#4252=ORIENTED_EDGE('',*,*,#3094,.T.);
#4253=ORIENTED_EDGE('',*,*,#3095,.F.);
#4254=ORIENTED_EDGE('',*,*,#3096,.F.);
#4255=ORIENTED_EDGE('',*,*,#3057,.T.);
#4256=ORIENTED_EDGE('',*,*,#3058,.T.);
#4257=ORIENTED_EDGE('',*,*,#3096,.T.);
#4258=ORIENTED_EDGE('',*,*,#3097,.F.);
#4259=ORIENTED_EDGE('',*,*,#3065,.F.);
#4260=ORIENTED_EDGE('',*,*,#3066,.T.);
#4261=ORIENTED_EDGE('',*,*,#3097,.T.);
#4262=ORIENTED_EDGE('',*,*,#3095,.T.);
#4263=ORIENTED_EDGE('',*,*,#3093,.T.);
#4264=ORIENTED_EDGE('',*,*,#3091,.T.);
#4265=ORIENTED_EDGE('',*,*,#3090,.T.);
#4266=ORIENTED_EDGE('',*,*,#3088,.T.);
#4267=ORIENTED_EDGE('',*,*,#3086,.T.);
#4268=ORIENTED_EDGE('',*,*,#3078,.T.);
#4269=ORIENTED_EDGE('',*,*,#3081,.T.);
#4270=ORIENTED_EDGE('',*,*,#3083,.T.);
#4271=ORIENTED_EDGE('',*,*,#3085,.T.);
#4272=ORIENTED_EDGE('',*,*,#3098,.T.);
#4273=ORIENTED_EDGE('',*,*,#3099,.F.);
#4274=ORIENTED_EDGE('',*,*,#3100,.T.);
#4275=ORIENTED_EDGE('',*,*,#3101,.T.);
#4276=ORIENTED_EDGE('',*,*,#3102,.T.);
#4277=ORIENTED_EDGE('',*,*,#3103,.T.);
#4278=ORIENTED_EDGE('',*,*,#3104,.T.);
#4279=ORIENTED_EDGE('',*,*,#3105,.T.);
#4280=ORIENTED_EDGE('',*,*,#3099,.T.);
#4281=ORIENTED_EDGE('',*,*,#3106,.T.);
#4282=ORIENTED_EDGE('',*,*,#3105,.F.);
#4283=ORIENTED_EDGE('',*,*,#3107,.T.);
#4284=ORIENTED_EDGE('',*,*,#3100,.F.);
#4285=ORIENTED_EDGE('',*,*,#3107,.F.);
#4286=ORIENTED_EDGE('',*,*,#3104,.F.);
#4287=ORIENTED_EDGE('',*,*,#3108,.T.);
#4288=ORIENTED_EDGE('',*,*,#3103,.F.);
#4289=ORIENTED_EDGE('',*,*,#3109,.F.);
#4290=ORIENTED_EDGE('',*,*,#3101,.F.);
#4291=ORIENTED_EDGE('',*,*,#3108,.F.);
#4292=ORIENTED_EDGE('',*,*,#3098,.F.);
#4293=ORIENTED_EDGE('',*,*,#3109,.T.);
#4294=ORIENTED_EDGE('',*,*,#3102,.F.);
#4295=ORIENTED_EDGE('',*,*,#3106,.F.);
#4296=ORIENTED_EDGE('',*,*,#3110,.T.);
#4297=ORIENTED_EDGE('',*,*,#3111,.T.);
#4298=ORIENTED_EDGE('',*,*,#3112,.T.);
#4299=ORIENTED_EDGE('',*,*,#3113,.F.);
#4300=ORIENTED_EDGE('',*,*,#3114,.T.);
#4301=ORIENTED_EDGE('',*,*,#3115,.F.);
#4302=ORIENTED_EDGE('',*,*,#3116,.T.);
#4303=ORIENTED_EDGE('',*,*,#3117,.T.);
#4304=ORIENTED_EDGE('',*,*,#3114,.F.);
#4305=ORIENTED_EDGE('',*,*,#3118,.T.);
#4306=ORIENTED_EDGE('',*,*,#3119,.F.);
#4307=ORIENTED_EDGE('',*,*,#3120,.F.);
#4308=ORIENTED_EDGE('',*,*,#3121,.F.);
#4309=ORIENTED_EDGE('',*,*,#3111,.F.);
#4310=ORIENTED_EDGE('',*,*,#3122,.F.);
#4311=ORIENTED_EDGE('',*,*,#3118,.F.);
#4312=ORIENTED_EDGE('',*,*,#3117,.F.);
#4313=ORIENTED_EDGE('',*,*,#3112,.F.);
#4314=ORIENTED_EDGE('',*,*,#3121,.T.);
#4315=ORIENTED_EDGE('',*,*,#3116,.F.);
#4316=ORIENTED_EDGE('',*,*,#3123,.F.);
#4317=ORIENTED_EDGE('',*,*,#3123,.T.);
#4318=ORIENTED_EDGE('',*,*,#3115,.T.);
#4319=ORIENTED_EDGE('',*,*,#3120,.T.);
#4320=ORIENTED_EDGE('',*,*,#3124,.T.);
#4321=ORIENTED_EDGE('',*,*,#3113,.T.);
#4322=ORIENTED_EDGE('',*,*,#3110,.F.);
#4323=ORIENTED_EDGE('',*,*,#3124,.F.);
#4324=ORIENTED_EDGE('',*,*,#3119,.T.);
#4325=ORIENTED_EDGE('',*,*,#3122,.T.);
#4326=ORIENTED_EDGE('',*,*,#3125,.F.);
#4327=ORIENTED_EDGE('',*,*,#3126,.T.);
#4328=ORIENTED_EDGE('',*,*,#3127,.F.);
#4329=ORIENTED_EDGE('',*,*,#3128,.F.);
#4330=ORIENTED_EDGE('',*,*,#3129,.F.);
#4331=ORIENTED_EDGE('',*,*,#3130,.F.);
#4332=ORIENTED_EDGE('',*,*,#3131,.T.);
#4333=ORIENTED_EDGE('',*,*,#3132,.T.);
#4334=ORIENTED_EDGE('',*,*,#3133,.T.);
#4335=ORIENTED_EDGE('',*,*,#3125,.T.);
#4336=ORIENTED_EDGE('',*,*,#3134,.T.);
#4337=ORIENTED_EDGE('',*,*,#3135,.F.);
#4338=ORIENTED_EDGE('',*,*,#3136,.T.);
#4339=ORIENTED_EDGE('',*,*,#3137,.T.);
#4340=ORIENTED_EDGE('',*,*,#3138,.F.);
#4341=ORIENTED_EDGE('',*,*,#3139,.F.);
#4342=ORIENTED_EDGE('',*,*,#3140,.T.);
#4343=ORIENTED_EDGE('',*,*,#3141,.F.);
#4344=ORIENTED_EDGE('',*,*,#3142,.T.);
#4345=ORIENTED_EDGE('',*,*,#3135,.T.);
#4346=ORIENTED_EDGE('',*,*,#3143,.T.);
#4347=ORIENTED_EDGE('',*,*,#3139,.T.);
#4348=ORIENTED_EDGE('',*,*,#3144,.F.);
#4349=ORIENTED_EDGE('',*,*,#3145,.F.);
#4350=ORIENTED_EDGE('',*,*,#3146,.T.);
#4351=ORIENTED_EDGE('',*,*,#3127,.T.);
#4352=ORIENTED_EDGE('',*,*,#3147,.T.);
#4353=ORIENTED_EDGE('',*,*,#3148,.T.);
#4354=ORIENTED_EDGE('',*,*,#3149,.F.);
#4355=ORIENTED_EDGE('',*,*,#3150,.F.);
#4356=ORIENTED_EDGE('',*,*,#3151,.T.);
#4357=ORIENTED_EDGE('',*,*,#3152,.T.);
#4358=ORIENTED_EDGE('',*,*,#3153,.F.);
#4359=ORIENTED_EDGE('',*,*,#3147,.F.);
#4360=ORIENTED_EDGE('',*,*,#3126,.F.);
#4361=ORIENTED_EDGE('',*,*,#3133,.F.);
#4362=ORIENTED_EDGE('',*,*,#3143,.F.);
#4363=ORIENTED_EDGE('',*,*,#3154,.F.);
#4364=ORIENTED_EDGE('',*,*,#3132,.F.);
#4365=ORIENTED_EDGE('',*,*,#3155,.F.);
#4366=ORIENTED_EDGE('',*,*,#3156,.T.);
#4367=ORIENTED_EDGE('',*,*,#3155,.T.);
#4368=ORIENTED_EDGE('',*,*,#3157,.T.);
#4369=ORIENTED_EDGE('',*,*,#3158,.F.);
#4370=ORIENTED_EDGE('',*,*,#3159,.F.);
#4371=ORIENTED_EDGE('',*,*,#3160,.T.);
#4372=ORIENTED_EDGE('',*,*,#3161,.F.);
#4373=ORIENTED_EDGE('',*,*,#3162,.T.);
#4374=ORIENTED_EDGE('',*,*,#3163,.T.);
#4375=ORIENTED_EDGE('',*,*,#3164,.F.);
#4376=ORIENTED_EDGE('',*,*,#3165,.T.);
#4377=ORIENTED_EDGE('',*,*,#3166,.F.);
#4378=ORIENTED_EDGE('',*,*,#3165,.F.);
#4379=ORIENTED_EDGE('',*,*,#3167,.F.);
#4380=ORIENTED_EDGE('',*,*,#3168,.T.);
#4381=ORIENTED_EDGE('',*,*,#3156,.F.);
#4382=ORIENTED_EDGE('',*,*,#3168,.F.);
#4383=ORIENTED_EDGE('',*,*,#3169,.F.);
#4384=ORIENTED_EDGE('',*,*,#3160,.F.);
#4385=ORIENTED_EDGE('',*,*,#3130,.T.);
#4386=ORIENTED_EDGE('',*,*,#3170,.F.);
#4387=ORIENTED_EDGE('',*,*,#3140,.F.);
#4388=ORIENTED_EDGE('',*,*,#3134,.F.);
#4389=ORIENTED_EDGE('',*,*,#3128,.T.);
#4390=ORIENTED_EDGE('',*,*,#3146,.F.);
#4391=ORIENTED_EDGE('',*,*,#3164,.T.);
#4392=ORIENTED_EDGE('',*,*,#3153,.T.);
#4393=ORIENTED_EDGE('',*,*,#3159,.T.);
#4394=ORIENTED_EDGE('',*,*,#3171,.F.);
#4395=ORIENTED_EDGE('',*,*,#3148,.F.);
#4396=ORIENTED_EDGE('',*,*,#3169,.T.);
#4397=ORIENTED_EDGE('',*,*,#3152,.F.);
#4398=ORIENTED_EDGE('',*,*,#3172,.T.);
#4399=ORIENTED_EDGE('',*,*,#3161,.T.);
#4400=ORIENTED_EDGE('',*,*,#3173,.F.);
#4401=ORIENTED_EDGE('',*,*,#3174,.T.);
#4402=ORIENTED_EDGE('',*,*,#3175,.T.);
#4403=ORIENTED_EDGE('',*,*,#3174,.F.);
#4404=ORIENTED_EDGE('',*,*,#3176,.T.);
#4405=ORIENTED_EDGE('',*,*,#3177,.T.);
#4406=ORIENTED_EDGE('',*,*,#3178,.F.);
#4407=ORIENTED_EDGE('',*,*,#3179,.F.);
#4408=ORIENTED_EDGE('',*,*,#3180,.T.);
#4409=ORIENTED_EDGE('',*,*,#3179,.T.);
#4410=ORIENTED_EDGE('',*,*,#3181,.F.);
#4411=ORIENTED_EDGE('',*,*,#3182,.F.);
#4412=ORIENTED_EDGE('',*,*,#3183,.T.);
#4413=ORIENTED_EDGE('',*,*,#3182,.T.);
#4414=ORIENTED_EDGE('',*,*,#3184,.F.);
#4415=ORIENTED_EDGE('',*,*,#3185,.F.);
#4416=ORIENTED_EDGE('',*,*,#3186,.T.);
#4417=ORIENTED_EDGE('',*,*,#3185,.T.);
#4418=ORIENTED_EDGE('',*,*,#3187,.F.);
#4419=ORIENTED_EDGE('',*,*,#3177,.F.);
#4420=ORIENTED_EDGE('',*,*,#3188,.F.);
#4421=ORIENTED_EDGE('',*,*,#3189,.T.);
#4422=ORIENTED_EDGE('',*,*,#3190,.T.);
#4423=ORIENTED_EDGE('',*,*,#3189,.F.);
#4424=ORIENTED_EDGE('',*,*,#3154,.T.);
#4425=ORIENTED_EDGE('',*,*,#3145,.T.);
#4426=ORIENTED_EDGE('',*,*,#3191,.F.);
#4427=ORIENTED_EDGE('',*,*,#3192,.F.);
#4428=ORIENTED_EDGE('',*,*,#3193,.T.);
#4429=ORIENTED_EDGE('',*,*,#3141,.T.);
#4430=ORIENTED_EDGE('',*,*,#3170,.T.);
#4431=ORIENTED_EDGE('',*,*,#3129,.T.);
#4432=ORIENTED_EDGE('',*,*,#3194,.T.);
#4433=ORIENTED_EDGE('',*,*,#3192,.T.);
#4434=ORIENTED_EDGE('',*,*,#3195,.F.);
#4435=ORIENTED_EDGE('',*,*,#3196,.F.);
#4436=ORIENTED_EDGE('',*,*,#3197,.T.);
#4437=ORIENTED_EDGE('',*,*,#3196,.T.);
#4438=ORIENTED_EDGE('',*,*,#3198,.F.);
#4439=ORIENTED_EDGE('',*,*,#3137,.F.);
#4440=ORIENTED_EDGE('',*,*,#3199,.T.);
#4441=ORIENTED_EDGE('',*,*,#3200,.T.);
#4442=ORIENTED_EDGE('',*,*,#3201,.F.);
#4443=ORIENTED_EDGE('',*,*,#3202,.F.);
#4444=ORIENTED_EDGE('',*,*,#3203,.T.);
#4445=ORIENTED_EDGE('',*,*,#3202,.T.);
#4446=ORIENTED_EDGE('',*,*,#3204,.F.);
#4447=ORIENTED_EDGE('',*,*,#3205,.F.);
#4448=ORIENTED_EDGE('',*,*,#3206,.T.);
#4449=ORIENTED_EDGE('',*,*,#3205,.T.);
#4450=ORIENTED_EDGE('',*,*,#3207,.F.);
#4451=ORIENTED_EDGE('',*,*,#3208,.F.);
#4452=ORIENTED_EDGE('',*,*,#3209,.T.);
#4453=ORIENTED_EDGE('',*,*,#3208,.T.);
#4454=ORIENTED_EDGE('',*,*,#3210,.F.);
#4455=ORIENTED_EDGE('',*,*,#3200,.F.);
#4456=ORIENTED_EDGE('',*,*,#3211,.F.);
#4457=ORIENTED_EDGE('',*,*,#3212,.T.);
#4458=ORIENTED_EDGE('',*,*,#3213,.F.);
#4459=ORIENTED_EDGE('',*,*,#3214,.F.);
#4460=ORIENTED_EDGE('',*,*,#3215,.F.);
#4461=ORIENTED_EDGE('',*,*,#3214,.T.);
#4462=ORIENTED_EDGE('',*,*,#3216,.F.);
#4463=ORIENTED_EDGE('',*,*,#3157,.F.);
#4464=ORIENTED_EDGE('',*,*,#3131,.F.);
#4465=ORIENTED_EDGE('',*,*,#3163,.F.);
#4466=ORIENTED_EDGE('',*,*,#3217,.T.);
#4467=ORIENTED_EDGE('',*,*,#3150,.T.);
#4468=ORIENTED_EDGE('',*,*,#3218,.F.);
#4469=ORIENTED_EDGE('',*,*,#3219,.F.);
#4470=ORIENTED_EDGE('',*,*,#3220,.T.);
#4471=ORIENTED_EDGE('',*,*,#3219,.T.);
#4472=ORIENTED_EDGE('',*,*,#3221,.F.);
#4473=ORIENTED_EDGE('',*,*,#3222,.F.);
#4474=ORIENTED_EDGE('',*,*,#3223,.T.);
#4475=ORIENTED_EDGE('',*,*,#3222,.T.);
#4476=ORIENTED_EDGE('',*,*,#3224,.F.);
#4477=ORIENTED_EDGE('',*,*,#3212,.F.);
#4478=ORIENTED_EDGE('',*,*,#3224,.T.);
#4479=ORIENTED_EDGE('',*,*,#3221,.T.);
#4480=ORIENTED_EDGE('',*,*,#3218,.T.);
#4481=ORIENTED_EDGE('',*,*,#3149,.T.);
#4482=ORIENTED_EDGE('',*,*,#3171,.T.);
#4483=ORIENTED_EDGE('',*,*,#3158,.T.);
#4484=ORIENTED_EDGE('',*,*,#3216,.T.);
#4485=ORIENTED_EDGE('',*,*,#3213,.T.);
#4486=ORIENTED_EDGE('',*,*,#3167,.T.);
#4487=ORIENTED_EDGE('',*,*,#3210,.T.);
#4488=ORIENTED_EDGE('',*,*,#3207,.T.);
#4489=ORIENTED_EDGE('',*,*,#3204,.T.);
#4490=ORIENTED_EDGE('',*,*,#3201,.T.);
#4491=ORIENTED_EDGE('',*,*,#3144,.T.);
#4492=ORIENTED_EDGE('',*,*,#3138,.T.);
#4493=ORIENTED_EDGE('',*,*,#3198,.T.);
#4494=ORIENTED_EDGE('',*,*,#3195,.T.);
#4495=ORIENTED_EDGE('',*,*,#3191,.T.);
#4496=ORIENTED_EDGE('',*,*,#3188,.T.);
#4497=ORIENTED_EDGE('',*,*,#3187,.T.);
#4498=ORIENTED_EDGE('',*,*,#3184,.T.);
#4499=ORIENTED_EDGE('',*,*,#3181,.T.);
#4500=ORIENTED_EDGE('',*,*,#3178,.T.);
#4501=ORIENTED_EDGE('',*,*,#3173,.T.);
#4502=ORIENTED_EDGE('',*,*,#3223,.F.);
#4503=ORIENTED_EDGE('',*,*,#3211,.T.);
#4504=ORIENTED_EDGE('',*,*,#3215,.T.);
#4505=ORIENTED_EDGE('',*,*,#3162,.F.);
#4506=ORIENTED_EDGE('',*,*,#3172,.F.);
#4507=ORIENTED_EDGE('',*,*,#3151,.F.);
#4508=ORIENTED_EDGE('',*,*,#3217,.F.);
#4509=ORIENTED_EDGE('',*,*,#3220,.F.);
#4510=ORIENTED_EDGE('',*,*,#3166,.T.);
#4511=ORIENTED_EDGE('',*,*,#3209,.F.);
#4512=ORIENTED_EDGE('',*,*,#3199,.F.);
#4513=ORIENTED_EDGE('',*,*,#3203,.F.);
#4514=ORIENTED_EDGE('',*,*,#3206,.F.);
#4515=ORIENTED_EDGE('',*,*,#3142,.F.);
#4516=ORIENTED_EDGE('',*,*,#3193,.F.);
#4517=ORIENTED_EDGE('',*,*,#3194,.F.);
#4518=ORIENTED_EDGE('',*,*,#3197,.F.);
#4519=ORIENTED_EDGE('',*,*,#3136,.F.);
#4520=ORIENTED_EDGE('',*,*,#3190,.F.);
#4521=ORIENTED_EDGE('',*,*,#3186,.F.);
#4522=ORIENTED_EDGE('',*,*,#3176,.F.);
#4523=ORIENTED_EDGE('',*,*,#3180,.F.);
#4524=ORIENTED_EDGE('',*,*,#3183,.F.);
#4525=ORIENTED_EDGE('',*,*,#3175,.F.);
#4526=ORIENTED_EDGE('',*,*,#3225,.T.);
#4527=ORIENTED_EDGE('',*,*,#3226,.T.);
#4528=ORIENTED_EDGE('',*,*,#3227,.F.);
#4529=ORIENTED_EDGE('',*,*,#3228,.F.);
#4530=ORIENTED_EDGE('',*,*,#3229,.F.);
#4531=ORIENTED_EDGE('',*,*,#3230,.T.);
#4532=ORIENTED_EDGE('',*,*,#3231,.F.);
#4533=ORIENTED_EDGE('',*,*,#3232,.F.);
#4534=ORIENTED_EDGE('',*,*,#3233,.F.);
#4535=ORIENTED_EDGE('',*,*,#3234,.T.);
#4536=ORIENTED_EDGE('',*,*,#3232,.T.);
#4537=ORIENTED_EDGE('',*,*,#3234,.F.);
#4538=ORIENTED_EDGE('',*,*,#3226,.F.);
#4539=ORIENTED_EDGE('',*,*,#3235,.T.);
#4540=ORIENTED_EDGE('',*,*,#3231,.T.);
#4541=ORIENTED_EDGE('',*,*,#3235,.F.);
#4542=ORIENTED_EDGE('',*,*,#3230,.F.);
#4543=ORIENTED_EDGE('',*,*,#3236,.T.);
#4544=ORIENTED_EDGE('',*,*,#3237,.F.);
#4545=ORIENTED_EDGE('',*,*,#3238,.F.);
#4546=ORIENTED_EDGE('',*,*,#3225,.F.);
#4547=ORIENTED_EDGE('',*,*,#3239,.T.);
#4548=ORIENTED_EDGE('',*,*,#3240,.F.);
#4549=ORIENTED_EDGE('',*,*,#3241,.F.);
#4550=ORIENTED_EDGE('',*,*,#3227,.T.);
#4551=ORIENTED_EDGE('',*,*,#3238,.T.);
#4552=ORIENTED_EDGE('',*,*,#3242,.F.);
#4553=ORIENTED_EDGE('',*,*,#3239,.F.);
#4554=ORIENTED_EDGE('',*,*,#3228,.T.);
#4555=ORIENTED_EDGE('',*,*,#3241,.T.);
#4556=ORIENTED_EDGE('',*,*,#3243,.F.);
#4557=ORIENTED_EDGE('',*,*,#3244,.F.);
#4558=ORIENTED_EDGE('',*,*,#3229,.T.);
#4559=ORIENTED_EDGE('',*,*,#3244,.T.);
#4560=ORIENTED_EDGE('',*,*,#3245,.F.);
#4561=ORIENTED_EDGE('',*,*,#3236,.F.);
#4562=ORIENTED_EDGE('',*,*,#3240,.T.);
#4563=ORIENTED_EDGE('',*,*,#3242,.T.);
#4564=ORIENTED_EDGE('',*,*,#3237,.T.);
#4565=ORIENTED_EDGE('',*,*,#3245,.T.);
#4566=ORIENTED_EDGE('',*,*,#3243,.T.);
#4567=ORIENTED_EDGE('',*,*,#3233,.T.);
#4568=ORIENTED_EDGE('',*,*,#3246,.T.);
#4569=ORIENTED_EDGE('',*,*,#3247,.T.);
#4570=ORIENTED_EDGE('',*,*,#3248,.T.);
#4571=ORIENTED_EDGE('',*,*,#3249,.T.);
#4572=ORIENTED_EDGE('',*,*,#3250,.T.);
#4573=ORIENTED_EDGE('',*,*,#3251,.T.);
#4574=ORIENTED_EDGE('',*,*,#3252,.F.);
#4575=ORIENTED_EDGE('',*,*,#3253,.T.);
#4576=ORIENTED_EDGE('',*,*,#3254,.T.);
#4577=ORIENTED_EDGE('',*,*,#3255,.T.);
#4578=ORIENTED_EDGE('',*,*,#3256,.F.);
#4579=ORIENTED_EDGE('',*,*,#3257,.F.);
#4580=ORIENTED_EDGE('',*,*,#3258,.T.);
#4581=ORIENTED_EDGE('',*,*,#3256,.T.);
#4582=ORIENTED_EDGE('',*,*,#3258,.F.);
#4583=ORIENTED_EDGE('',*,*,#3259,.F.);
#4584=ORIENTED_EDGE('',*,*,#3260,.T.);
#4585=ORIENTED_EDGE('',*,*,#3247,.F.);
#4586=ORIENTED_EDGE('',*,*,#3260,.F.);
#4587=ORIENTED_EDGE('',*,*,#3253,.F.);
#4588=ORIENTED_EDGE('',*,*,#3261,.T.);
#4589=ORIENTED_EDGE('',*,*,#3262,.F.);
#4590=ORIENTED_EDGE('',*,*,#3263,.F.);
#4591=ORIENTED_EDGE('',*,*,#3254,.F.);
#4592=ORIENTED_EDGE('',*,*,#3263,.T.);
#4593=ORIENTED_EDGE('',*,*,#3264,.F.);
#4594=ORIENTED_EDGE('',*,*,#3265,.F.);
#4595=ORIENTED_EDGE('',*,*,#3255,.F.);
#4596=ORIENTED_EDGE('',*,*,#3265,.T.);
#4597=ORIENTED_EDGE('',*,*,#3266,.F.);
#4598=ORIENTED_EDGE('',*,*,#3267,.F.);
#4599=ORIENTED_EDGE('',*,*,#3267,.T.);
#4600=ORIENTED_EDGE('',*,*,#3268,.F.);
#4601=ORIENTED_EDGE('',*,*,#3269,.F.);
#4602=ORIENTED_EDGE('',*,*,#3270,.T.);
#4603=ORIENTED_EDGE('',*,*,#3246,.F.);
#4604=ORIENTED_EDGE('',*,*,#3270,.F.);
#4605=ORIENTED_EDGE('',*,*,#3248,.F.);
#4606=ORIENTED_EDGE('',*,*,#3249,.F.);
#4607=ORIENTED_EDGE('',*,*,#3269,.T.);
#4608=ORIENTED_EDGE('',*,*,#3271,.F.);
#4609=ORIENTED_EDGE('',*,*,#3272,.F.);
#4610=ORIENTED_EDGE('',*,*,#3250,.F.);
#4611=ORIENTED_EDGE('',*,*,#3272,.T.);
#4612=ORIENTED_EDGE('',*,*,#3273,.F.);
#4613=ORIENTED_EDGE('',*,*,#3274,.F.);
#4614=ORIENTED_EDGE('',*,*,#3251,.F.);
#4615=ORIENTED_EDGE('',*,*,#3274,.T.);
#4616=ORIENTED_EDGE('',*,*,#3275,.F.);
#4617=ORIENTED_EDGE('',*,*,#3276,.F.);
#4618=ORIENTED_EDGE('',*,*,#3252,.T.);
#4619=ORIENTED_EDGE('',*,*,#3276,.T.);
#4620=ORIENTED_EDGE('',*,*,#3277,.F.);
#4621=ORIENTED_EDGE('',*,*,#3261,.F.);
#4622=ORIENTED_EDGE('',*,*,#3277,.T.);
#4623=ORIENTED_EDGE('',*,*,#3275,.T.);
#4624=ORIENTED_EDGE('',*,*,#3273,.T.);
#4625=ORIENTED_EDGE('',*,*,#3271,.T.);
#4626=ORIENTED_EDGE('',*,*,#3268,.T.);
#4627=ORIENTED_EDGE('',*,*,#3266,.T.);
#4628=ORIENTED_EDGE('',*,*,#3264,.T.);
#4629=ORIENTED_EDGE('',*,*,#3262,.T.);
#4630=ORIENTED_EDGE('',*,*,#3259,.T.);
#4631=ORIENTED_EDGE('',*,*,#3257,.T.);
#4632=ORIENTED_EDGE('',*,*,#3278,.T.);
#4633=ORIENTED_EDGE('',*,*,#3279,.T.);
#4634=ORIENTED_EDGE('',*,*,#3280,.F.);
#4635=ORIENTED_EDGE('',*,*,#3281,.F.);
#4636=ORIENTED_EDGE('',*,*,#3282,.T.);
#4637=ORIENTED_EDGE('',*,*,#3281,.T.);
#4638=ORIENTED_EDGE('',*,*,#3283,.F.);
#4639=ORIENTED_EDGE('',*,*,#3284,.F.);
#4640=ORIENTED_EDGE('',*,*,#3285,.T.);
#4641=ORIENTED_EDGE('',*,*,#3284,.T.);
#4642=ORIENTED_EDGE('',*,*,#3286,.F.);
#4643=ORIENTED_EDGE('',*,*,#3279,.F.);
#4644=ORIENTED_EDGE('',*,*,#3287,.F.);
#4645=ORIENTED_EDGE('',*,*,#3288,.T.);
#4646=ORIENTED_EDGE('',*,*,#3289,.T.);
#4647=ORIENTED_EDGE('',*,*,#3288,.F.);
#4648=ORIENTED_EDGE('',*,*,#3290,.F.);
#4649=ORIENTED_EDGE('',*,*,#3291,.T.);
#4650=ORIENTED_EDGE('',*,*,#3292,.T.);
#4651=ORIENTED_EDGE('',*,*,#3291,.F.);
#4652=ORIENTED_EDGE('',*,*,#3293,.F.);
#4653=ORIENTED_EDGE('',*,*,#3294,.T.);
#4654=ORIENTED_EDGE('',*,*,#3295,.T.);
#4655=ORIENTED_EDGE('',*,*,#3294,.F.);
#4656=ORIENTED_EDGE('',*,*,#3296,.F.);
#4657=ORIENTED_EDGE('',*,*,#3297,.T.);
#4658=ORIENTED_EDGE('',*,*,#3298,.F.);
#4659=ORIENTED_EDGE('',*,*,#3299,.F.);
#4660=ORIENTED_EDGE('',*,*,#3300,.T.);
#4661=ORIENTED_EDGE('',*,*,#3299,.T.);
#4662=ORIENTED_EDGE('',*,*,#3301,.F.);
#4663=ORIENTED_EDGE('',*,*,#3302,.F.);
#4664=ORIENTED_EDGE('',*,*,#3303,.T.);
#4665=ORIENTED_EDGE('',*,*,#3302,.T.);
#4666=ORIENTED_EDGE('',*,*,#3304,.F.);
#4667=ORIENTED_EDGE('',*,*,#3305,.F.);
#4668=ORIENTED_EDGE('',*,*,#3306,.T.);
#4669=ORIENTED_EDGE('',*,*,#3305,.T.);
#4670=ORIENTED_EDGE('',*,*,#3307,.F.);
#4671=ORIENTED_EDGE('',*,*,#3308,.F.);
#4672=ORIENTED_EDGE('',*,*,#3309,.T.);
#4673=ORIENTED_EDGE('',*,*,#3308,.T.);
#4674=ORIENTED_EDGE('',*,*,#3310,.F.);
#4675=ORIENTED_EDGE('',*,*,#3311,.F.);
#4676=ORIENTED_EDGE('',*,*,#3312,.T.);
#4677=ORIENTED_EDGE('',*,*,#3311,.T.);
#4678=ORIENTED_EDGE('',*,*,#3313,.F.);
#4679=ORIENTED_EDGE('',*,*,#3297,.F.);
#4680=ORIENTED_EDGE('',*,*,#3313,.T.);
#4681=ORIENTED_EDGE('',*,*,#3310,.T.);
#4682=ORIENTED_EDGE('',*,*,#3307,.T.);
#4683=ORIENTED_EDGE('',*,*,#3304,.T.);
#4684=ORIENTED_EDGE('',*,*,#3301,.T.);
#4685=ORIENTED_EDGE('',*,*,#3298,.T.);
#4686=ORIENTED_EDGE('',*,*,#3293,.T.);
#4687=ORIENTED_EDGE('',*,*,#3290,.T.);
#4688=ORIENTED_EDGE('',*,*,#3287,.T.);
#4689=ORIENTED_EDGE('',*,*,#3286,.T.);
#4690=ORIENTED_EDGE('',*,*,#3283,.T.);
#4691=ORIENTED_EDGE('',*,*,#3280,.T.);
#4692=ORIENTED_EDGE('',*,*,#3312,.F.);
#4693=ORIENTED_EDGE('',*,*,#3296,.T.);
#4694=ORIENTED_EDGE('',*,*,#3300,.F.);
#4695=ORIENTED_EDGE('',*,*,#3303,.F.);
#4696=ORIENTED_EDGE('',*,*,#3306,.F.);
#4697=ORIENTED_EDGE('',*,*,#3309,.F.);
#4698=ORIENTED_EDGE('',*,*,#3295,.F.);
#4699=ORIENTED_EDGE('',*,*,#3292,.F.);
#4700=ORIENTED_EDGE('',*,*,#3289,.F.);
#4701=ORIENTED_EDGE('',*,*,#3285,.F.);
#4702=ORIENTED_EDGE('',*,*,#3278,.F.);
#4703=ORIENTED_EDGE('',*,*,#3282,.F.);
#4704=ORIENTED_EDGE('',*,*,#3314,.F.);
#4705=ORIENTED_EDGE('',*,*,#3315,.T.);
#4706=ORIENTED_EDGE('',*,*,#3316,.F.);
#4707=ORIENTED_EDGE('',*,*,#3315,.F.);
#4708=ORIENTED_EDGE('',*,*,#3317,.F.);
#4709=ORIENTED_EDGE('',*,*,#3318,.T.);
#4710=ORIENTED_EDGE('',*,*,#3319,.F.);
#4711=ORIENTED_EDGE('',*,*,#3318,.F.);
#4712=ORIENTED_EDGE('',*,*,#3320,.F.);
#4713=ORIENTED_EDGE('',*,*,#3321,.T.);
#4714=ORIENTED_EDGE('',*,*,#3322,.T.);
#4715=ORIENTED_EDGE('',*,*,#3321,.F.);
#4716=ORIENTED_EDGE('',*,*,#3323,.F.);
#4717=ORIENTED_EDGE('',*,*,#3324,.T.);
#4718=ORIENTED_EDGE('',*,*,#3325,.T.);
#4719=ORIENTED_EDGE('',*,*,#3324,.F.);
#4720=ORIENTED_EDGE('',*,*,#3326,.F.);
#4721=ORIENTED_EDGE('',*,*,#3327,.T.);
#4722=ORIENTED_EDGE('',*,*,#3328,.F.);
#4723=ORIENTED_EDGE('',*,*,#3329,.F.);
#4724=ORIENTED_EDGE('',*,*,#3330,.T.);
#4725=ORIENTED_EDGE('',*,*,#3329,.T.);
#4726=ORIENTED_EDGE('',*,*,#3331,.F.);
#4727=ORIENTED_EDGE('',*,*,#3332,.F.);
#4728=ORIENTED_EDGE('',*,*,#3333,.T.);
#4729=ORIENTED_EDGE('',*,*,#3332,.T.);
#4730=ORIENTED_EDGE('',*,*,#3334,.F.);
#4731=ORIENTED_EDGE('',*,*,#3335,.F.);
#4732=ORIENTED_EDGE('',*,*,#3336,.T.);
#4733=ORIENTED_EDGE('',*,*,#3335,.T.);
#4734=ORIENTED_EDGE('',*,*,#3337,.F.);
#4735=ORIENTED_EDGE('',*,*,#3338,.F.);
#4736=ORIENTED_EDGE('',*,*,#3339,.T.);
#4737=ORIENTED_EDGE('',*,*,#3338,.T.);
#4738=ORIENTED_EDGE('',*,*,#3340,.F.);
#4739=ORIENTED_EDGE('',*,*,#3327,.F.);
#4740=ORIENTED_EDGE('',*,*,#3340,.T.);
#4741=ORIENTED_EDGE('',*,*,#3337,.T.);
#4742=ORIENTED_EDGE('',*,*,#3334,.T.);
#4743=ORIENTED_EDGE('',*,*,#3331,.T.);
#4744=ORIENTED_EDGE('',*,*,#3328,.T.);
#4745=ORIENTED_EDGE('',*,*,#3314,.T.);
#4746=ORIENTED_EDGE('',*,*,#3317,.T.);
#4747=ORIENTED_EDGE('',*,*,#3323,.T.);
#4748=ORIENTED_EDGE('',*,*,#3320,.T.);
#4749=ORIENTED_EDGE('',*,*,#3339,.F.);
#4750=ORIENTED_EDGE('',*,*,#3326,.T.);
#4751=ORIENTED_EDGE('',*,*,#3330,.F.);
#4752=ORIENTED_EDGE('',*,*,#3333,.F.);
#4753=ORIENTED_EDGE('',*,*,#3336,.F.);
#4754=ORIENTED_EDGE('',*,*,#3316,.T.);
#4755=ORIENTED_EDGE('',*,*,#3319,.T.);
#4756=ORIENTED_EDGE('',*,*,#3325,.F.);
#4757=ORIENTED_EDGE('',*,*,#3322,.F.);
#4758=ORIENTED_EDGE('',*,*,#3341,.T.);
#4759=ORIENTED_EDGE('',*,*,#3342,.T.);
#4760=ORIENTED_EDGE('',*,*,#3343,.T.);
#4761=ORIENTED_EDGE('',*,*,#3344,.T.);
#4762=ORIENTED_EDGE('',*,*,#3345,.T.);
#4763=ORIENTED_EDGE('',*,*,#3346,.T.);
#4764=ORIENTED_EDGE('',*,*,#3347,.T.);
#4765=ORIENTED_EDGE('',*,*,#3347,.F.);
#4766=ORIENTED_EDGE('',*,*,#3348,.T.);
#4767=ORIENTED_EDGE('',*,*,#3349,.T.);
#4768=ORIENTED_EDGE('',*,*,#3348,.F.);
#4769=ORIENTED_EDGE('',*,*,#3342,.F.);
#4770=ORIENTED_EDGE('',*,*,#3350,.T.);
#4771=ORIENTED_EDGE('',*,*,#3351,.T.);
#4772=ORIENTED_EDGE('',*,*,#3350,.F.);
#4773=ORIENTED_EDGE('',*,*,#3352,.F.);
#4774=ORIENTED_EDGE('',*,*,#3353,.T.);
#4775=ORIENTED_EDGE('',*,*,#3344,.F.);
#4776=ORIENTED_EDGE('',*,*,#3354,.F.);
#4777=ORIENTED_EDGE('',*,*,#3341,.F.);
#4778=ORIENTED_EDGE('',*,*,#3355,.T.);
#4779=ORIENTED_EDGE('',*,*,#3356,.T.);
#4780=ORIENTED_EDGE('',*,*,#3354,.T.);
#4781=ORIENTED_EDGE('',*,*,#3343,.F.);
#4782=ORIENTED_EDGE('',*,*,#3357,.F.);
#4783=ORIENTED_EDGE('',*,*,#3358,.T.);
#4784=ORIENTED_EDGE('',*,*,#3355,.F.);
#4785=ORIENTED_EDGE('',*,*,#3359,.F.);
#4786=ORIENTED_EDGE('',*,*,#3357,.T.);
#4787=ORIENTED_EDGE('',*,*,#3346,.F.);
#4788=ORIENTED_EDGE('',*,*,#3360,.F.);
#4789=ORIENTED_EDGE('',*,*,#3361,.T.);
#4790=ORIENTED_EDGE('',*,*,#3360,.T.);
#4791=ORIENTED_EDGE('',*,*,#3345,.F.);
#4792=ORIENTED_EDGE('',*,*,#3353,.F.);
#4793=ORIENTED_EDGE('',*,*,#3361,.F.);
#4794=ORIENTED_EDGE('',*,*,#3352,.T.);
#4795=ORIENTED_EDGE('',*,*,#3356,.F.);
#4796=ORIENTED_EDGE('',*,*,#3358,.F.);
#4797=ORIENTED_EDGE('',*,*,#3359,.T.);
#4798=ORIENTED_EDGE('',*,*,#3351,.F.);
#4799=ORIENTED_EDGE('',*,*,#3349,.F.);
#4800=PLANE('',#5394);
#4801=PLANE('',#5397);
#4802=PLANE('',#5408);
#4803=PLANE('',#5409);
#4804=PLANE('',#5414);
#4805=PLANE('',#5417);
#4806=PLANE('',#5420);
#4807=PLANE('',#5423);
#4808=PLANE('',#5426);
#4809=PLANE('',#5427);
#4810=PLANE('',#5433);
#4811=PLANE('',#5435);
#4812=PLANE('',#5441);
#4813=PLANE('',#5443);
#4814=PLANE('',#5445);
#4815=PLANE('',#5447);
#4816=PLANE('',#5464);
#4817=PLANE('',#5468);
#4818=PLANE('',#5469);
#4819=PLANE('',#5471);
#4820=PLANE('',#5473);
#4821=PLANE('',#5476);
#4822=PLANE('',#5479);
#4823=PLANE('',#5481);
#4824=PLANE('',#5483);
#4825=PLANE('',#5484);
#4826=PLANE('',#5485);
#4827=PLANE('',#5486);
#4828=PLANE('',#5487);
#4829=PLANE('',#5488);
#4830=PLANE('',#5491);
#4831=PLANE('',#5494);
#4832=PLANE('',#5497);
#4833=PLANE('',#5498);
#4834=PLANE('',#5499);
#4835=PLANE('',#5508);
#4836=PLANE('',#5509);
#4837=PLANE('',#5510);
#4838=PLANE('',#5511);
#4839=PLANE('',#5512);
#4840=PLANE('',#5513);
#4841=PLANE('',#5514);
#4842=PLANE('',#5527);
#4843=PLANE('',#5528);
#4844=PLANE('',#5529);
#4845=PLANE('',#5530);
#4846=PLANE('',#5531);
#4847=PLANE('',#5532);
#4848=PLANE('',#5534);
#4849=PLANE('',#5535);
#4850=PLANE('',#5536);
#4851=PLANE('',#5537);
#4852=PLANE('',#5538);
#4853=PLANE('',#5539);
#4854=PLANE('',#5540);
#4855=PLANE('',#5541);
#4856=PLANE('',#5542);
#4857=PLANE('',#5543);
#4858=PLANE('',#5564);
#4859=PLANE('',#5567);
#4860=PLANE('',#5571);
#4861=PLANE('',#5572);
#4862=PLANE('',#5573);
#4863=PLANE('',#5574);
#4864=PLANE('',#5575);
#4865=PLANE('',#5576);
#4866=PLANE('',#5577);
#4867=PLANE('',#5578);
#4868=PLANE('',#5579);
#4869=PLANE('',#5580);
#4870=PLANE('',#5581);
#4871=PLANE('',#5582);
#4872=PLANE('',#5583);
#4873=PLANE('',#5584);
#4874=PLANE('',#5585);
#4875=PLANE('',#5586);
#4876=PLANE('',#5587);
#4877=PLANE('',#5588);
#4878=PLANE('',#5589);
#4879=PLANE('',#5592);
#4880=PLANE('',#5595);
#4881=PLANE('',#5599);
#4882=PLANE('',#5604);
#4883=PLANE('',#5608);
#4884=PLANE('',#5609);
#4885=PLANE('',#5611);
#4886=PLANE('',#5612);
#4887=PLANE('',#5618);
#4888=PLANE('',#5624);
#4889=PLANE('',#5625);
#4890=PLANE('',#5626);
#4891=PLANE('',#5636);
#4892=PLANE('',#5637);
#4893=PLANE('',#5638);
#4894=PLANE('',#5639);
#4895=PLANE('',#5640);
#4896=PLANE('',#5641);
#4897=PLANE('',#5643);
#4898=PLANE('',#5648);
#4899=PLANE('',#5650);
#4900=PLANE('',#5651);
#4901=PLANE('',#5652);
#4902=PLANE('',#5654);
#4903=PLANE('',#5662);
#4904=PLANE('',#5663);
#4905=PLANE('',#5666);
#4906=PLANE('',#5670);
#4907=PLANE('',#5677);
#4908=PLANE('',#5680);
#4909=PLANE('',#5681);
#4910=PLANE('',#5684);
#4911=PLANE('',#5687);
#4912=PLANE('',#5690);
#4913=PLANE('',#5693);
#4914=PLANE('',#5694);
#4915=PLANE('',#5695);
#4916=PLANE('',#5700);
#4917=PLANE('',#5701);
#4918=PLANE('',#5706);
#4919=PLANE('',#5709);
#4920=PLANE('',#5711);
#4921=PLANE('',#5712);
#4922=PLANE('',#5713);
#4923=PLANE('',#5717);
#4924=PLANE('',#5718);
#4925=PLANE('',#5719);
#4926=PLANE('',#5720);
#4927=PLANE('',#5721);
#4928=PLANE('',#5722);
#4929=PLANE('',#5726);
#4930=PLANE('',#5727);
#4931=PLANE('',#5728);
#4932=PLANE('',#5729);
#4933=PLANE('',#5730);
#4934=PLANE('',#5731);
#4935=PLANE('',#5732);
#4936=PLANE('',#5733);
#4937=PLANE('',#5734);
#4938=PLANE('',#5737);
#4939=PLANE('',#5738);
#4940=PLANE('',#5744);
#4941=PLANE('',#5753);
#4942=PLANE('',#5754);
#4943=PLANE('',#5755);
#4944=PLANE('',#5756);
#4945=PLANE('',#5760);
#4946=PLANE('',#5761);
#4947=PLANE('',#5762);
#4948=PLANE('',#5763);
#4949=PLANE('',#5764);
#4950=PLANE('',#5765);
#4951=PLANE('',#5766);
#4952=PLANE('',#5767);
#4953=PLANE('',#5768);
#4954=PLANE('',#5772);
#4955=PLANE('',#5776);
#4956=PLANE('',#5777);
#4957=PLANE('',#5779);
#4958=PLANE('',#5782);
#4959=PLANE('',#5790);
#4960=PLANE('',#5794);
#4961=PLANE('',#5797);
#4962=PLANE('',#5799);
#4963=PLANE('',#5802);
#4964=PLANE('',#5810);
#4965=PLANE('',#5811);
#4966=PLANE('',#5812);
#4967=PLANE('',#5815);
#4968=PLANE('',#5816);
#4969=PLANE('',#5817);
#4970=PLANE('',#5820);
#4971=PLANE('',#5822);
#4972=PLANE('',#5823);
#4973=PLANE('',#5824);
#4974=PLANE('',#5834);
#4975=PLANE('',#5838);
#4976=PLANE('',#5842);
#4977=PLANE('',#5846);
#4978=PLANE('',#5847);
#4979=PLANE('',#5862);
#4980=PLANE('',#5866);
#4981=PLANE('',#5867);
#4982=PLANE('',#5871);
#4983=PLANE('',#5872);
#4984=PLANE('',#5875);
#4985=PLANE('',#5878);
#4986=PLANE('',#5886);
#4987=PLANE('',#5890);
#4988=PLANE('',#5893);
#4989=ADVANCED_FACE('',(#313),#4800,.F.);
#4990=ADVANCED_FACE('',(#314),#4801,.F.);
#4991=ADVANCED_FACE('',(#315),#225,.T.);
#4992=ADVANCED_FACE('',(#316),#4802,.F.);
#4993=ADVANCED_FACE('',(#317,#105,#106,#107),#4803,.F.);
#4994=ADVANCED_FACE('',(#318,#108,#109),#4804,.F.);
#4995=ADVANCED_FACE('',(#319,#110,#111),#4805,.T.);
#4996=ADVANCED_FACE('',(#320),#4806,.F.);
#4997=ADVANCED_FACE('',(#321),#103,.T.);
#4998=ADVANCED_FACE('',(#322,#112,#113),#4807,.T.);
#4999=ADVANCED_FACE('',(#323),#4808,.F.);
#5000=ADVANCED_FACE('',(#324),#4809,.F.);
#5001=ADVANCED_FACE('',(#325),#104,.T.);
#5002=ADVANCED_FACE('',(#326),#4810,.F.);
#5003=ADVANCED_FACE('',(#327),#4811,.F.);
#5004=ADVANCED_FACE('',(#328),#226,.F.);
#5005=ADVANCED_FACE('',(#329),#227,.F.);
#5006=ADVANCED_FACE('',(#330),#4812,.F.);
#5007=ADVANCED_FACE('',(#331),#4813,.F.);
#5008=ADVANCED_FACE('',(#332,#114),#4814,.F.);
#5009=ADVANCED_FACE('',(#333,#115),#4815,.F.);
#5010=ADVANCED_FACE('',(#334),#228,.F.);
#5011=ADVANCED_FACE('',(#335),#229,.F.);
#5012=ADVANCED_FACE('',(#336),#230,.F.);
#5013=ADVANCED_FACE('',(#337),#231,.F.);
#5014=ADVANCED_FACE('',(#338),#232,.F.);
#5015=ADVANCED_FACE('',(#339),#233,.F.);
#5016=ADVANCED_FACE('',(#340),#234,.F.);
#5017=ADVANCED_FACE('',(#341),#4816,.F.);
#5018=ADVANCED_FACE('',(#342),#235,.T.);
#5019=ADVANCED_FACE('',(#343),#4817,.F.);
#5020=ADVANCED_FACE('',(#344,#116),#4818,.F.);
#5021=ADVANCED_FACE('',(#345,#117),#4819,.F.);
#5022=ADVANCED_FACE('',(#346,#118),#4820,.F.);
#5023=ADVANCED_FACE('',(#347,#119),#4821,.F.);
#5024=ADVANCED_FACE('',(#348,#120),#4822,.F.);
#5025=ADVANCED_FACE('',(#349,#121),#4823,.F.);
#5026=ADVANCED_FACE('',(#350,#122,#123),#4824,.T.);
#5027=ADVANCED_FACE('',(#351),#4825,.T.);
#5028=ADVANCED_FACE('',(#352,#124),#4826,.T.);
#5029=ADVANCED_FACE('',(#353),#4827,.F.);
#5030=ADVANCED_FACE('',(#354,#125),#4828,.T.);
#5031=ADVANCED_FACE('',(#355),#4829,.F.);
#5032=ADVANCED_FACE('',(#356),#236,.T.);
#5033=ADVANCED_FACE('',(#357),#237,.T.);
#5034=ADVANCED_FACE('',(#358),#4830,.T.);
#5035=ADVANCED_FACE('',(#359),#238,.F.);
#5036=ADVANCED_FACE('',(#360),#4831,.T.);
#5037=ADVANCED_FACE('',(#361),#239,.T.);
#5038=ADVANCED_FACE('',(#362),#4832,.T.);
#5039=ADVANCED_FACE('',(#363),#4833,.F.);
#5040=ADVANCED_FACE('',(#364),#4834,.T.);
#5041=ADVANCED_FACE('',(#365),#240,.F.);
#5042=ADVANCED_FACE('',(#366),#241,.F.);
#5043=ADVANCED_FACE('',(#367),#242,.F.);
#5044=ADVANCED_FACE('',(#368),#243,.F.);
#5045=ADVANCED_FACE('',(#369),#244,.F.);
#5046=ADVANCED_FACE('',(#370),#245,.F.);
#5047=ADVANCED_FACE('',(#371),#4835,.T.);
#5048=ADVANCED_FACE('',(#372),#4836,.T.);
#5049=ADVANCED_FACE('',(#373,#126),#4837,.F.);
#5050=ADVANCED_FACE('',(#374),#4838,.T.);
#5051=ADVANCED_FACE('',(#375),#4839,.T.);
#5052=ADVANCED_FACE('',(#376,#127),#4840,.T.);
#5053=ADVANCED_FACE('',(#377,#128,#129),#4841,.T.);
#5054=ADVANCED_FACE('',(#378),#246,.F.);
#5055=ADVANCED_FACE('',(#379),#247,.F.);
#5056=ADVANCED_FACE('',(#380),#248,.F.);
#5057=ADVANCED_FACE('',(#381),#249,.F.);
#5058=ADVANCED_FACE('',(#382),#4842,.T.);
#5059=ADVANCED_FACE('',(#383),#4843,.T.);
#5060=ADVANCED_FACE('',(#384),#4844,.T.);
#5061=ADVANCED_FACE('',(#385),#4845,.T.);
#5062=ADVANCED_FACE('',(#386,#130,#131,#132,#133),#4846,.T.);
#5063=ADVANCED_FACE('',(#387,#134,#135,#136,#137),#4847,.F.);
#5064=ADVANCED_FACE('',(#388),#4848,.F.);
#5065=ADVANCED_FACE('',(#389),#4849,.F.);
#5066=ADVANCED_FACE('',(#390),#4850,.F.);
#5067=ADVANCED_FACE('',(#391),#4851,.F.);
#5068=ADVANCED_FACE('',(#392),#4852,.T.);
#5069=ADVANCED_FACE('',(#393),#4853,.T.);
#5070=ADVANCED_FACE('',(#394),#4854,.T.);
#5071=ADVANCED_FACE('',(#395),#4855,.T.);
#5072=ADVANCED_FACE('',(#396),#4856,.T.);
#5073=ADVANCED_FACE('',(#397,#138,#139),#4857,.F.);
#5074=ADVANCED_FACE('',(#398),#250,.T.);
#5075=ADVANCED_FACE('',(#399),#251,.T.);
#5076=ADVANCED_FACE('',(#400),#252,.F.);
#5077=ADVANCED_FACE('',(#401),#253,.F.);
#5078=ADVANCED_FACE('',(#402),#254,.F.);
#5079=ADVANCED_FACE('',(#403),#255,.F.);
#5080=ADVANCED_FACE('',(#404,#140),#4858,.F.);
#5081=ADVANCED_FACE('',(#405),#4859,.T.);
#5082=ADVANCED_FACE('',(#406),#4860,.T.);
#5083=ADVANCED_FACE('',(#407),#4861,.T.);
#5084=ADVANCED_FACE('',(#408),#4862,.F.);
#5085=ADVANCED_FACE('',(#409,#141),#4863,.T.);
#5086=ADVANCED_FACE('',(#410),#4864,.F.);
#5087=ADVANCED_FACE('',(#411,#142),#4865,.F.);
#5088=ADVANCED_FACE('',(#412,#143,#144),#4866,.F.);
#5089=ADVANCED_FACE('',(#413,#145),#4867,.F.);
#5090=ADVANCED_FACE('',(#414),#4868,.F.);
#5091=ADVANCED_FACE('',(#415,#146),#4869,.T.);
#5092=ADVANCED_FACE('',(#416),#4870,.F.);
#5093=ADVANCED_FACE('',(#417),#4871,.F.);
#5094=ADVANCED_FACE('',(#418),#4872,.F.);
#5095=ADVANCED_FACE('',(#419),#4873,.T.);
#5096=ADVANCED_FACE('',(#420),#4874,.T.);
#5097=ADVANCED_FACE('',(#421),#4875,.F.);
#5098=ADVANCED_FACE('',(#422),#4876,.T.);
#5099=ADVANCED_FACE('',(#423),#4877,.T.);
#5100=ADVANCED_FACE('',(#424),#4878,.T.);
#5101=ADVANCED_FACE('',(#425),#256,.T.);
#5102=ADVANCED_FACE('',(#426),#4879,.F.);
#5103=ADVANCED_FACE('',(#427),#257,.T.);
#5104=ADVANCED_FACE('',(#428),#258,.T.);
#5105=ADVANCED_FACE('',(#429,#147),#4880,.F.);
#5106=ADVANCED_FACE('',(#430),#259,.T.);
#5107=ADVANCED_FACE('',(#431),#4881,.T.);
#5108=ADVANCED_FACE('',(#432),#260,.F.);
#5109=ADVANCED_FACE('',(#433),#4882,.F.);
#5110=ADVANCED_FACE('',(#434),#261,.F.);
#5111=ADVANCED_FACE('',(#435),#4883,.F.);
#5112=ADVANCED_FACE('',(#436,#148),#4884,.F.);
#5113=ADVANCED_FACE('',(#437),#4885,.F.);
#5114=ADVANCED_FACE('',(#438,#149),#4886,.F.);
#5115=ADVANCED_FACE('',(#439,#150),#4887,.F.);
#5116=ADVANCED_FACE('',(#440),#4888,.F.);
#5117=ADVANCED_FACE('',(#441),#4889,.T.);
#5118=ADVANCED_FACE('',(#442),#4890,.T.);
#5119=ADVANCED_FACE('',(#443),#262,.T.);
#5120=ADVANCED_FACE('',(#444),#263,.T.);
#5121=ADVANCED_FACE('',(#445),#264,.T.);
#5122=ADVANCED_FACE('',(#446),#4891,.T.);
#5123=ADVANCED_FACE('',(#447),#4892,.T.);
#5124=ADVANCED_FACE('',(#448),#4893,.T.);
#5125=ADVANCED_FACE('',(#449),#4894,.T.);
#5126=ADVANCED_FACE('',(#450),#4895,.T.);
#5127=ADVANCED_FACE('',(#451),#4896,.T.);
#5128=ADVANCED_FACE('',(#452),#265,.F.);
#5129=ADVANCED_FACE('',(#453,#151),#4897,.F.);
#5130=ADVANCED_FACE('',(#454),#4898,.F.);
#5131=ADVANCED_FACE('',(#455),#4899,.F.);
#5132=ADVANCED_FACE('',(#456),#4900,.F.);
#5133=ADVANCED_FACE('',(#457),#4901,.F.);
#5134=ADVANCED_FACE('',(#458,#152),#4902,.F.);
#5135=ADVANCED_FACE('',(#459),#266,.T.);
#5136=ADVANCED_FACE('',(#460),#267,.T.);
#5137=ADVANCED_FACE('',(#461),#4903,.T.);
#5138=ADVANCED_FACE('',(#462),#4904,.T.);
#5139=ADVANCED_FACE('',(#463),#268,.F.);
#5140=ADVANCED_FACE('',(#464,#153,#154,#155),#4905,.T.);
#5141=ADVANCED_FACE('',(#465,#156,#157,#158),#4906,.F.);
#5142=ADVANCED_FACE('',(#466),#269,.F.);
#5143=ADVANCED_FACE('',(#467),#270,.F.);
#5144=ADVANCED_FACE('',(#468),#271,.F.);
#5145=ADVANCED_FACE('',(#469),#4907,.T.);
#5146=ADVANCED_FACE('',(#470),#272,.F.);
#5147=ADVANCED_FACE('',(#471),#4908,.F.);
#5148=ADVANCED_FACE('',(#472,#159),#4909,.F.);
#5149=ADVANCED_FACE('',(#473,#160),#4910,.F.);
#5150=ADVANCED_FACE('',(#474),#4911,.T.);
#5151=ADVANCED_FACE('',(#475),#273,.F.);
#5152=ADVANCED_FACE('',(#476,#161),#4912,.T.);
#5153=ADVANCED_FACE('',(#477),#4913,.T.);
#5154=ADVANCED_FACE('',(#478),#4914,.T.);
#5155=ADVANCED_FACE('',(#479),#4915,.T.);
#5156=ADVANCED_FACE('',(#480),#274,.F.);
#5157=ADVANCED_FACE('',(#481),#275,.F.);
#5158=ADVANCED_FACE('',(#482),#4916,.T.);
#5159=ADVANCED_FACE('',(#483),#4917,.T.);
#5160=ADVANCED_FACE('',(#484),#276,.F.);
#5161=ADVANCED_FACE('',(#485),#277,.T.);
#5162=ADVANCED_FACE('',(#486),#4918,.T.);
#5163=ADVANCED_FACE('',(#487),#278,.T.);
#5164=ADVANCED_FACE('',(#488,#162,#163),#4919,.T.);
#5165=ADVANCED_FACE('',(#489),#4920,.F.);
#5166=ADVANCED_FACE('',(#490),#4921,.F.);
#5167=ADVANCED_FACE('',(#491),#4922,.T.);
#5168=ADVANCED_FACE('',(#492),#279,.T.);
#5169=ADVANCED_FACE('',(#493),#4923,.F.);
#5170=ADVANCED_FACE('',(#494),#4924,.F.);
#5171=ADVANCED_FACE('',(#495),#4925,.F.);
#5172=ADVANCED_FACE('',(#496),#4926,.F.);
#5173=ADVANCED_FACE('',(#497),#4927,.F.);
#5174=ADVANCED_FACE('',(#498),#4928,.F.);
#5175=ADVANCED_FACE('',(#499),#280,.T.);
#5176=ADVANCED_FACE('',(#500),#4929,.T.);
#5177=ADVANCED_FACE('',(#501),#4930,.F.);
#5178=ADVANCED_FACE('',(#502),#4931,.F.);
#5179=ADVANCED_FACE('',(#503),#4932,.F.);
#5180=ADVANCED_FACE('',(#504),#4933,.T.);
#5181=ADVANCED_FACE('',(#505),#4934,.T.);
#5182=ADVANCED_FACE('',(#506),#4935,.T.);
#5183=ADVANCED_FACE('',(#507),#4936,.T.);
#5184=ADVANCED_FACE('',(#508,#164),#4937,.F.);
#5185=ADVANCED_FACE('',(#509),#4938,.T.);
#5186=ADVANCED_FACE('',(#510),#4939,.T.);
#5187=ADVANCED_FACE('',(#511),#281,.F.);
#5188=ADVANCED_FACE('',(#512),#282,.F.);
#5189=ADVANCED_FACE('',(#513,#165),#4940,.T.);
#5190=ADVANCED_FACE('',(#514),#283,.T.);
#5191=ADVANCED_FACE('',(#515),#284,.T.);
#5192=ADVANCED_FACE('',(#516),#285,.F.);
#5193=ADVANCED_FACE('',(#517),#4941,.T.);
#5194=ADVANCED_FACE('',(#518),#4942,.T.);
#5195=ADVANCED_FACE('',(#519),#4943,.T.);
#5196=ADVANCED_FACE('',(#520),#4944,.T.);
#5197=ADVANCED_FACE('',(#521),#286,.F.);
#5198=ADVANCED_FACE('',(#522),#4945,.T.);
#5199=ADVANCED_FACE('',(#523),#4946,.T.);
#5200=ADVANCED_FACE('',(#524),#4947,.T.);
#5201=ADVANCED_FACE('',(#525),#4948,.T.);
#5202=ADVANCED_FACE('',(#526),#4949,.T.);
#5203=ADVANCED_FACE('',(#527),#4950,.T.);
#5204=ADVANCED_FACE('',(#528),#4951,.T.);
#5205=ADVANCED_FACE('',(#529),#4952,.T.);
#5206=ADVANCED_FACE('',(#530),#4953,.T.);
#5207=ADVANCED_FACE('',(#531),#287,.T.);
#5208=ADVANCED_FACE('',(#532),#4954,.T.);
#5209=ADVANCED_FACE('',(#533),#288,.T.);
#5210=ADVANCED_FACE('',(#534,#166,#167,#168,#169,#170,#171),#4955,.T.);
#5211=ADVANCED_FACE('',(#535,#172,#173,#174,#175,#176,#177),#4956,.F.);
#5212=ADVANCED_FACE('',(#536,#178),#4957,.T.);
#5213=ADVANCED_FACE('',(#537,#179,#180),#4958,.F.);
#5214=ADVANCED_FACE('',(#538),#289,.F.);
#5215=ADVANCED_FACE('',(#539),#290,.F.);
#5216=ADVANCED_FACE('',(#540),#4959,.T.);
#5217=ADVANCED_FACE('',(#541),#291,.T.);
#5218=ADVANCED_FACE('',(#542),#4960,.T.);
#5219=ADVANCED_FACE('',(#543),#292,.T.);
#5220=ADVANCED_FACE('',(#544,#181),#4961,.T.);
#5221=ADVANCED_FACE('',(#545,#182),#4962,.T.);
#5222=ADVANCED_FACE('',(#546,#183),#4963,.F.);
#5223=ADVANCED_FACE('',(#547),#293,.F.);
#5224=ADVANCED_FACE('',(#548),#294,.F.);
#5225=ADVANCED_FACE('',(#549),#4964,.T.);
#5226=ADVANCED_FACE('',(#550),#4965,.T.);
#5227=ADVANCED_FACE('',(#551),#4966,.T.);
#5228=ADVANCED_FACE('',(#552),#295,.T.);
#5229=ADVANCED_FACE('',(#553),#4967,.T.);
#5230=ADVANCED_FACE('',(#554),#4968,.T.);
#5231=ADVANCED_FACE('',(#555),#4969,.T.);
#5232=ADVANCED_FACE('',(#556),#296,.T.);
#5233=ADVANCED_FACE('',(#557,#184,#185),#4970,.T.);
#5234=ADVANCED_FACE('',(#558),#4971,.T.);
#5235=ADVANCED_FACE('',(#559),#4972,.T.);
#5236=ADVANCED_FACE('',(#560),#4973,.T.);
#5237=ADVANCED_FACE('',(#561),#297,.F.);
#5238=ADVANCED_FACE('',(#562),#298,.F.);
#5239=ADVANCED_FACE('',(#563),#299,.F.);
#5240=ADVANCED_FACE('',(#564),#4974,.T.);
#5241=ADVANCED_FACE('',(#565),#300,.T.);
#5242=ADVANCED_FACE('',(#566),#4975,.T.);
#5243=ADVANCED_FACE('',(#567),#301,.T.);
#5244=ADVANCED_FACE('',(#568),#4976,.T.);
#5245=ADVANCED_FACE('',(#569),#302,.T.);
#5246=ADVANCED_FACE('',(#570,#186,#187,#188,#189),#4977,.T.);
#5247=ADVANCED_FACE('',(#571,#190,#191,#192,#193),#4978,.F.);
#5248=ADVANCED_FACE('',(#572),#303,.F.);
#5249=ADVANCED_FACE('',(#573),#304,.F.);
#5250=ADVANCED_FACE('',(#574),#305,.F.);
#5251=ADVANCED_FACE('',(#575),#306,.F.);
#5252=ADVANCED_FACE('',(#576),#4979,.T.);
#5253=ADVANCED_FACE('',(#577),#307,.T.);
#5254=ADVANCED_FACE('',(#578),#4980,.T.);
#5255=ADVANCED_FACE('',(#579),#4981,.T.);
#5256=ADVANCED_FACE('',(#580),#308,.T.);
#5257=ADVANCED_FACE('',(#581,#194,#195,#196,#197),#4982,.T.);
#5258=ADVANCED_FACE('',(#582,#198,#199,#200,#201),#4983,.F.);
#5259=ADVANCED_FACE('',(#583,#202),#4984,.T.);
#5260=ADVANCED_FACE('',(#584,#203),#4985,.T.);
#5261=ADVANCED_FACE('',(#585),#309,.F.);
#5262=ADVANCED_FACE('',(#586),#310,.F.);
#5263=ADVANCED_FACE('',(#587),#4986,.T.);
#5264=ADVANCED_FACE('',(#588),#311,.T.);
#5265=ADVANCED_FACE('',(#589),#4987,.T.);
#5266=ADVANCED_FACE('',(#590),#312,.T.);
#5267=ADVANCED_FACE('',(#591,#204,#205),#4988,.F.);
#5268=CLOSED_SHELL('',(#4989,#4990,#4991,#4992,#4993,#4994,#4995,#4996,
#4997,#4998,#4999,#5000,#5001,#5002,#5003,#5004,#5005,#5006,#5007,#5008,
#5009,#5010,#5011,#5012,#5013,#5014,#5015,#5016,#5017,#5018,#5019,#5020,
#5021,#5022,#5023,#5024,#5025,#5026,#5027,#5028,#5029,#5030,#5031,#5032,
#5033,#5034,#5035,#5036,#5037,#5038,#5039,#5040,#5041,#5042,#5043,#5044,
#5045,#5046,#5047,#5048,#5049,#5050,#5051,#5052,#5053));
#5269=CLOSED_SHELL('',(#5054,#5055,#5056,#5057,#5058,#5059,#5060,#5061,
#5062,#5063));
#5270=CLOSED_SHELL('',(#5064,#5065,#5066,#5067,#5068,#5069,#5070,#5071,
#5072,#5073,#5074,#5075,#5076,#5077,#5078,#5079,#5080,#5081,#5082,#5083,
#5084,#5085,#5086,#5087,#5088,#5089,#5090,#5091,#5092,#5093,#5094,#5095,
#5096,#5097,#5098,#5099,#5100,#5101,#5102,#5103,#5104,#5105,#5106,#5107));
#5271=CLOSED_SHELL('',(#5108,#5109,#5110,#5111,#5112,#5113,#5114,#5115,
#5116,#5117,#5118,#5119,#5120,#5121,#5122,#5123,#5124,#5125,#5126,#5127,
#5128,#5129,#5130,#5131,#5132,#5133,#5134,#5135,#5136,#5137,#5138,#5139,
#5140,#5141,#5142,#5143,#5144,#5145,#5146));
#5272=CLOSED_SHELL('',(#5147,#5148,#5149,#5150,#5151,#5152,#5153,#5154,
#5155,#5156,#5157,#5158,#5159,#5160,#5161,#5162,#5163,#5164));
#5273=CLOSED_SHELL('',(#5165,#5166,#5167,#5168,#5169,#5170));
#5274=CLOSED_SHELL('',(#5171,#5172,#5173,#5174,#5175,#5176,#5177));
#5275=CLOSED_SHELL('',(#5178,#5179,#5180,#5181,#5182,#5183,#5184,#5185,
#5186,#5187,#5188,#5189,#5190,#5191,#5192,#5193,#5194,#5195,#5196,#5197,
#5198,#5199,#5200,#5201,#5202,#5203,#5204,#5205,#5206,#5207,#5208,#5209,
#5210,#5211));
#5276=CLOSED_SHELL('',(#5212,#5213,#5214,#5215,#5216,#5217,#5218,#5219,
#5220));
#5277=CLOSED_SHELL('',(#5221,#5222,#5223,#5224,#5225,#5226,#5227,#5228,
#5229,#5230,#5231,#5232,#5233));
#5278=CLOSED_SHELL('',(#5234,#5235,#5236,#5237,#5238,#5239,#5240,#5241,
#5242,#5243,#5244,#5245,#5246,#5247));
#5279=CLOSED_SHELL('',(#5248,#5249,#5250,#5251,#5252,#5253,#5254,#5255,
#5256,#5257,#5258));
#5280=CLOSED_SHELL('',(#5259,#5260,#5261,#5262,#5263,#5264,#5265,#5266,
#5267));
#5281=DERIVED_UNIT_ELEMENT(#5301,1.);
#5282=DERIVED_UNIT_ELEMENT(#8973,-3.);
#5283=DERIVED_UNIT_ELEMENT(#5301,1.);
#5284=DERIVED_UNIT_ELEMENT(#8973,-3.);
#5285=DERIVED_UNIT_ELEMENT(#5301,1.);
#5286=DERIVED_UNIT_ELEMENT(#8973,-3.);
#5287=DERIVED_UNIT_ELEMENT(#5301,1.);
#5288=DERIVED_UNIT_ELEMENT(#8973,-3.);
#5289=DERIVED_UNIT_ELEMENT(#5301,1.);
#5290=DERIVED_UNIT_ELEMENT(#8973,-3.);
#5291=DERIVED_UNIT_ELEMENT(#5301,1.);
#5292=DERIVED_UNIT_ELEMENT(#8973,-3.);
#5293=DERIVED_UNIT_ELEMENT(#5301,1.);
#5294=DERIVED_UNIT_ELEMENT(#8973,-3.);
#5295=DERIVED_UNIT_ELEMENT(#5301,1.);
#5296=DERIVED_UNIT_ELEMENT(#8973,-3.);
#5297=DERIVED_UNIT_ELEMENT(#5301,1.);
#5298=DERIVED_UNIT_ELEMENT(#8973,-3.);
#5299=DERIVED_UNIT_ELEMENT(#5301,1.);
#5300=DERIVED_UNIT_ELEMENT(#8973,-3.);
#5301=(
MASS_UNIT()
NAMED_UNIT(*)
SI_UNIT(.KILO.,.GRAM.)
);
#5302=DERIVED_UNIT((#5281,#5282));
#5303=DERIVED_UNIT((#5283,#5284));
#5304=DERIVED_UNIT((#5285,#5286));
#5305=DERIVED_UNIT((#5287,#5288));
#5306=DERIVED_UNIT((#5289,#5290));
#5307=DERIVED_UNIT((#5291,#5292));
#5308=DERIVED_UNIT((#5293,#5294));
#5309=DERIVED_UNIT((#5295,#5296));
#5310=DERIVED_UNIT((#5297,#5298));
#5311=DERIVED_UNIT((#5299,#5300));
#5312=MEASURE_REPRESENTATION_ITEM('density measure',
POSITIVE_RATIO_MEASURE(7850.),#5302);
#5313=MEASURE_REPRESENTATION_ITEM('density measure',
POSITIVE_RATIO_MEASURE(1000.),#5303);
#5314=MEASURE_REPRESENTATION_ITEM('density measure',
POSITIVE_RATIO_MEASURE(7850.),#5304);
#5315=MEASURE_REPRESENTATION_ITEM('density measure',
POSITIVE_RATIO_MEASURE(7850.),#5305);
#5316=MEASURE_REPRESENTATION_ITEM('density measure',
POSITIVE_RATIO_MEASURE(7850.),#5306);
#5317=MEASURE_REPRESENTATION_ITEM('density measure',
POSITIVE_RATIO_MEASURE(7850.),#5307);
#5318=MEASURE_REPRESENTATION_ITEM('density measure',
POSITIVE_RATIO_MEASURE(7850.),#5308);
#5319=MEASURE_REPRESENTATION_ITEM('density measure',
POSITIVE_RATIO_MEASURE(7850.),#5309);
#5320=MEASURE_REPRESENTATION_ITEM('density measure',
POSITIVE_RATIO_MEASURE(7850.),#5310);
#5321=MEASURE_REPRESENTATION_ITEM('density measure',
POSITIVE_RATIO_MEASURE(7850.),#5311);
#5322=PROPERTY_DEFINITION_REPRESENTATION(#5372,#5342);
#5323=PROPERTY_DEFINITION_REPRESENTATION(#5373,#5343);
#5324=PROPERTY_DEFINITION_REPRESENTATION(#5374,#5344);
#5325=PROPERTY_DEFINITION_REPRESENTATION(#5375,#5345);
#5326=PROPERTY_DEFINITION_REPRESENTATION(#5376,#5346);
#5327=PROPERTY_DEFINITION_REPRESENTATION(#5377,#5347);
#5328=PROPERTY_DEFINITION_REPRESENTATION(#5378,#5348);
#5329=PROPERTY_DEFINITION_REPRESENTATION(#5379,#5349);
#5330=PROPERTY_DEFINITION_REPRESENTATION(#5380,#5350);
#5331=PROPERTY_DEFINITION_REPRESENTATION(#5381,#5351);
#5332=PROPERTY_DEFINITION_REPRESENTATION(#5382,#5352);
#5333=PROPERTY_DEFINITION_REPRESENTATION(#5383,#5353);
#5334=PROPERTY_DEFINITION_REPRESENTATION(#5384,#5354);
#5335=PROPERTY_DEFINITION_REPRESENTATION(#5385,#5355);
#5336=PROPERTY_DEFINITION_REPRESENTATION(#5386,#5356);
#5337=PROPERTY_DEFINITION_REPRESENTATION(#5387,#5357);
#5338=PROPERTY_DEFINITION_REPRESENTATION(#5388,#5358);
#5339=PROPERTY_DEFINITION_REPRESENTATION(#5389,#5359);
#5340=PROPERTY_DEFINITION_REPRESENTATION(#5390,#5360);
#5341=PROPERTY_DEFINITION_REPRESENTATION(#5391,#5361);
#5342=REPRESENTATION('material name',(#5362),#8960);
#5343=REPRESENTATION('density',(#5312),#8960);
#5344=REPRESENTATION('material name',(#5363),#8961);
#5345=REPRESENTATION('density',(#5313),#8961);
#5346=REPRESENTATION('material name',(#5364),#8962);
#5347=REPRESENTATION('density',(#5314),#8962);
#5348=REPRESENTATION('material name',(#5365),#8963);
#5349=REPRESENTATION('density',(#5315),#8963);
#5350=REPRESENTATION('material name',(#5366),#8964);
#5351=REPRESENTATION('density',(#5316),#8964);
#5352=REPRESENTATION('material name',(#5367),#8965);
#5353=REPRESENTATION('density',(#5317),#8965);
#5354=REPRESENTATION('material name',(#5368),#8966);
#5355=REPRESENTATION('density',(#5318),#8966);
#5356=REPRESENTATION('material name',(#5369),#8967);
#5357=REPRESENTATION('density',(#5319),#8967);
#5358=REPRESENTATION('material name',(#5370),#8969);
#5359=REPRESENTATION('density',(#5320),#8969);
#5360=REPRESENTATION('material name',(#5371),#8970);
#5361=REPRESENTATION('density',(#5321),#8970);
#5362=DESCRIPTIVE_REPRESENTATION_ITEM('Acier','Acier');
#5363=DESCRIPTIVE_REPRESENTATION_ITEM('G\X\E9n\X\E9rique','G\X\E9n\X\E9
rique');
#5364=DESCRIPTIVE_REPRESENTATION_ITEM('Acier','Acier');
#5365=DESCRIPTIVE_REPRESENTATION_ITEM('Acier','Acier');
#5366=DESCRIPTIVE_REPRESENTATION_ITEM('Acier','Acier');
#5367=DESCRIPTIVE_REPRESENTATION_ITEM('Acier','Acier');
#5368=DESCRIPTIVE_REPRESENTATION_ITEM('Acier','Acier');
#5369=DESCRIPTIVE_REPRESENTATION_ITEM('Acier','Acier');
#5370=DESCRIPTIVE_REPRESENTATION_ITEM('Acier','Acier');
#5371=DESCRIPTIVE_REPRESENTATION_ITEM('Acier','Acier');
#5372=PROPERTY_DEFINITION('material property','material name',#9026);
#5373=PROPERTY_DEFINITION('material property','density of part',#9026);
#5374=PROPERTY_DEFINITION('material property','material name',#9027);
#5375=PROPERTY_DEFINITION('material property','density of part',#9027);
#5376=PROPERTY_DEFINITION('material property','material name',#9028);
#5377=PROPERTY_DEFINITION('material property','density of part',#9028);
#5378=PROPERTY_DEFINITION('material property','material name',#9029);
#5379=PROPERTY_DEFINITION('material property','density of part',#9029);
#5380=PROPERTY_DEFINITION('material property','material name',#9030);
#5381=PROPERTY_DEFINITION('material property','density of part',#9030);
#5382=PROPERTY_DEFINITION('material property','material name',#9031);
#5383=PROPERTY_DEFINITION('material property','density of part',#9031);
#5384=PROPERTY_DEFINITION('material property','material name',#9032);
#5385=PROPERTY_DEFINITION('material property','density of part',#9032);
#5386=PROPERTY_DEFINITION('material property','material name',#9033);
#5387=PROPERTY_DEFINITION('material property','density of part',#9033);
#5388=PROPERTY_DEFINITION('material property','material name',#9035);
#5389=PROPERTY_DEFINITION('material property','density of part',#9035);
#5390=PROPERTY_DEFINITION('material property','material name',#9036);
#5391=PROPERTY_DEFINITION('material property','density of part',#9036);
#5392=AXIS2_PLACEMENT_3D('',#7429,#5905,#5906);
#5393=AXIS2_PLACEMENT_3D('',#7430,#5907,#5908);
#5394=AXIS2_PLACEMENT_3D('',#7431,#5909,#5910);
#5395=AXIS2_PLACEMENT_3D('',#7438,#5913,#5914);
#5396=AXIS2_PLACEMENT_3D('',#7440,#5915,#5916);
#5397=AXIS2_PLACEMENT_3D('',#7442,#5918,#5919);
#5398=AXIS2_PLACEMENT_3D('',#7449,#5922,#5923);
#5399=AXIS2_PLACEMENT_3D('',#7451,#5925,#5926);
#5400=AXIS2_PLACEMENT_3D('',#7456,#5929,#5930);
#5401=AXIS2_PLACEMENT_3D('',#7460,#5932,#5933);
#5402=AXIS2_PLACEMENT_3D('',#7464,#5935,#5936);
#5403=AXIS2_PLACEMENT_3D('',#7468,#5938,#5939);
#5404=AXIS2_PLACEMENT_3D('',#7473,#5942,#5943);
#5405=AXIS2_PLACEMENT_3D('',#7477,#5945,#5946);
#5406=AXIS2_PLACEMENT_3D('',#7481,#5948,#5949);
#5407=AXIS2_PLACEMENT_3D('',#7484,#5951,#5952);
#5408=AXIS2_PLACEMENT_3D('',#7485,#5953,#5954);
#5409=AXIS2_PLACEMENT_3D('',#7499,#5960,#5961);
#5410=AXIS2_PLACEMENT_3D('',#7511,#5967,#5968);
#5411=AXIS2_PLACEMENT_3D('',#7525,#5972,#5973);
#5412=AXIS2_PLACEMENT_3D('',#7527,#5974,#5975);
#5413=AXIS2_PLACEMENT_3D('',#7529,#5976,#5977);
#5414=AXIS2_PLACEMENT_3D('',#7530,#5978,#5979);
#5415=AXIS2_PLACEMENT_3D('',#7547,#5985,#5986);
#5416=AXIS2_PLACEMENT_3D('',#7549,#5987,#5988);
#5417=AXIS2_PLACEMENT_3D('',#7550,#5989,#5990);
#5418=AXIS2_PLACEMENT_3D('',#7559,#5993,#5994);
#5419=AXIS2_PLACEMENT_3D('',#7561,#5995,#5996);
#5420=AXIS2_PLACEMENT_3D('',#7562,#5997,#5998);
#5421=AXIS2_PLACEMENT_3D('',#7570,#6002,#6003);
#5422=AXIS2_PLACEMENT_3D('',#7571,#6004,#6005);
#5423=AXIS2_PLACEMENT_3D('',#7572,#6006,#6007);
#5424=AXIS2_PLACEMENT_3D('',#7584,#6011,#6012);
#5425=AXIS2_PLACEMENT_3D('',#7586,#6013,#6014);
#5426=AXIS2_PLACEMENT_3D('',#7587,#6015,#6016);
#5427=AXIS2_PLACEMENT_3D('',#7595,#6020,#6021);
#5428=AXIS2_PLACEMENT_3D('',#7603,#6025,#6026);
#5429=AXIS2_PLACEMENT_3D('',#7604,#6027,#6028);
#5430=AXIS2_PLACEMENT_3D('',#7606,#6029,#6030);
#5431=AXIS2_PLACEMENT_3D('',#7608,#6031,#6032);
#5432=AXIS2_PLACEMENT_3D('',#7610,#6033,#6034);
#5433=AXIS2_PLACEMENT_3D('',#7614,#6035,#6036);
#5434=AXIS2_PLACEMENT_3D('',#7616,#6037,#6038);
#5435=AXIS2_PLACEMENT_3D('',#7617,#6039,#6040);
#5436=AXIS2_PLACEMENT_3D('',#7619,#6041,#6042);
#5437=AXIS2_PLACEMENT_3D('',#7620,#6043,#6044);
#5438=AXIS2_PLACEMENT_3D('',#7623,#6046,#6047);
#5439=AXIS2_PLACEMENT_3D('',#7624,#6048,#6049);
#5440=AXIS2_PLACEMENT_3D('',#7627,#6051,#6052);
#5441=AXIS2_PLACEMENT_3D('',#7628,#6053,#6054);
#5442=AXIS2_PLACEMENT_3D('',#7630,#6055,#6056);
#5443=AXIS2_PLACEMENT_3D('',#7631,#6057,#6058);
#5444=AXIS2_PLACEMENT_3D('',#7633,#6059,#6060);
#5445=AXIS2_PLACEMENT_3D('',#7634,#6061,#6062);
#5446=AXIS2_PLACEMENT_3D('',#7636,#6063,#6064);
#5447=AXIS2_PLACEMENT_3D('',#7637,#6065,#6066);
#5448=AXIS2_PLACEMENT_3D('',#7639,#6067,#6068);
#5449=AXIS2_PLACEMENT_3D('',#7640,#6069,#6070);
#5450=AXIS2_PLACEMENT_3D('',#7643,#6072,#6073);
#5451=AXIS2_PLACEMENT_3D('',#7644,#6074,#6075);
#5452=AXIS2_PLACEMENT_3D('',#7647,#6077,#6078);
#5453=AXIS2_PLACEMENT_3D('',#7648,#6079,#6080);
#5454=AXIS2_PLACEMENT_3D('',#7650,#6081,#6082);
#5455=AXIS2_PLACEMENT_3D('',#7652,#6084,#6085);
#5456=AXIS2_PLACEMENT_3D('',#7654,#6086,#6087);
#5457=AXIS2_PLACEMENT_3D('',#7656,#6089,#6090);
#5458=AXIS2_PLACEMENT_3D('',#7659,#6092,#6093);
#5459=AXIS2_PLACEMENT_3D('',#7660,#6094,#6095);
#5460=AXIS2_PLACEMENT_3D('',#7663,#6097,#6098);
#5461=AXIS2_PLACEMENT_3D('',#7664,#6099,#6100);
#5462=AXIS2_PLACEMENT_3D('',#7666,#6101,#6102);
#5463=AXIS2_PLACEMENT_3D('',#7669,#6104,#6105);
#5464=AXIS2_PLACEMENT_3D('',#7670,#6106,#6107);
#5465=AXIS2_PLACEMENT_3D('',#7679,#6112,#6113);
#5466=AXIS2_PLACEMENT_3D('',#7681,#6114,#6115);
#5467=AXIS2_PLACEMENT_3D('',#7684,#6117,#6118);
#5468=AXIS2_PLACEMENT_3D('',#7685,#6119,#6120);
#5469=AXIS2_PLACEMENT_3D('',#7691,#6124,#6125);
#5470=AXIS2_PLACEMENT_3D('',#7693,#6126,#6127);
#5471=AXIS2_PLACEMENT_3D('',#7694,#6128,#6129);
#5472=AXIS2_PLACEMENT_3D('',#7696,#6130,#6131);
#5473=AXIS2_PLACEMENT_3D('',#7697,#6132,#6133);
#5474=AXIS2_PLACEMENT_3D('',#7699,#6134,#6135);
#5475=AXIS2_PLACEMENT_3D('',#7701,#6136,#6137);
#5476=AXIS2_PLACEMENT_3D('',#7702,#6138,#6139);
#5477=AXIS2_PLACEMENT_3D('',#7704,#6140,#6141);
#5478=AXIS2_PLACEMENT_3D('',#7706,#6142,#6143);
#5479=AXIS2_PLACEMENT_3D('',#7707,#6144,#6145);
#5480=AXIS2_PLACEMENT_3D('',#7709,#6146,#6147);
#5481=AXIS2_PLACEMENT_3D('',#7710,#6148,#6149);
#5482=AXIS2_PLACEMENT_3D('',#7712,#6150,#6151);
#5483=AXIS2_PLACEMENT_3D('',#7713,#6152,#6153);
#5484=AXIS2_PLACEMENT_3D('',#7715,#6155,#6156);
#5485=AXIS2_PLACEMENT_3D('',#7716,#6157,#6158);
#5486=AXIS2_PLACEMENT_3D('',#7722,#6162,#6163);
#5487=AXIS2_PLACEMENT_3D('',#7726,#6166,#6167);
#5488=AXIS2_PLACEMENT_3D('',#7730,#6170,#6171);
#5489=AXIS2_PLACEMENT_3D('',#7732,#6173,#6174);
#5490=AXIS2_PLACEMENT_3D('',#7734,#6176,#6177);
#5491=AXIS2_PLACEMENT_3D('',#7736,#6179,#6180);
#5492=AXIS2_PLACEMENT_3D('',#7737,#6181,#6182);
#5493=AXIS2_PLACEMENT_3D('',#7739,#6183,#6184);
#5494=AXIS2_PLACEMENT_3D('',#7741,#6186,#6187);
#5495=AXIS2_PLACEMENT_3D('',#7747,#6191,#6192);
#5496=AXIS2_PLACEMENT_3D('',#7749,#6193,#6194);
#5497=AXIS2_PLACEMENT_3D('',#7751,#6196,#6197);
#5498=AXIS2_PLACEMENT_3D('',#7753,#6199,#6200);
#5499=AXIS2_PLACEMENT_3D('',#7757,#6203,#6204);
#5500=AXIS2_PLACEMENT_3D('',#7759,#6206,#6207);
#5501=AXIS2_PLACEMENT_3D('',#7761,#6209,#6210);
#5502=AXIS2_PLACEMENT_3D('',#7763,#6212,#6213);
#5503=AXIS2_PLACEMENT_3D('',#7765,#6215,#6216);
#5504=AXIS2_PLACEMENT_3D('',#7767,#6218,#6219);
#5505=AXIS2_PLACEMENT_3D('',#7769,#6220,#6221);
#5506=AXIS2_PLACEMENT_3D('',#7771,#6223,#6224);
#5507=AXIS2_PLACEMENT_3D('',#7773,#6225,#6226);
#5508=AXIS2_PLACEMENT_3D('',#7775,#6228,#6229);
#5509=AXIS2_PLACEMENT_3D('',#7776,#6230,#6231);
#5510=AXIS2_PLACEMENT_3D('',#7778,#6233,#6234);
#5511=AXIS2_PLACEMENT_3D('',#7779,#6235,#6236);
#5512=AXIS2_PLACEMENT_3D('',#7780,#6237,#6238);
#5513=AXIS2_PLACEMENT_3D('',#7781,#6239,#6240);
#5514=AXIS2_PLACEMENT_3D('',#7783,#6242,#6243);
#5515=AXIS2_PLACEMENT_3D('',#7784,#6244,#6245);
#5516=AXIS2_PLACEMENT_3D('',#7786,#6246,#6247);
#5517=AXIS2_PLACEMENT_3D('',#7789,#6249,#6250);
#5518=AXIS2_PLACEMENT_3D('',#7790,#6251,#6252);
#5519=AXIS2_PLACEMENT_3D('',#7792,#6253,#6254);
#5520=AXIS2_PLACEMENT_3D('',#7795,#6256,#6257);
#5521=AXIS2_PLACEMENT_3D('',#7796,#6258,#6259);
#5522=AXIS2_PLACEMENT_3D('',#7798,#6260,#6261);
#5523=AXIS2_PLACEMENT_3D('',#7801,#6263,#6264);
#5524=AXIS2_PLACEMENT_3D('',#7802,#6265,#6266);
#5525=AXIS2_PLACEMENT_3D('',#7804,#6267,#6268);
#5526=AXIS2_PLACEMENT_3D('',#7807,#6270,#6271);
#5527=AXIS2_PLACEMENT_3D('',#7808,#6272,#6273);
#5528=AXIS2_PLACEMENT_3D('',#7817,#6278,#6279);
#5529=AXIS2_PLACEMENT_3D('',#7823,#6283,#6284);
#5530=AXIS2_PLACEMENT_3D('',#7829,#6288,#6289);
#5531=AXIS2_PLACEMENT_3D('',#7832,#6292,#6293);
#5532=AXIS2_PLACEMENT_3D('',#7833,#6294,#6295);
#5533=AXIS2_PLACEMENT_3D('',#7834,#6296,#6297);
#5534=AXIS2_PLACEMENT_3D('',#7835,#6298,#6299);
#5535=AXIS2_PLACEMENT_3D('',#7862,#6313,#6314);
#5536=AXIS2_PLACEMENT_3D('',#7868,#6318,#6319);
#5537=AXIS2_PLACEMENT_3D('',#7892,#6332,#6333);
#5538=AXIS2_PLACEMENT_3D('',#7895,#6336,#6337);
#5539=AXIS2_PLACEMENT_3D('',#7904,#6342,#6343);
#5540=AXIS2_PLACEMENT_3D('',#7907,#6346,#6347);
#5541=AXIS2_PLACEMENT_3D('',#7909,#6349,#6350);
#5542=AXIS2_PLACEMENT_3D('',#7911,#6352,#6353);
#5543=AXIS2_PLACEMENT_3D('',#7912,#6354,#6355);
#5544=AXIS2_PLACEMENT_3D('',#7915,#6357,#6358);
#5545=AXIS2_PLACEMENT_3D('',#7917,#6359,#6360);
#5546=AXIS2_PLACEMENT_3D('',#7918,#6361,#6362);
#5547=AXIS2_PLACEMENT_3D('',#7920,#6363,#6364);
#5548=AXIS2_PLACEMENT_3D('',#7923,#6366,#6367);
#5549=AXIS2_PLACEMENT_3D('',#7924,#6368,#6369);
#5550=AXIS2_PLACEMENT_3D('',#7927,#6370,#6371);
#5551=AXIS2_PLACEMENT_3D('',#7930,#6373,#6374);
#5552=AXIS2_PLACEMENT_3D('',#7931,#6375,#6376);
#5553=AXIS2_PLACEMENT_3D('',#7933,#6377,#6378);
#5554=AXIS2_PLACEMENT_3D('',#7935,#6380,#6381);
#5555=AXIS2_PLACEMENT_3D('',#7938,#6383,#6384);
#5556=AXIS2_PLACEMENT_3D('',#7939,#6385,#6386);
#5557=AXIS2_PLACEMENT_3D('',#7941,#6387,#6388);
#5558=AXIS2_PLACEMENT_3D('',#7944,#6390,#6391);
#5559=AXIS2_PLACEMENT_3D('',#7945,#6392,#6393);
#5560=AXIS2_PLACEMENT_3D('',#7947,#6394,#6395);
#5561=AXIS2_PLACEMENT_3D('',#7950,#6397,#6398);
#5562=AXIS2_PLACEMENT_3D('',#7951,#6399,#6400);
#5563=AXIS2_PLACEMENT_3D('',#7954,#6402,#6403);
#5564=AXIS2_PLACEMENT_3D('',#7955,#6404,#6405);
#5565=AXIS2_PLACEMENT_3D('',#7959,#6407,#6408);
#5566=AXIS2_PLACEMENT_3D('',#7963,#6410,#6411);
#5567=AXIS2_PLACEMENT_3D('',#7965,#6413,#6414);
#5568=AXIS2_PLACEMENT_3D('',#7969,#6416,#6417);
#5569=AXIS2_PLACEMENT_3D('',#7973,#6419,#6420);
#5570=AXIS2_PLACEMENT_3D('',#7977,#6422,#6423);
#5571=AXIS2_PLACEMENT_3D('',#7980,#6426,#6427);
#5572=AXIS2_PLACEMENT_3D('',#7988,#6433,#6434);
#5573=AXIS2_PLACEMENT_3D('',#7990,#6436,#6437);
#5574=AXIS2_PLACEMENT_3D('',#8000,#6443,#6444);
#5575=AXIS2_PLACEMENT_3D('',#8004,#6447,#6448);
#5576=AXIS2_PLACEMENT_3D('',#8014,#6454,#6455);
#5577=AXIS2_PLACEMENT_3D('',#8018,#6458,#6459);
#5578=AXIS2_PLACEMENT_3D('',#8020,#6461,#6462);
#5579=AXIS2_PLACEMENT_3D('',#8024,#6465,#6466);
#5580=AXIS2_PLACEMENT_3D('',#8026,#6468,#6469);
#5581=AXIS2_PLACEMENT_3D('',#8030,#6472,#6473);
#5582=AXIS2_PLACEMENT_3D('',#8032,#6475,#6476);
#5583=AXIS2_PLACEMENT_3D('',#8035,#6479,#6480);
#5584=AXIS2_PLACEMENT_3D('',#8036,#6481,#6482);
#5585=AXIS2_PLACEMENT_3D('',#8037,#6483,#6484);
#5586=AXIS2_PLACEMENT_3D('',#8040,#6487,#6488);
#5587=AXIS2_PLACEMENT_3D('',#8041,#6489,#6490);
#5588=AXIS2_PLACEMENT_3D('',#8042,#6491,#6492);
#5589=AXIS2_PLACEMENT_3D('',#8044,#6494,#6495);
#5590=AXIS2_PLACEMENT_3D('',#8046,#6497,#6498);
#5591=AXIS2_PLACEMENT_3D('',#8047,#6499,#6500);
#5592=AXIS2_PLACEMENT_3D('',#8048,#6501,#6502);
#5593=AXIS2_PLACEMENT_3D('',#8049,#6503,#6504);
#5594=AXIS2_PLACEMENT_3D('',#8050,#6505,#6506);
#5595=AXIS2_PLACEMENT_3D('',#8051,#6507,#6508);
#5596=AXIS2_PLACEMENT_3D('',#8053,#6509,#6510);
#5597=AXIS2_PLACEMENT_3D('',#8054,#6511,#6512);
#5598=AXIS2_PLACEMENT_3D('',#8057,#6514,#6515);
#5599=AXIS2_PLACEMENT_3D('',#8058,#6516,#6517);
#5600=AXIS2_PLACEMENT_3D('',#8059,#6518,#6519);
#5601=AXIS2_PLACEMENT_3D('',#8060,#6520,#6521);
#5602=AXIS2_PLACEMENT_3D('',#8063,#6522,#6523);
#5603=AXIS2_PLACEMENT_3D('',#8067,#6525,#6526);
#5604=AXIS2_PLACEMENT_3D('',#8069,#6528,#6529);
#5605=AXIS2_PLACEMENT_3D('',#8075,#6533,#6534);
#5606=AXIS2_PLACEMENT_3D('',#8077,#6535,#6536);
#5607=AXIS2_PLACEMENT_3D('',#8080,#6538,#6539);
#5608=AXIS2_PLACEMENT_3D('',#8081,#6540,#6541);
#5609=AXIS2_PLACEMENT_3D('',#8084,#6544,#6545);
#5610=AXIS2_PLACEMENT_3D('',#8086,#6546,#6547);
#5611=AXIS2_PLACEMENT_3D('',#8087,#6548,#6549);
#5612=AXIS2_PLACEMENT_3D('',#8096,#6554,#6555);
#5613=AXIS2_PLACEMENT_3D('',#8099,#6556,#6557);
#5614=AXIS2_PLACEMENT_3D('',#8106,#6561,#6562);
#5615=AXIS2_PLACEMENT_3D('',#8108,#6563,#6564);
#5616=AXIS2_PLACEMENT_3D('',#8112,#6566,#6567);
#5617=AXIS2_PLACEMENT_3D('',#8115,#6569,#6570);
#5618=AXIS2_PLACEMENT_3D('',#8116,#6571,#6572);
#5619=AXIS2_PLACEMENT_3D('',#8119,#6573,#6574);
#5620=AXIS2_PLACEMENT_3D('',#8123,#6576,#6577);
#5621=AXIS2_PLACEMENT_3D('',#8126,#6579,#6580);
#5622=AXIS2_PLACEMENT_3D('',#8128,#6581,#6582);
#5623=AXIS2_PLACEMENT_3D('',#8135,#6586,#6587);
#5624=AXIS2_PLACEMENT_3D('',#8136,#6588,#6589);
#5625=AXIS2_PLACEMENT_3D('',#8139,#6592,#6593);
#5626=AXIS2_PLACEMENT_3D('',#8145,#6597,#6598);
#5627=AXIS2_PLACEMENT_3D('',#8151,#6602,#6603);
#5628=AXIS2_PLACEMENT_3D('',#8153,#6604,#6605);
#5629=AXIS2_PLACEMENT_3D('',#8155,#6607,#6608);
#5630=AXIS2_PLACEMENT_3D('',#8158,#6610,#6611);
#5631=AXIS2_PLACEMENT_3D('',#8159,#6612,#6613);
#5632=AXIS2_PLACEMENT_3D('',#8163,#6615,#6616);
#5633=AXIS2_PLACEMENT_3D('',#8167,#6618,#6619);
#5634=AXIS2_PLACEMENT_3D('',#8171,#6621,#6622);
#5635=AXIS2_PLACEMENT_3D('',#8175,#6624,#6625);
#5636=AXIS2_PLACEMENT_3D('',#8177,#6627,#6628);
#5637=AXIS2_PLACEMENT_3D('',#8179,#6630,#6631);
#5638=AXIS2_PLACEMENT_3D('',#8181,#6633,#6634);
#5639=AXIS2_PLACEMENT_3D('',#8187,#6638,#6639);
#5640=AXIS2_PLACEMENT_3D('',#8193,#6643,#6644);
#5641=AXIS2_PLACEMENT_3D('',#8197,#6647,#6648);
#5642=AXIS2_PLACEMENT_3D('',#8201,#6651,#6652);
#5643=AXIS2_PLACEMENT_3D('',#8203,#6654,#6655);
#5644=AXIS2_PLACEMENT_3D('',#8207,#6657,#6658);
#5645=AXIS2_PLACEMENT_3D('',#8215,#6662,#6663);
#5646=AXIS2_PLACEMENT_3D('',#8216,#6664,#6665);
#5647=AXIS2_PLACEMENT_3D('',#8218,#6666,#6667);
#5648=AXIS2_PLACEMENT_3D('',#8219,#6668,#6669);
#5649=AXIS2_PLACEMENT_3D('',#8222,#6670,#6671);
#5650=AXIS2_PLACEMENT_3D('',#8224,#6673,#6674);
#5651=AXIS2_PLACEMENT_3D('',#8230,#6678,#6679);
#5652=AXIS2_PLACEMENT_3D('',#8234,#6682,#6683);
#5653=AXIS2_PLACEMENT_3D('',#8239,#6686,#6687);
#5654=AXIS2_PLACEMENT_3D('',#8240,#6688,#6689);
#5655=AXIS2_PLACEMENT_3D('',#8241,#6690,#6691);
#5656=AXIS2_PLACEMENT_3D('',#8242,#6692,#6693);
#5657=AXIS2_PLACEMENT_3D('',#8247,#6696,#6697);
#5658=AXIS2_PLACEMENT_3D('',#8248,#6698,#6699);
#5659=AXIS2_PLACEMENT_3D('',#8251,#6701,#6702);
#5660=AXIS2_PLACEMENT_3D('',#8252,#6703,#6704);
#5661=AXIS2_PLACEMENT_3D('',#8254,#6705,#6706);
#5662=AXIS2_PLACEMENT_3D('',#8256,#6708,#6709);
#5663=AXIS2_PLACEMENT_3D('',#8263,#6714,#6715);
#5664=AXIS2_PLACEMENT_3D('',#8267,#6718,#6719);
#5665=AXIS2_PLACEMENT_3D('',#8269,#6720,#6721);
#5666=AXIS2_PLACEMENT_3D('',#8271,#6723,#6724);
#5667=AXIS2_PLACEMENT_3D('',#8272,#6725,#6726);
#5668=AXIS2_PLACEMENT_3D('',#8273,#6727,#6728);
#5669=AXIS2_PLACEMENT_3D('',#8275,#6729,#6730);
#5670=AXIS2_PLACEMENT_3D('',#8276,#6731,#6732);
#5671=AXIS2_PLACEMENT_3D('',#8277,#6733,#6734);
#5672=AXIS2_PLACEMENT_3D('',#8279,#6735,#6736);
#5673=AXIS2_PLACEMENT_3D('',#8282,#6738,#6739);
#5674=AXIS2_PLACEMENT_3D('',#8283,#6740,#6741);
#5675=AXIS2_PLACEMENT_3D('',#8285,#6743,#6744);
#5676=AXIS2_PLACEMENT_3D('',#8287,#6746,#6747);
#5677=AXIS2_PLACEMENT_3D('',#8289,#6749,#6750);
#5678=AXIS2_PLACEMENT_3D('',#8290,#6751,#6752);
#5679=AXIS2_PLACEMENT_3D('',#8291,#6753,#6754);
#5680=AXIS2_PLACEMENT_3D('',#8292,#6755,#6756);
#5681=AXIS2_PLACEMENT_3D('',#8301,#6761,#6762);
#5682=AXIS2_PLACEMENT_3D('',#8305,#6764,#6765);
#5683=AXIS2_PLACEMENT_3D('',#8308,#6767,#6768);
#5684=AXIS2_PLACEMENT_3D('',#8309,#6769,#6770);
#5685=AXIS2_PLACEMENT_3D('',#8313,#6772,#6773);
#5686=AXIS2_PLACEMENT_3D('',#8316,#6775,#6776);
#5687=AXIS2_PLACEMENT_3D('',#8317,#6777,#6778);
#5688=AXIS2_PLACEMENT_3D('',#8323,#6782,#6783);
#5689=AXIS2_PLACEMENT_3D('',#8325,#6784,#6785);
#5690=AXIS2_PLACEMENT_3D('',#8327,#6787,#6788);
#5691=AXIS2_PLACEMENT_3D('',#8332,#6790,#6791);
#5692=AXIS2_PLACEMENT_3D('',#8340,#6795,#6796);
#5693=AXIS2_PLACEMENT_3D('',#8342,#6798,#6799);
#5694=AXIS2_PLACEMENT_3D('',#8348,#6803,#6804);
#5695=AXIS2_PLACEMENT_3D('',#8352,#6807,#6808);
#5696=AXIS2_PLACEMENT_3D('',#8356,#6811,#6812);
#5697=AXIS2_PLACEMENT_3D('',#8359,#6814,#6815);
#5698=AXIS2_PLACEMENT_3D('',#8360,#6816,#6817);
#5699=AXIS2_PLACEMENT_3D('',#8362,#6818,#6819);
#5700=AXIS2_PLACEMENT_3D('',#8364,#6821,#6822);
#5701=AXIS2_PLACEMENT_3D('',#8368,#6825,#6826);
#5702=AXIS2_PLACEMENT_3D('',#8370,#6828,#6829);
#5703=AXIS2_PLACEMENT_3D('',#8372,#6830,#6831);
#5704=AXIS2_PLACEMENT_3D('',#8374,#6833,#6834);
#5705=AXIS2_PLACEMENT_3D('',#8376,#6835,#6836);
#5706=AXIS2_PLACEMENT_3D('',#8378,#6838,#6839);
#5707=AXIS2_PLACEMENT_3D('',#8382,#6842,#6843);
#5708=AXIS2_PLACEMENT_3D('',#8383,#6844,#6845);
#5709=AXIS2_PLACEMENT_3D('',#8384,#6846,#6847);
#5710=AXIS2_PLACEMENT_3D('',#8385,#6848,#6849);
#5711=AXIS2_PLACEMENT_3D('',#8386,#6850,#6851);
#5712=AXIS2_PLACEMENT_3D('',#8395,#6856,#6857);
#5713=AXIS2_PLACEMENT_3D('',#8404,#6862,#6863);
#5714=AXIS2_PLACEMENT_3D('',#8406,#6865,#6866);
#5715=AXIS2_PLACEMENT_3D('',#8407,#6867,#6868);
#5716=AXIS2_PLACEMENT_3D('',#8408,#6869,#6870);
#5717=AXIS2_PLACEMENT_3D('',#8409,#6871,#6872);
#5718=AXIS2_PLACEMENT_3D('',#8411,#6874,#6875);
#5719=AXIS2_PLACEMENT_3D('',#8412,#6876,#6877);
#5720=AXIS2_PLACEMENT_3D('',#8421,#6882,#6883);
#5721=AXIS2_PLACEMENT_3D('',#8430,#6888,#6889);
#5722=AXIS2_PLACEMENT_3D('',#8436,#6893,#6894);
#5723=AXIS2_PLACEMENT_3D('',#8437,#6895,#6896);
#5724=AXIS2_PLACEMENT_3D('',#8439,#6898,#6899);
#5725=AXIS2_PLACEMENT_3D('',#8440,#6900,#6901);
#5726=AXIS2_PLACEMENT_3D('',#8441,#6902,#6903);
#5727=AXIS2_PLACEMENT_3D('',#8443,#6905,#6906);
#5728=AXIS2_PLACEMENT_3D('',#8444,#6907,#6908);
#5729=AXIS2_PLACEMENT_3D('',#8453,#6913,#6914);
#5730=AXIS2_PLACEMENT_3D('',#8462,#6919,#6920);
#5731=AXIS2_PLACEMENT_3D('',#8476,#6928,#6929);
#5732=AXIS2_PLACEMENT_3D('',#8482,#6933,#6934);
#5733=AXIS2_PLACEMENT_3D('',#8488,#6938,#6939);
#5734=AXIS2_PLACEMENT_3D('',#8502,#6947,#6948);
#5735=AXIS2_PLACEMENT_3D('',#8504,#6949,#6950);
#5736=AXIS2_PLACEMENT_3D('',#8508,#6953,#6954);
#5737=AXIS2_PLACEMENT_3D('',#8509,#6955,#6956);
#5738=AXIS2_PLACEMENT_3D('',#8515,#6960,#6961);
#5739=AXIS2_PLACEMENT_3D('',#8523,#6966,#6967);
#5740=AXIS2_PLACEMENT_3D('',#8525,#6968,#6969);
#5741=AXIS2_PLACEMENT_3D('',#8528,#6971,#6972);
#5742=AXIS2_PLACEMENT_3D('',#8529,#6973,#6974);
#5743=AXIS2_PLACEMENT_3D('',#8531,#6975,#6976);
#5744=AXIS2_PLACEMENT_3D('',#8533,#6978,#6979);
#5745=AXIS2_PLACEMENT_3D('',#8534,#6980,#6981);
#5746=AXIS2_PLACEMENT_3D('',#8536,#6983,#6984);
#5747=AXIS2_PLACEMENT_3D('',#8537,#6985,#6986);
#5748=AXIS2_PLACEMENT_3D('',#8538,#6987,#6988);
#5749=AXIS2_PLACEMENT_3D('',#8539,#6989,#6990);
#5750=AXIS2_PLACEMENT_3D('',#8540,#6991,#6992);
#5751=AXIS2_PLACEMENT_3D('',#8542,#6993,#6994);
#5752=AXIS2_PLACEMENT_3D('',#8545,#6996,#6997);
#5753=AXIS2_PLACEMENT_3D('',#8546,#6998,#6999);
#5754=AXIS2_PLACEMENT_3D('',#8555,#7004,#7005);
#5755=AXIS2_PLACEMENT_3D('',#8561,#7009,#7010);
#5756=AXIS2_PLACEMENT_3D('',#8567,#7014,#7015);
#5757=AXIS2_PLACEMENT_3D('',#8570,#7018,#7019);
#5758=AXIS2_PLACEMENT_3D('',#8572,#7020,#7021);
#5759=AXIS2_PLACEMENT_3D('',#8575,#7023,#7024);
#5760=AXIS2_PLACEMENT_3D('',#8576,#7025,#7026);
#5761=AXIS2_PLACEMENT_3D('',#8582,#7030,#7031);
#5762=AXIS2_PLACEMENT_3D('',#8588,#7035,#7036);
#5763=AXIS2_PLACEMENT_3D('',#8591,#7039,#7040);
#5764=AXIS2_PLACEMENT_3D('',#8600,#7045,#7046);
#5765=AXIS2_PLACEMENT_3D('',#8606,#7050,#7051);
#5766=AXIS2_PLACEMENT_3D('',#8612,#7055,#7056);
#5767=AXIS2_PLACEMENT_3D('',#8615,#7059,#7060);
#5768=AXIS2_PLACEMENT_3D('',#8624,#7065,#7066);
#5769=AXIS2_PLACEMENT_3D('',#8627,#7069,#7070);
#5770=AXIS2_PLACEMENT_3D('',#8629,#7071,#7072);
#5771=AXIS2_PLACEMENT_3D('',#8631,#7073,#7074);
#5772=AXIS2_PLACEMENT_3D('',#8633,#7076,#7077);
#5773=AXIS2_PLACEMENT_3D('',#8639,#7081,#7082);
#5774=AXIS2_PLACEMENT_3D('',#8640,#7083,#7084);
#5775=AXIS2_PLACEMENT_3D('',#8641,#7085,#7086);
#5776=AXIS2_PLACEMENT_3D('',#8642,#7087,#7088);
#5777=AXIS2_PLACEMENT_3D('',#8643,#7089,#7090);
#5778=AXIS2_PLACEMENT_3D('',#8644,#7091,#7092);
#5779=AXIS2_PLACEMENT_3D('',#8645,#7093,#7094);
#5780=AXIS2_PLACEMENT_3D('',#8647,#7095,#7096);
#5781=AXIS2_PLACEMENT_3D('',#8649,#7097,#7098);
#5782=AXIS2_PLACEMENT_3D('',#8650,#7099,#7100);
#5783=AXIS2_PLACEMENT_3D('',#8653,#7101,#7102);
#5784=AXIS2_PLACEMENT_3D('',#8657,#7104,#7105);
#5785=AXIS2_PLACEMENT_3D('',#8660,#7107,#7108);
#5786=AXIS2_PLACEMENT_3D('',#8662,#7109,#7110);
#5787=AXIS2_PLACEMENT_3D('',#8663,#7111,#7112);
#5788=AXIS2_PLACEMENT_3D('',#8665,#7113,#7114);
#5789=AXIS2_PLACEMENT_3D('',#8667,#7116,#7117);
#5790=AXIS2_PLACEMENT_3D('',#8669,#7119,#7120);
#5791=AXIS2_PLACEMENT_3D('',#8675,#7124,#7125);
#5792=AXIS2_PLACEMENT_3D('',#8679,#7127,#7128);
#5793=AXIS2_PLACEMENT_3D('',#8681,#7130,#7131);
#5794=AXIS2_PLACEMENT_3D('',#8682,#7132,#7133);
#5795=AXIS2_PLACEMENT_3D('',#8686,#7136,#7137);
#5796=AXIS2_PLACEMENT_3D('',#8687,#7138,#7139);
#5797=AXIS2_PLACEMENT_3D('',#8688,#7140,#7141);
#5798=AXIS2_PLACEMENT_3D('',#8689,#7142,#7143);
#5799=AXIS2_PLACEMENT_3D('',#8690,#7144,#7145);
#5800=AXIS2_PLACEMENT_3D('',#8692,#7146,#7147);
#5801=AXIS2_PLACEMENT_3D('',#8694,#7148,#7149);
#5802=AXIS2_PLACEMENT_3D('',#8695,#7150,#7151);
#5803=AXIS2_PLACEMENT_3D('',#8698,#7152,#7153);
#5804=AXIS2_PLACEMENT_3D('',#8706,#7157,#7158);
#5805=AXIS2_PLACEMENT_3D('',#8713,#7162,#7163);
#5806=AXIS2_PLACEMENT_3D('',#8714,#7164,#7165);
#5807=AXIS2_PLACEMENT_3D('',#8716,#7166,#7167);
#5808=AXIS2_PLACEMENT_3D('',#8718,#7169,#7170);
#5809=AXIS2_PLACEMENT_3D('',#8720,#7171,#7172);
#5810=AXIS2_PLACEMENT_3D('',#8722,#7174,#7175);
#5811=AXIS2_PLACEMENT_3D('',#8728,#7179,#7180);
#5812=AXIS2_PLACEMENT_3D('',#8732,#7183,#7184);
#5813=AXIS2_PLACEMENT_3D('',#8736,#7187,#7188);
#5814=AXIS2_PLACEMENT_3D('',#8738,#7189,#7190);
#5815=AXIS2_PLACEMENT_3D('',#8741,#7193,#7194);
#5816=AXIS2_PLACEMENT_3D('',#8745,#7197,#7198);
#5817=AXIS2_PLACEMENT_3D('',#8749,#7201,#7202);
#5818=AXIS2_PLACEMENT_3D('',#8753,#7205,#7206);
#5819=AXIS2_PLACEMENT_3D('',#8754,#7207,#7208);
#5820=AXIS2_PLACEMENT_3D('',#8755,#7209,#7210);
#5821=AXIS2_PLACEMENT_3D('',#8756,#7211,#7212);
#5822=AXIS2_PLACEMENT_3D('',#8757,#7213,#7214);
#5823=AXIS2_PLACEMENT_3D('',#8766,#7219,#7220);
#5824=AXIS2_PLACEMENT_3D('',#8772,#7224,#7225);
#5825=AXIS2_PLACEMENT_3D('',#8775,#7228,#7229);
#5826=AXIS2_PLACEMENT_3D('',#8777,#7230,#7231);
#5827=AXIS2_PLACEMENT_3D('',#8780,#7233,#7234);
#5828=AXIS2_PLACEMENT_3D('',#8781,#7235,#7236);
#5829=AXIS2_PLACEMENT_3D('',#8783,#7237,#7238);
#5830=AXIS2_PLACEMENT_3D('',#8786,#7240,#7241);
#5831=AXIS2_PLACEMENT_3D('',#8787,#7242,#7243);
#5832=AXIS2_PLACEMENT_3D('',#8789,#7244,#7245);
#5833=AXIS2_PLACEMENT_3D('',#8792,#7247,#7248);
#5834=AXIS2_PLACEMENT_3D('',#8793,#7249,#7250);
#5835=AXIS2_PLACEMENT_3D('',#8802,#7255,#7256);
#5836=AXIS2_PLACEMENT_3D('',#8804,#7257,#7258);
#5837=AXIS2_PLACEMENT_3D('',#8806,#7259,#7260);
#5838=AXIS2_PLACEMENT_3D('',#8808,#7262,#7263);
#5839=AXIS2_PLACEMENT_3D('',#8814,#7267,#7268);
#5840=AXIS2_PLACEMENT_3D('',#8816,#7269,#7270);
#5841=AXIS2_PLACEMENT_3D('',#8818,#7271,#7272);
#5842=AXIS2_PLACEMENT_3D('',#8820,#7274,#7275);
#5843=AXIS2_PLACEMENT_3D('',#8826,#7279,#7280);
#5844=AXIS2_PLACEMENT_3D('',#8827,#7281,#7282);
#5845=AXIS2_PLACEMENT_3D('',#8828,#7283,#7284);
#5846=AXIS2_PLACEMENT_3D('',#8829,#7285,#7286);
#5847=AXIS2_PLACEMENT_3D('',#8830,#7287,#7288);
#5848=AXIS2_PLACEMENT_3D('',#8831,#7289,#7290);
#5849=AXIS2_PLACEMENT_3D('',#8832,#7291,#7292);
#5850=AXIS2_PLACEMENT_3D('',#8833,#7293,#7294);
#5851=AXIS2_PLACEMENT_3D('',#8835,#7295,#7296);
#5852=AXIS2_PLACEMENT_3D('',#8838,#7298,#7299);
#5853=AXIS2_PLACEMENT_3D('',#8839,#7300,#7301);
#5854=AXIS2_PLACEMENT_3D('',#8841,#7302,#7303);
#5855=AXIS2_PLACEMENT_3D('',#8844,#7305,#7306);
#5856=AXIS2_PLACEMENT_3D('',#8845,#7307,#7308);
#5857=AXIS2_PLACEMENT_3D('',#8847,#7309,#7310);
#5858=AXIS2_PLACEMENT_3D('',#8850,#7312,#7313);
#5859=AXIS2_PLACEMENT_3D('',#8851,#7314,#7315);
#5860=AXIS2_PLACEMENT_3D('',#8853,#7316,#7317);
#5861=AXIS2_PLACEMENT_3D('',#8856,#7319,#7320);
#5862=AXIS2_PLACEMENT_3D('',#8857,#7321,#7322);
#5863=AXIS2_PLACEMENT_3D('',#8866,#7327,#7328);
#5864=AXIS2_PLACEMENT_3D('',#8868,#7329,#7330);
#5865=AXIS2_PLACEMENT_3D('',#8870,#7331,#7332);
#5866=AXIS2_PLACEMENT_3D('',#8872,#7334,#7335);
#5867=AXIS2_PLACEMENT_3D('',#8878,#7339,#7340);
#5868=AXIS2_PLACEMENT_3D('',#8884,#7344,#7345);
#5869=AXIS2_PLACEMENT_3D('',#8885,#7346,#7347);
#5870=AXIS2_PLACEMENT_3D('',#8886,#7348,#7349);
#5871=AXIS2_PLACEMENT_3D('',#8887,#7350,#7351);
#5872=AXIS2_PLACEMENT_3D('',#8888,#7352,#7353);
#5873=AXIS2_PLACEMENT_3D('',#8889,#7354,#7355);
#5874=AXIS2_PLACEMENT_3D('',#8890,#7356,#7357);
#5875=AXIS2_PLACEMENT_3D('',#8891,#7358,#7359);
#5876=AXIS2_PLACEMENT_3D('',#8893,#7360,#7361);
#5877=AXIS2_PLACEMENT_3D('',#8895,#7362,#7363);
#5878=AXIS2_PLACEMENT_3D('',#8896,#7364,#7365);
#5879=AXIS2_PLACEMENT_3D('',#8899,#7366,#7367);
#5880=AXIS2_PLACEMENT_3D('',#8903,#7369,#7370);
#5881=AXIS2_PLACEMENT_3D('',#8906,#7372,#7373);
#5882=AXIS2_PLACEMENT_3D('',#8907,#7374,#7375);
#5883=AXIS2_PLACEMENT_3D('',#8910,#7377,#7378);
#5884=AXIS2_PLACEMENT_3D('',#8911,#7379,#7380);
#5885=AXIS2_PLACEMENT_3D('',#8914,#7382,#7383);
#5886=AXIS2_PLACEMENT_3D('',#8915,#7384,#7385);
#5887=AXIS2_PLACEMENT_3D('',#8921,#7389,#7390);
#5888=AXIS2_PLACEMENT_3D('',#8924,#7392,#7393);
#5889=AXIS2_PLACEMENT_3D('',#8927,#7395,#7396);
#5890=AXIS2_PLACEMENT_3D('',#8928,#7397,#7398);
#5891=AXIS2_PLACEMENT_3D('',#8932,#7401,#7402);
#5892=AXIS2_PLACEMENT_3D('',#8933,#7403,#7404);
#5893=AXIS2_PLACEMENT_3D('',#8934,#7405,#7406);
#5894=AXIS2_PLACEMENT_3D('',#8935,#7407,#7408);
#5895=AXIS2_PLACEMENT_3D('',#8936,#7409,#7410);
#5896=AXIS2_PLACEMENT_3D('',#8937,#7411,#7412);
#5897=AXIS2_PLACEMENT_3D('',#8938,#7413,#7414);
#5898=AXIS2_PLACEMENT_3D('',#8939,#7415,#7416);
#5899=AXIS2_PLACEMENT_3D('',#8940,#7417,#7418);
#5900=AXIS2_PLACEMENT_3D('',#8941,#7419,#7420);
#5901=AXIS2_PLACEMENT_3D('',#8942,#7421,#7422);
#5902=AXIS2_PLACEMENT_3D('',#8943,#7423,#7424);
#5903=AXIS2_PLACEMENT_3D('',#8944,#7425,#7426);
#5904=AXIS2_PLACEMENT_3D('',#8945,#7427,#7428);
#5905=DIRECTION('axis',(0.,0.,1.));
#5906=DIRECTION('refdir',(1.,0.,0.));
#5907=DIRECTION('axis',(0.,0.,1.));
#5908=DIRECTION('refdir',(1.,0.,0.));
#5909=DIRECTION('center_axis',(0.,5.55111512312579E-16,-1.));
#5910=DIRECTION('ref_axis',(6.19996967803531E-16,-1.,-5.55111512312579E-16));
#5911=DIRECTION('',(-3.1438019045067E-32,-1.,-5.55111512312579E-16));
#5912=DIRECTION('',(1.,7.40148683083437E-16,-2.96059473233375E-15));
#5913=DIRECTION('center_axis',(0.,5.55111512312579E-16,-1.));
#5914=DIRECTION('ref_axis',(1.,0.,0.));
#5915=DIRECTION('center_axis',(0.,5.55111512312579E-16,-1.));
#5916=DIRECTION('ref_axis',(1.,0.,0.));
#5917=DIRECTION('',(-1.,-7.40148683083437E-16,2.96059473233375E-15));
#5918=DIRECTION('center_axis',(0.,5.55111512312579E-16,-1.));
#5919=DIRECTION('ref_axis',(-7.42461647718069E-16,1.,5.55111512312579E-16));
#5920=DIRECTION('',(0.,1.,5.55111512312579E-16));
#5921=DIRECTION('',(-1.,-7.40148683083437E-16,2.59052039079203E-15));
#5922=DIRECTION('center_axis',(0.,5.55111512312579E-16,-1.));
#5923=DIRECTION('ref_axis',(1.,0.,0.));
#5924=DIRECTION('',(1.,7.40148683083437E-16,-2.59052039079203E-15));
#5925=DIRECTION('center_axis',(0.,0.,1.));
#5926=DIRECTION('ref_axis',(1.,0.,0.));
#5927=DIRECTION('',(0.,0.,-1.));
#5928=DIRECTION('',(0.,0.,-1.));
#5929=DIRECTION('center_axis',(0.,0.,1.));
#5930=DIRECTION('ref_axis',(1.,0.,0.));
#5931=DIRECTION('',(0.,0.,1.));
#5932=DIRECTION('center_axis',(0.,0.,1.));
#5933=DIRECTION('ref_axis',(1.,0.,0.));
#5934=DIRECTION('',(0.,0.,1.));
#5935=DIRECTION('center_axis',(0.,0.,-1.));
#5936=DIRECTION('ref_axis',(1.,0.,0.));
#5937=DIRECTION('',(0.,0.,1.));
#5938=DIRECTION('center_axis',(0.,0.,1.));
#5939=DIRECTION('ref_axis',(1.,0.,0.));
#5940=DIRECTION('',(0.,0.,-1.));
#5941=DIRECTION('',(0.,0.,1.));
#5942=DIRECTION('center_axis',(0.,0.,1.));
#5943=DIRECTION('ref_axis',(1.,0.,0.));
#5944=DIRECTION('',(0.,0.,-1.));
#5945=DIRECTION('center_axis',(0.,-0.76000414542439,-0.649918224808124));
#5946=DIRECTION('ref_axis',(0.,0.649918224808124,-0.76000414542439));
#5947=DIRECTION('',(0.,0.,1.));
#5948=DIRECTION('center_axis',(0.,0.,-1.));
#5949=DIRECTION('ref_axis',(1.,0.,0.));
#5950=DIRECTION('',(0.,0.,1.));
#5951=DIRECTION('center_axis',(0.,0.,1.));
#5952=DIRECTION('ref_axis',(1.,0.,0.));
#5953=DIRECTION('center_axis',(0.,1.,4.93432455388959E-16));
#5954=DIRECTION('ref_axis',(-2.62205998384339E-15,4.93432455388959E-16,
-1.));
#5955=DIRECTION('',(6.46501326187306E-28,-4.93432455388959E-16,1.));
#5956=DIRECTION('',(1.,8.25444627974094E-16,-2.47633388392228E-15));
#5957=DIRECTION('',(1.85461849827299E-14,-4.93432455388959E-16,1.));
#5958=DIRECTION('',(0.,0.,-1.));
#5959=DIRECTION('',(1.,8.25444627974094E-16,-2.47633388392228E-15));
#5960=DIRECTION('center_axis',(1.,-1.24570139413662E-12,0.));
#5961=DIRECTION('ref_axis',(-1.24570139413662E-12,-1.,0.));
#5962=DIRECTION('',(6.14669497590282E-28,4.93432455388959E-16,-1.));
#5963=DIRECTION('',(-1.24570139413662E-12,-1.,-3.70074341541719E-16));
#5964=DIRECTION('',(-6.61951766635688E-28,-5.31388798111187E-16,1.));
#5965=DIRECTION('',(-1.24570139413662E-12,-1.,0.));
#5966=DIRECTION('',(0.,-0.360572897753375,0.932731035940015));
#5967=DIRECTION('center_axis',(-1.,0.,0.));
#5968=DIRECTION('ref_axis',(0.,-1.,0.));
#5969=DIRECTION('',(0.,-0.847938490400862,0.530094629756526));
#5970=DIRECTION('',(1.24570139413662E-12,1.,0.));
#5971=DIRECTION('',(-1.24570139413662E-12,-1.,0.));
#5972=DIRECTION('center_axis',(1.,-1.24570139413662E-12,0.));
#5973=DIRECTION('ref_axis',(0.,-1.,0.));
#5974=DIRECTION('center_axis',(1.,-1.24570139413662E-12,0.));
#5975=DIRECTION('ref_axis',(0.,-1.,0.));
#5976=DIRECTION('center_axis',(1.,0.,0.));
#5977=DIRECTION('ref_axis',(0.,-1.,0.));
#5978=DIRECTION('center_axis',(-1.,-1.31021240927025E-12,0.));
#5979=DIRECTION('ref_axis',(-1.31021240927025E-12,1.,0.));
#5980=DIRECTION('',(-6.96232197432483E-28,5.31388798111187E-16,-1.));
#5981=DIRECTION('',(-1.31021240927025E-12,1.,3.70074341544973E-16));
#5982=DIRECTION('',(-1.31021240927025E-12,1.,0.));
#5983=DIRECTION('',(1.31021240927025E-12,-1.,0.));
#5984=DIRECTION('',(-1.31021240927025E-12,1.,0.));
#5985=DIRECTION('center_axis',(-1.,-1.31021240927025E-12,0.));
#5986=DIRECTION('ref_axis',(0.,1.,0.));
#5987=DIRECTION('center_axis',(-1.,-1.31021240927025E-12,0.));
#5988=DIRECTION('ref_axis',(0.,1.,0.));
#5989=DIRECTION('center_axis',(-1.,-4.28226873156245E-15,1.85461849827299E-14));
#5990=DIRECTION('ref_axis',(4.28226873156245E-15,-1.,0.));
#5991=DIRECTION('',(-1.85461849827299E-14,5.31388798111187E-16,-1.));
#5992=DIRECTION('',(-1.57190095225287E-32,-1.,-3.70074341541719E-16));
#5993=DIRECTION('center_axis',(1.,0.,0.));
#5994=DIRECTION('ref_axis',(0.,-1.,0.));
#5995=DIRECTION('center_axis',(1.,0.,0.));
#5996=DIRECTION('ref_axis',(0.,-1.,0.));
#5997=DIRECTION('center_axis',(0.,-1.,-5.31388798111187E-16));
#5998=DIRECTION('ref_axis',(2.62205998384339E-15,-5.31388798111187E-16,
1.));
#5999=DIRECTION('',(1.,8.25444627974094E-16,-2.47633388392228E-15));
#6000=DIRECTION('',(1.88009673039971E-48,5.31388798111187E-16,-1.));
#6001=DIRECTION('',(1.,8.25444627974094E-16,-2.47633388392228E-15));
#6002=DIRECTION('center_axis',(0.,0.,-1.));
#6003=DIRECTION('ref_axis',(-1.,-1.3101856337376E-12,0.));
#6004=DIRECTION('center_axis',(0.,0.,1.));
#6005=DIRECTION('ref_axis',(1.,0.,0.));
#6006=DIRECTION('center_axis',(1.,2.00075623440997E-15,8.66569789742784E-15));
#6007=DIRECTION('ref_axis',(-2.00075623440997E-15,1.,0.));
#6008=DIRECTION('',(8.66569789742784E-15,4.93432455388959E-16,-1.));
#6009=DIRECTION('',(-8.66569789742784E-15,-5.31388798111187E-16,1.));
#6010=DIRECTION('',(0.,1.,3.70074341541719E-16));
#6011=DIRECTION('center_axis',(-1.,0.,0.));
#6012=DIRECTION('ref_axis',(0.,1.,0.));
#6013=DIRECTION('center_axis',(-1.,0.,0.));
#6014=DIRECTION('ref_axis',(0.,1.,0.));
#6015=DIRECTION('center_axis',(0.,-1.,-5.31388798111187E-16));
#6016=DIRECTION('ref_axis',(-2.67757113507467E-15,5.31388798111187E-16,
-1.));
#6017=DIRECTION('',(1.,0.,0.));
#6018=DIRECTION('',(0.,-5.31388798111187E-16,1.));
#6019=DIRECTION('',(-1.,0.,0.));
#6020=DIRECTION('center_axis',(0.,1.,4.93432455388959E-16));
#6021=DIRECTION('ref_axis',(2.67757113507467E-15,-4.93432455388959E-16,
1.));
#6022=DIRECTION('',(-1.,0.,0.));
#6023=DIRECTION('',(0.,4.93432455388959E-16,-1.));
#6024=DIRECTION('',(-1.,0.,0.));
#6025=DIRECTION('center_axis',(0.,0.,-1.));
#6026=DIRECTION('ref_axis',(1.,0.,0.));
#6027=DIRECTION('center_axis',(0.,0.,-1.));
#6028=DIRECTION('ref_axis',(1.,0.,0.));
#6029=DIRECTION('center_axis',(0.,-0.530094629756526,-0.847938490400862));
#6030=DIRECTION('ref_axis',(1.15763348097826E-15,-0.847938490400862,0.530094629756526));
#6031=DIRECTION('center_axis',(0.,-0.530094629756526,-0.847938490400862));
#6032=DIRECTION('ref_axis',(1.15763348097826E-15,-0.847938490400862,0.530094629756526));
#6033=DIRECTION('center_axis',(0.,0.51491788198655,0.857239508428354));
#6034=DIRECTION('ref_axis',(4.4128353463389E-17,0.857239508428354,-0.51491788198655));
#6035=DIRECTION('center_axis',(-1.,0.,0.));
#6036=DIRECTION('ref_axis',(0.,-1.,0.));
#6037=DIRECTION('center_axis',(-1.,0.,0.));
#6038=DIRECTION('ref_axis',(0.,-1.,0.));
#6039=DIRECTION('center_axis',(-1.,0.,0.));
#6040=DIRECTION('ref_axis',(0.,-1.,0.));
#6041=DIRECTION('center_axis',(-1.,0.,0.));
#6042=DIRECTION('ref_axis',(0.,-1.,0.));
#6043=DIRECTION('center_axis',(1.,0.,0.));
#6044=DIRECTION('ref_axis',(0.,-1.,0.));
#6045=DIRECTION('',(1.,0.,0.));
#6046=DIRECTION('center_axis',(1.,5.32299502130488E-45,1.058208150875E-74));
#6047=DIRECTION('ref_axis',(0.,-1.,0.));
#6048=DIRECTION('center_axis',(1.,0.,0.));
#6049=DIRECTION('ref_axis',(0.,-1.,0.));
#6050=DIRECTION('',(1.,0.,0.));
#6051=DIRECTION('center_axis',(1.,0.,0.));
#6052=DIRECTION('ref_axis',(0.,-1.,0.));
#6053=DIRECTION('center_axis',(1.,0.,0.));
#6054=DIRECTION('ref_axis',(0.,1.,0.));
#6055=DIRECTION('center_axis',(1.,0.,0.));
#6056=DIRECTION('ref_axis',(0.,1.,0.));
#6057=DIRECTION('center_axis',(1.,0.,0.));
#6058=DIRECTION('ref_axis',(0.,1.,0.));
#6059=DIRECTION('center_axis',(1.,0.,0.));
#6060=DIRECTION('ref_axis',(0.,1.,0.));
#6061=DIRECTION('center_axis',(1.,5.32299502130488E-45,1.058208150875E-74));
#6062=DIRECTION('ref_axis',(-5.32299502130488E-45,1.,0.));
#6063=DIRECTION('center_axis',(1.,0.,0.));
#6064=DIRECTION('ref_axis',(0.,1.,0.));
#6065=DIRECTION('center_axis',(1.,0.,0.));
#6066=DIRECTION('ref_axis',(0.,1.,0.));
#6067=DIRECTION('center_axis',(1.,0.,0.));
#6068=DIRECTION('ref_axis',(0.,1.,0.));
#6069=DIRECTION('center_axis',(-1.,0.,0.));
#6070=DIRECTION('ref_axis',(0.,1.,0.));
#6071=DIRECTION('',(-1.,0.,0.));
#6072=DIRECTION('center_axis',(-1.,-9.86076131526308E-32,3.94430452610506E-31));
#6073=DIRECTION('ref_axis',(0.,1.,0.));
#6074=DIRECTION('center_axis',(-1.,0.,0.));
#6075=DIRECTION('ref_axis',(0.,1.,0.));
#6076=DIRECTION('',(-1.,0.,0.));
#6077=DIRECTION('center_axis',(-1.,-9.86076131526265E-32,3.94430452610506E-31));
#6078=DIRECTION('ref_axis',(0.,1.,0.));
#6079=DIRECTION('center_axis',(1.,0.,0.));
#6080=DIRECTION('ref_axis',(0.,1.,0.));
#6081=DIRECTION('center_axis',(-1.,0.,0.));
#6082=DIRECTION('ref_axis',(0.,1.,0.));
#6083=DIRECTION('',(-1.,0.,0.));
#6084=DIRECTION('center_axis',(1.,0.,0.));
#6085=DIRECTION('ref_axis',(0.,1.,0.));
#6086=DIRECTION('center_axis',(-1.,0.,0.));
#6087=DIRECTION('ref_axis',(0.,1.,0.));
#6088=DIRECTION('',(-1.,0.,0.));
#6089=DIRECTION('center_axis',(1.,0.,0.));
#6090=DIRECTION('ref_axis',(0.,1.,0.));
#6091=DIRECTION('',(-1.,0.,0.));
#6092=DIRECTION('center_axis',(1.,0.,0.));
#6093=DIRECTION('ref_axis',(0.,1.,0.));
#6094=DIRECTION('center_axis',(1.,0.,0.));
#6095=DIRECTION('ref_axis',(0.,1.,0.));
#6096=DIRECTION('',(-1.,0.,0.));
#6097=DIRECTION('center_axis',(1.,0.,0.));
#6098=DIRECTION('ref_axis',(0.,1.,0.));
#6099=DIRECTION('center_axis',(-1.,0.,0.));
#6100=DIRECTION('ref_axis',(0.,1.,0.));
#6101=DIRECTION('center_axis',(-1.,0.,0.));
#6102=DIRECTION('ref_axis',(0.,1.,0.));
#6103=DIRECTION('',(-1.,0.,0.));
#6104=DIRECTION('center_axis',(1.,4.75809867696496E-17,0.));
#6105=DIRECTION('ref_axis',(0.,1.,0.));
#6106=DIRECTION('center_axis',(0.,-0.821369972796821,-0.570395799237468));
#6107=DIRECTION('ref_axis',(0.,-0.570395799237468,0.82136997279682));
#6108=DIRECTION('',(-1.,0.,0.));
#6109=DIRECTION('',(-2.71399949769817E-17,0.570395799237468,-0.82136997279682));
#6110=DIRECTION('',(-1.,0.,0.));
#6111=DIRECTION('',(0.,-0.570395799237469,0.821369972796821));
#6112=DIRECTION('center_axis',(-1.,0.,0.));
#6113=DIRECTION('ref_axis',(0.,0.689655071950547,0.724138026713752));
#6114=DIRECTION('center_axis',(-1.,-4.75809867696496E-17,0.));
#6115=DIRECTION('ref_axis',(0.,0.689655071950547,0.724138026713752));
#6116=DIRECTION('',(-1.,0.,0.));
#6117=DIRECTION('center_axis',(1.,0.,0.));
#6118=DIRECTION('ref_axis',(0.,0.689655071950547,0.724138026713752));
#6119=DIRECTION('center_axis',(0.,0.821369972796821,-0.570395799237468));
#6120=DIRECTION('ref_axis',(0.,-0.570395799237468,-0.82136997279682));
#6121=DIRECTION('',(1.,0.,0.));
#6122=DIRECTION('',(0.,-0.570395799237468,-0.82136997279682));
#6123=DIRECTION('',(-2.71399949769817E-17,0.570395799237468,0.82136997279682));
#6124=DIRECTION('center_axis',(1.,5.32299502130488E-45,1.058208150875E-74));
#6125=DIRECTION('ref_axis',(-5.32299502130488E-45,1.,0.));
#6126=DIRECTION('center_axis',(-1.,-5.32299502130488E-45,-1.058208150875E-74));
#6127=DIRECTION('ref_axis',(-5.32299502130488E-45,1.,0.));
#6128=DIRECTION('center_axis',(1.,5.32299502130488E-45,1.058208150875E-74));
#6129=DIRECTION('ref_axis',(-5.32299502130488E-45,1.,0.));
#6130=DIRECTION('center_axis',(-1.,-5.32299502130488E-45,-1.058208150875E-74));
#6131=DIRECTION('ref_axis',(-5.32299502130488E-45,1.,0.));
#6132=DIRECTION('center_axis',(-1.,-9.86076131526265E-32,3.94430452610506E-31));
#6133=DIRECTION('ref_axis',(9.86076131526265E-32,-1.,0.));
#6134=DIRECTION('center_axis',(-1.,-9.86076131526265E-32,3.94430452610506E-31));
#6135=DIRECTION('ref_axis',(0.,1.,0.));
#6136=DIRECTION('center_axis',(-1.,0.,0.));
#6137=DIRECTION('ref_axis',(0.,-1.,0.));
#6138=DIRECTION('center_axis',(-1.,-9.86076131526308E-32,3.94430452610506E-31));
#6139=DIRECTION('ref_axis',(9.86076131526308E-32,-1.,0.));
#6140=DIRECTION('center_axis',(-1.,-9.86076131526308E-32,3.94430452610506E-31));
#6141=DIRECTION('ref_axis',(0.,1.,0.));
#6142=DIRECTION('center_axis',(-1.,0.,0.));
#6143=DIRECTION('ref_axis',(0.,-1.,0.));
#6144=DIRECTION('center_axis',(-1.,-9.86076131526308E-32,3.94430452610506E-31));
#6145=DIRECTION('ref_axis',(9.86076131526308E-32,-1.,0.));
#6146=DIRECTION('center_axis',(-1.,0.,0.));
#6147=DIRECTION('ref_axis',(0.,-1.,0.));
#6148=DIRECTION('center_axis',(-1.,-9.86076131526265E-32,3.94430452610506E-31));
#6149=DIRECTION('ref_axis',(9.86076131526265E-32,-1.,0.));
#6150=DIRECTION('center_axis',(-1.,0.,0.));
#6151=DIRECTION('ref_axis',(0.,-1.,0.));
#6152=DIRECTION('center_axis',(1.,0.,0.));
#6153=DIRECTION('ref_axis',(0.,1.,0.));
#6154=DIRECTION('',(0.,-1.,-4.62584152281306E-16));
#6155=DIRECTION('center_axis',(0.,3.70074341541719E-16,-1.));
#6156=DIRECTION('ref_axis',(0.,1.,3.70074341541719E-16));
#6157=DIRECTION('center_axis',(1.,0.,0.));
#6158=DIRECTION('ref_axis',(0.,1.,0.));
#6159=DIRECTION('',(0.,0.,-1.));
#6160=DIRECTION('',(0.,1.,0.));
#6161=DIRECTION('',(0.,-1.54056028998095E-16,1.));
#6162=DIRECTION('center_axis',(0.,-1.,-1.54056028998095E-16));
#6163=DIRECTION('ref_axis',(0.,-1.54056028998095E-16,1.));
#6164=DIRECTION('',(-1.,0.,0.));
#6165=DIRECTION('',(-7.33013787754309E-33,1.54056028998095E-16,-1.));
#6166=DIRECTION('center_axis',(-1.,-4.75809867696496E-17,0.));
#6167=DIRECTION('ref_axis',(4.75809867696496E-17,-1.,0.));
#6168=DIRECTION('',(0.,0.,1.));
#6169=DIRECTION('',(4.75809867696496E-17,-1.,0.));
#6170=DIRECTION('center_axis',(0.,1.,0.));
#6171=DIRECTION('ref_axis',(0.,0.,-1.));
#6172=DIRECTION('',(1.,0.,0.));
#6173=DIRECTION('center_axis',(1.,0.,0.));
#6174=DIRECTION('ref_axis',(0.,1.,0.));
#6175=DIRECTION('',(-1.,0.,0.));
#6176=DIRECTION('center_axis',(1.,0.,0.));
#6177=DIRECTION('ref_axis',(0.,1.,0.));
#6178=DIRECTION('',(-1.,0.,0.));
#6179=DIRECTION('center_axis',(0.,0.,1.));
#6180=DIRECTION('ref_axis',(1.,0.,0.));
#6181=DIRECTION('center_axis',(1.,0.,0.));
#6182=DIRECTION('ref_axis',(0.,-1.,0.));
#6183=DIRECTION('center_axis',(-1.,0.,0.));
#6184=DIRECTION('ref_axis',(0.,-1.,0.));
#6185=DIRECTION('',(-1.,0.,0.));
#6186=DIRECTION('center_axis',(0.,-0.932731035940015,-0.360572897753375));
#6187=DIRECTION('ref_axis',(0.,0.360572897753375,-0.932731035940015));
#6188=DIRECTION('',(1.,0.,0.));
#6189=DIRECTION('',(0.,0.360572897753375,-0.932731035940015));
#6190=DIRECTION('',(1.,0.,0.));
#6191=DIRECTION('center_axis',(1.,0.,0.));
#6192=DIRECTION('ref_axis',(0.,-1.,0.));
#6193=DIRECTION('center_axis',(1.,0.,0.));
#6194=DIRECTION('ref_axis',(0.,-1.,0.));
#6195=DIRECTION('',(1.,0.,0.));
#6196=DIRECTION('center_axis',(0.,0.530094629756526,0.847938490400862));
#6197=DIRECTION('ref_axis',(0.,-0.847938490400862,0.530094629756526));
#6198=DIRECTION('',(0.,-0.847938490400862,0.530094629756526));
#6199=DIRECTION('center_axis',(0.,0.530094629756526,0.847938490400862));
#6200=DIRECTION('ref_axis',(0.,-0.847938490400862,0.530094629756526));
#6201=DIRECTION('',(0.,-0.847938490400862,0.530094629756526));
#6202=DIRECTION('',(-1.,0.,0.));
#6203=DIRECTION('center_axis',(0.,0.51491788198655,0.857239508428354));
#6204=DIRECTION('ref_axis',(0.,-0.857239508428354,0.51491788198655));
#6205=DIRECTION('',(0.,-0.857239508428354,0.51491788198655));
#6206=DIRECTION('center_axis',(-1.,0.,0.));
#6207=DIRECTION('ref_axis',(0.,1.,0.));
#6208=DIRECTION('',(-1.,0.,0.));
#6209=DIRECTION('center_axis',(-1.,0.,0.));
#6210=DIRECTION('ref_axis',(0.,1.,0.));
#6211=DIRECTION('',(-1.,0.,0.));
#6212=DIRECTION('center_axis',(-1.,0.,0.));
#6213=DIRECTION('ref_axis',(0.,-1.,0.));
#6214=DIRECTION('',(1.,0.,0.));
#6215=DIRECTION('center_axis',(-1.,0.,0.));
#6216=DIRECTION('ref_axis',(0.,-1.,0.));
#6217=DIRECTION('',(1.,0.,0.));
#6218=DIRECTION('center_axis',(-1.,0.,0.));
#6219=DIRECTION('ref_axis',(0.,-1.,0.));
#6220=DIRECTION('center_axis',(1.,0.,0.));
#6221=DIRECTION('ref_axis',(0.,-1.,0.));
#6222=DIRECTION('',(1.,0.,0.));
#6223=DIRECTION('center_axis',(-1.,0.,0.));
#6224=DIRECTION('ref_axis',(0.,-1.,0.));
#6225=DIRECTION('center_axis',(1.,0.,0.));
#6226=DIRECTION('ref_axis',(0.,-1.,0.));
#6227=DIRECTION('',(1.,0.,0.));
#6228=DIRECTION('center_axis',(0.,0.,-1.));
#6229=DIRECTION('ref_axis',(-1.,0.,0.));
#6230=DIRECTION('center_axis',(0.,-0.76000414542439,-0.649918224808124));
#6231=DIRECTION('ref_axis',(0.,0.649918224808124,-0.76000414542439));
#6232=DIRECTION('',(0.,0.649918224808124,-0.76000414542439));
#6233=DIRECTION('center_axis',(-1.,0.,0.));
#6234=DIRECTION('ref_axis',(0.,-1.,0.));
#6235=DIRECTION('center_axis',(0.,0.,1.));
#6236=DIRECTION('ref_axis',(1.,0.,0.));
#6237=DIRECTION('center_axis',(-1.88737914186277E-14,3.70074341541719E-16,
-1.));
#6238=DIRECTION('ref_axis',(-1.57190095225287E-32,-1.,-3.70074341541719E-16));
#6239=DIRECTION('center_axis',(1.85962356624714E-14,-4.62584152281306E-16,
1.));
#6240=DIRECTION('ref_axis',(0.,1.,4.62584152281306E-16));
#6241=DIRECTION('',(0.,1.,4.62584152281306E-16));
#6242=DIRECTION('center_axis',(-1.,3.1438019045067E-32,1.48257144249551E-47));
#6243=DIRECTION('ref_axis',(-3.1438019045067E-32,-1.,0.));
#6244=DIRECTION('center_axis',(0.,0.,1.));
#6245=DIRECTION('ref_axis',(1.,0.,0.));
#6246=DIRECTION('center_axis',(0.,0.,-1.));
#6247=DIRECTION('ref_axis',(1.,0.,0.));
#6248=DIRECTION('',(0.,0.,-1.));
#6249=DIRECTION('center_axis',(0.,0.,-1.));
#6250=DIRECTION('ref_axis',(1.,0.,0.));
#6251=DIRECTION('center_axis',(0.,0.,1.));
#6252=DIRECTION('ref_axis',(1.,0.,0.));
#6253=DIRECTION('center_axis',(0.,0.,-1.));
#6254=DIRECTION('ref_axis',(1.,0.,0.));
#6255=DIRECTION('',(0.,0.,-1.));
#6256=DIRECTION('center_axis',(0.,0.,-1.));
#6257=DIRECTION('ref_axis',(1.,0.,0.));
#6258=DIRECTION('center_axis',(0.,0.,1.));
#6259=DIRECTION('ref_axis',(1.,0.,0.));
#6260=DIRECTION('center_axis',(0.,0.,-1.));
#6261=DIRECTION('ref_axis',(1.,0.,0.));
#6262=DIRECTION('',(0.,0.,-1.));
#6263=DIRECTION('center_axis',(0.,0.,-1.));
#6264=DIRECTION('ref_axis',(1.,0.,0.));
#6265=DIRECTION('center_axis',(0.,0.,1.));
#6266=DIRECTION('ref_axis',(1.,0.,0.));
#6267=DIRECTION('center_axis',(0.,0.,-1.));
#6268=DIRECTION('ref_axis',(1.,0.,0.));
#6269=DIRECTION('',(0.,0.,-1.));
#6270=DIRECTION('center_axis',(0.,0.,-1.));
#6271=DIRECTION('ref_axis',(1.,0.,0.));
#6272=DIRECTION('center_axis',(0.,-1.,0.));
#6273=DIRECTION('ref_axis',(1.,0.,0.));
#6274=DIRECTION('',(1.,0.,0.));
#6275=DIRECTION('',(0.,0.,1.));
#6276=DIRECTION('',(1.,0.,0.));
#6277=DIRECTION('',(0.,0.,1.));
#6278=DIRECTION('center_axis',(-1.,0.,0.));
#6279=DIRECTION('ref_axis',(0.,-1.,0.));
#6280=DIRECTION('',(0.,-1.,0.));
#6281=DIRECTION('',(0.,-1.,0.));
#6282=DIRECTION('',(0.,0.,1.));
#6283=DIRECTION('center_axis',(0.,1.,0.));
#6284=DIRECTION('ref_axis',(-1.,0.,0.));
#6285=DIRECTION('',(-1.,0.,0.));
#6286=DIRECTION('',(-1.,0.,0.));
#6287=DIRECTION('',(0.,0.,1.));
#6288=DIRECTION('center_axis',(1.,0.,0.));
#6289=DIRECTION('ref_axis',(0.,1.,0.));
#6290=DIRECTION('',(0.,1.,0.));
#6291=DIRECTION('',(0.,1.,0.));
#6292=DIRECTION('center_axis',(0.,0.,1.));
#6293=DIRECTION('ref_axis',(1.,0.,0.));
#6294=DIRECTION('center_axis',(0.,0.,1.));
#6295=DIRECTION('ref_axis',(1.,0.,0.));
#6296=DIRECTION('axis',(0.,0.,1.));
#6297=DIRECTION('refdir',(1.,0.,0.));
#6298=DIRECTION('center_axis',(-1.22464679914735E-16,1.,-2.71926214689378E-32));
#6299=DIRECTION('ref_axis',(-2.22044604925031E-16,0.,1.));
#6300=DIRECTION('',(1.,1.22464679914735E-16,2.22044604925031E-16));
#6301=DIRECTION('',(2.22044604925031E-16,0.,-1.));
#6302=DIRECTION('',(1.,1.22464679914735E-16,2.22044604925031E-16));
#6303=DIRECTION('',(2.22044604925031E-16,0.,-1.));
#6304=DIRECTION('',(1.,1.22464679914735E-16,2.22044604925031E-16));
#6305=DIRECTION('',(-2.22044604925031E-16,0.,1.));
#6306=DIRECTION('',(-1.,-1.22464679914735E-16,-2.22044604925031E-16));
#6307=DIRECTION('',(2.22044604925031E-16,0.,-1.));
#6308=DIRECTION('',(2.22044604925031E-16,0.,-1.));
#6309=DIRECTION('',(-1.,-1.22464679914735E-16,-2.22044604925031E-16));
#6310=DIRECTION('',(2.22044604925031E-16,0.,-1.));
#6311=DIRECTION('',(1.,1.22464679914735E-16,2.22044604925031E-16));
#6312=DIRECTION('',(2.22044604925031E-16,0.,-1.));
#6313=DIRECTION('center_axis',(2.22044604925031E-16,0.,-1.));
#6314=DIRECTION('ref_axis',(-1.22464679914735E-16,1.,-2.71926214689378E-32));
#6315=DIRECTION('',(1.,1.22464679914735E-16,2.22044604925031E-16));
#6316=DIRECTION('',(1.22464679914735E-16,-1.,2.71926214689378E-32));
#6317=DIRECTION('',(1.22464679914735E-16,-1.,2.71926214689378E-32));
#6318=DIRECTION('center_axis',(1.22464679914735E-16,-1.,2.71926214689378E-32));
#6319=DIRECTION('ref_axis',(-1.,-1.22464679914735E-16,-2.22044604925031E-16));
#6320=DIRECTION('',(1.,1.22464679914735E-16,2.22044604925031E-16));
#6321=DIRECTION('',(-2.22044604925031E-16,0.,1.));
#6322=DIRECTION('',(-2.22044604925031E-16,0.,1.));
#6323=DIRECTION('',(-1.,-1.22464679914735E-16,-2.22044604925031E-16));
#6324=DIRECTION('',(2.22044604925031E-16,0.,-1.));
#6325=DIRECTION('',(-1.,-1.22464679914735E-16,-2.22044604925031E-16));
#6326=DIRECTION('',(-2.22044604925031E-16,0.,1.));
#6327=DIRECTION('',(-2.22044604925031E-16,0.,1.));
#6328=DIRECTION('',(-1.,-1.22464679914735E-16,-2.22044604925031E-16));
#6329=DIRECTION('',(-2.22044604925031E-16,0.,1.));
#6330=DIRECTION('',(-1.,-1.22464679914735E-16,-2.22044604925031E-16));
#6331=DIRECTION('',(-2.22044604925031E-16,0.,1.));
#6332=DIRECTION('center_axis',(-2.22044604925031E-16,0.,1.));
#6333=DIRECTION('ref_axis',(1.,1.22464679914735E-16,2.22044604925031E-16));
#6334=DIRECTION('',(-1.22464679914735E-16,1.,-2.71926214689378E-32));
#6335=DIRECTION('',(-1.22464679914735E-16,1.,-2.71926214689378E-32));
#6336=DIRECTION('center_axis',(-1.,-1.22464679914735E-16,-2.22044604925031E-16));
#6337=DIRECTION('ref_axis',(1.22464679914735E-16,-1.,2.71926214689378E-32));
#6338=DIRECTION('',(2.22044604925031E-16,0.,-1.));
#6339=DIRECTION('',(1.22464679914735E-16,-1.,2.71926214689378E-32));
#6340=DIRECTION('',(-2.22044604925031E-16,0.,1.));
#6341=DIRECTION('',(-1.22464679914735E-16,1.,-2.71926214689378E-32));
#6342=DIRECTION('center_axis',(-0.554700196225227,-6.79311819793633E-17,
0.832050294337845));
#6343=DIRECTION('ref_axis',(1.22464679914735E-16,-1.,2.71926214689378E-32));
#6344=DIRECTION('',(-0.727606875108998,0.485071250072667,-0.485071250072667));
#6345=DIRECTION('',(0.727606875108998,0.485071250072667,0.485071250072667));
#6346=DIRECTION('center_axis',(-0.554700196225227,0.832050294337845,-1.23168185922668E-16));
#6347=DIRECTION('ref_axis',(2.22044604925031E-16,0.,-1.));
#6348=DIRECTION('',(0.727606875108998,0.485071250072667,-0.485071250072667));
#6349=DIRECTION('center_axis',(-0.554700196225227,-0.832050294337845,-1.23168185922668E-16));
#6350=DIRECTION('ref_axis',(-0.832050294337845,0.554700196225227,-1.84752278884003E-16));
#6351=DIRECTION('',(-0.727606875108998,0.485071250072667,0.485071250072667));
#6352=DIRECTION('center_axis',(-0.554700196225227,-6.79311819793633E-17,
-0.832050294337845));
#6353=DIRECTION('ref_axis',(0.832050294337845,1.01896772969046E-16,-0.554700196225227));
#6354=DIRECTION('center_axis',(1.,1.22464679914735E-16,2.22044604925031E-16));
#6355=DIRECTION('ref_axis',(-2.22044604925031E-16,0.,1.));
#6356=DIRECTION('',(1.22464679914735E-16,-1.,2.71926214689378E-32));
#6357=DIRECTION('center_axis',(1.,1.22464679914735E-16,2.22044604925031E-16));
#6358=DIRECTION('ref_axis',(-1.22464679914735E-16,1.,-2.71926214689378E-32));
#6359=DIRECTION('center_axis',(1.,1.22464679914735E-16,2.22044604925031E-16));
#6360=DIRECTION('ref_axis',(-1.22464679914735E-16,1.,-2.71926214689378E-32));
#6361=DIRECTION('center_axis',(-1.,-1.22464679914735E-16,-2.22044604925031E-16));
#6362=DIRECTION('ref_axis',(1.22464679914735E-16,-1.,2.71926214689378E-32));
#6363=DIRECTION('center_axis',(1.,1.22464679914735E-16,2.22044604925031E-16));
#6364=DIRECTION('ref_axis',(1.22464679914735E-16,-1.,2.71926214689378E-32));
#6365=DIRECTION('',(1.,1.22464679914735E-16,2.22044604925031E-16));
#6366=DIRECTION('center_axis',(-1.,-1.22464679914735E-16,-2.22044604925031E-16));
#6367=DIRECTION('ref_axis',(1.22464679914735E-16,-1.,2.71926214689378E-32));
#6368=DIRECTION('center_axis',(-1.,-1.22464679914735E-16,-2.22044604925031E-16));
#6369=DIRECTION('ref_axis',(-2.22044604925031E-16,-9.49410759657493E-16,
1.));
#6370=DIRECTION('center_axis',(-1.,-1.22464679914735E-16,-2.22044604925031E-16));
#6371=DIRECTION('ref_axis',(1.22464679914735E-16,-1.,2.71926214689378E-32));
#6372=DIRECTION('',(1.,1.22464679914735E-16,2.22044604925031E-16));
#6373=DIRECTION('center_axis',(1.,1.22464679914735E-16,2.22044604925031E-16));
#6374=DIRECTION('ref_axis',(-1.22464679914735E-16,1.,-2.71926214689378E-32));
#6375=DIRECTION('center_axis',(1.,1.22464679914735E-16,2.22044604925031E-16));
#6376=DIRECTION('ref_axis',(-1.22464679914735E-16,1.,-2.71926214689378E-32));
#6377=DIRECTION('center_axis',(1.,1.22464679914735E-16,2.22044604925031E-16));
#6378=DIRECTION('ref_axis',(-1.22464679914735E-16,1.,-2.71926214689378E-32));
#6379=DIRECTION('',(1.,1.22464679914735E-16,2.22044604925031E-16));
#6380=DIRECTION('center_axis',(1.,1.22464679914735E-16,2.22044604925031E-16));
#6381=DIRECTION('ref_axis',(-1.22464679914735E-16,1.,-2.71926214689378E-32));
#6382=DIRECTION('',(1.,1.22464679914735E-16,2.22044604925031E-16));
#6383=DIRECTION('center_axis',(1.,1.22464679914735E-16,2.22044604925031E-16));
#6384=DIRECTION('ref_axis',(1.22464679914735E-16,-1.,2.71926214689378E-32));
#6385=DIRECTION('center_axis',(1.,1.22464679914735E-16,2.22044604925031E-16));
#6386=DIRECTION('ref_axis',(-1.22464679914735E-16,1.,-2.71926214689378E-32));
#6387=DIRECTION('center_axis',(1.,1.22464679914735E-16,2.22044604925031E-16));
#6388=DIRECTION('ref_axis',(-1.22464679914735E-16,1.,-2.71926214689378E-32));
#6389=DIRECTION('',(1.,1.22464679914735E-16,2.22044604925031E-16));
#6390=DIRECTION('center_axis',(1.,1.22464679914735E-16,2.22044604925031E-16));
#6391=DIRECTION('ref_axis',(-1.22464679914735E-16,1.,-2.71926214689378E-32));
#6392=DIRECTION('center_axis',(1.,1.22464679914735E-16,2.22044604925031E-16));
#6393=DIRECTION('ref_axis',(-1.22464679914735E-16,1.,-2.71926214689378E-32));
#6394=DIRECTION('center_axis',(1.,1.22464679914735E-16,2.22044604925031E-16));
#6395=DIRECTION('ref_axis',(-1.22464679914735E-16,1.,-2.71926214689378E-32));
#6396=DIRECTION('',(1.,1.22464679914735E-16,2.22044604925031E-16));
#6397=DIRECTION('center_axis',(1.,1.22464679914735E-16,2.22044604925031E-16));
#6398=DIRECTION('ref_axis',(1.22464679914735E-16,-1.,2.71926214689378E-32));
#6399=DIRECTION('center_axis',(1.,1.22464679914735E-16,2.22044604925031E-16));
#6400=DIRECTION('ref_axis',(-1.22464679914735E-16,1.,-2.71926214689378E-32));
#6401=DIRECTION('',(1.,1.22464679914735E-16,2.22044604925031E-16));
#6402=DIRECTION('center_axis',(1.,1.22464679914735E-16,2.22044604925031E-16));
#6403=DIRECTION('ref_axis',(-1.22464679914735E-16,1.,-2.71926214689378E-32));
#6404=DIRECTION('center_axis',(-1.,-1.22464679914735E-16,-2.22044604925031E-16));
#6405=DIRECTION('ref_axis',(1.22464679914735E-16,-1.,2.71926214689378E-32));
#6406=DIRECTION('',(2.22044604925031E-16,0.,-1.));
#6407=DIRECTION('center_axis',(1.,1.22464679914735E-16,2.22044604925031E-16));
#6408=DIRECTION('ref_axis',(1.22464679914735E-16,-1.,2.71926214689378E-32));
#6409=DIRECTION('',(-1.22464679914735E-16,1.,-2.71926214689378E-32));
#6410=DIRECTION('center_axis',(1.,1.22464679914735E-16,2.22044604925031E-16));
#6411=DIRECTION('ref_axis',(1.22464679914735E-16,-1.,2.71926214689378E-32));
#6412=DIRECTION('',(-2.22044604925031E-16,0.,1.));
#6413=DIRECTION('center_axis',(1.,1.22464679914735E-16,2.22044604925031E-16));
#6414=DIRECTION('ref_axis',(-2.22044604925031E-16,0.,1.));
#6415=DIRECTION('',(2.22044604925031E-16,0.,-1.));
#6416=DIRECTION('center_axis',(-1.,-1.22464679914735E-16,-2.22044604925031E-16));
#6417=DIRECTION('ref_axis',(-1.22464679914735E-16,1.,-2.71926214689378E-32));
#6418=DIRECTION('',(1.22464679914735E-16,-1.,2.71926214689378E-32));
#6419=DIRECTION('center_axis',(1.,1.22464679914735E-16,2.22044604925031E-16));
#6420=DIRECTION('ref_axis',(-1.22464679914735E-16,1.,-2.71926214689378E-32));
#6421=DIRECTION('',(1.22464679914735E-16,-1.,2.71926214689378E-32));
#6422=DIRECTION('center_axis',(-1.,-1.22464679914735E-16,-2.22044604925031E-16));
#6423=DIRECTION('ref_axis',(-1.22464679914735E-16,1.,-2.71926214689378E-32));
#6424=DIRECTION('',(-2.22044604925031E-16,0.,1.));
#6425=DIRECTION('',(-1.22464679914735E-16,1.,-2.71926214689378E-32));
#6426=DIRECTION('center_axis',(2.22044604925031E-16,0.,-1.));
#6427=DIRECTION('ref_axis',(-1.22464679914735E-16,1.,-2.71926214689378E-32));
#6428=DIRECTION('',(-1.,-1.22464679914735E-16,-2.22044604925031E-16));
#6429=DIRECTION('',(-1.,-1.22464679914735E-16,-2.22044604925031E-16));
#6430=DIRECTION('',(-1.22464679914735E-16,1.,-2.71926214689378E-32));
#6431=DIRECTION('',(-1.,-1.22464679914735E-16,-2.22044604925031E-16));
#6432=DIRECTION('',(1.,1.22464679914735E-16,2.22044604925031E-16));
#6433=DIRECTION('center_axis',(1.,1.22464679914735E-16,2.22044604925031E-16));
#6434=DIRECTION('ref_axis',(-2.22044604925031E-16,0.,1.));
#6435=DIRECTION('',(1.22464679914735E-16,-1.,2.71926214689378E-32));
#6436=DIRECTION('center_axis',(-2.22044604925031E-16,0.,1.));
#6437=DIRECTION('ref_axis',(1.,1.22464679914735E-16,2.22044604925031E-16));
#6438=DIRECTION('',(-1.,-1.22464679914735E-16,-2.22044604925031E-16));
#6439=DIRECTION('',(-1.22464679914735E-16,1.,-2.71926214689378E-32));
#6440=DIRECTION('',(-1.22464679914735E-16,1.,-2.71926214689378E-32));
#6441=DIRECTION('',(-1.,-1.22464679914735E-16,-2.22044604925031E-16));
#6442=DIRECTION('',(1.22464679914735E-16,-1.,2.71926214689378E-32));
#6443=DIRECTION('center_axis',(1.,1.22464679914735E-16,2.22044604925031E-16));
#6444=DIRECTION('ref_axis',(-2.22044604925031E-16,0.,1.));
#6445=DIRECTION('',(2.22044604925031E-16,0.,-1.));
#6446=DIRECTION('',(-1.22464679914735E-16,1.,-2.71926214689378E-32));
#6447=DIRECTION('center_axis',(2.22044604925031E-16,0.,-1.));
#6448=DIRECTION('ref_axis',(-1.22464679914735E-16,1.,-2.71926214689378E-32));
#6449=DIRECTION('',(-1.,-1.22464679914735E-16,-2.22044604925031E-16));
#6450=DIRECTION('',(1.22464679914735E-16,-1.,2.71926214689378E-32));
#6451=DIRECTION('',(-1.,-1.22464679914735E-16,-2.22044604925031E-16));
#6452=DIRECTION('',(-1.22464679914735E-16,1.,-2.71926214689378E-32));
#6453=DIRECTION('',(-1.22464679914735E-16,1.,-2.71926214689378E-32));
#6454=DIRECTION('center_axis',(-1.,-1.22464679914735E-16,-2.22044604925031E-16));
#6455=DIRECTION('ref_axis',(1.22464679914735E-16,-1.,2.71926214689378E-32));
#6456=DIRECTION('',(-2.22044604925031E-16,0.,1.));
#6457=DIRECTION('',(-1.22464679914735E-16,1.,-2.71926214689378E-32));
#6458=DIRECTION('center_axis',(1.,1.22464679914735E-16,2.22044604925031E-16));
#6459=DIRECTION('ref_axis',(-2.22044604925031E-16,0.,1.));
#6460=DIRECTION('',(1.22464679914735E-16,-1.,2.71926214689378E-32));
#6461=DIRECTION('center_axis',(-1.,-1.22464679914735E-16,-2.22044604925031E-16));
#6462=DIRECTION('ref_axis',(1.22464679914735E-16,-1.,2.71926214689378E-32));
#6463=DIRECTION('',(-2.22044604925031E-16,0.,1.));
#6464=DIRECTION('',(-1.22464679914735E-16,1.,-2.71926214689378E-32));
#6465=DIRECTION('center_axis',(2.22044604925031E-16,0.,-1.));
#6466=DIRECTION('ref_axis',(-1.22464679914735E-16,1.,-2.71926214689378E-32));
#6467=DIRECTION('',(1.22464679914735E-16,-1.,2.71926214689378E-32));
#6468=DIRECTION('center_axis',(1.,1.22464679914735E-16,2.22044604925031E-16));
#6469=DIRECTION('ref_axis',(-2.22044604925031E-16,0.,1.));
#6470=DIRECTION('',(2.22044604925031E-16,0.,-1.));
#6471=DIRECTION('',(-1.22464679914735E-16,1.,-2.71926214689378E-32));
#6472=DIRECTION('center_axis',(-2.22044604925031E-16,0.,1.));
#6473=DIRECTION('ref_axis',(1.,1.22464679914735E-16,2.22044604925031E-16));
#6474=DIRECTION('',(1.22464679914735E-16,-1.,2.71926214689378E-32));
#6475=DIRECTION('center_axis',(-0.985622254813267,-1.20703913952546E-16,
-0.168963815110845));
#6476=DIRECTION('ref_axis',(0.168963815110845,2.06920995347221E-17,-0.985622254813267));
#6477=DIRECTION('',(0.168963815110854,2.06920995347233E-17,-0.985622254813265));
#6478=DIRECTION('',(0.168963815110854,2.06920995347233E-17,-0.985622254813265));
#6479=DIRECTION('center_axis',(1.22464679914735E-16,-1.,2.71926214689378E-32));
#6480=DIRECTION('ref_axis',(-1.,-1.22464679914735E-16,-2.22044604925031E-16));
#6481=DIRECTION('center_axis',(1.22464679914735E-16,-1.,2.71926214689378E-32));
#6482=DIRECTION('ref_axis',(-1.,-1.22464679914735E-16,-2.22044604925031E-16));
#6483=DIRECTION('center_axis',(0.985622254813267,1.20703913952546E-16,-0.168963815110845));
#6484=DIRECTION('ref_axis',(-1.22464679914735E-16,1.,-2.71926214689378E-32));
#6485=DIRECTION('',(0.168963815110854,2.06920995347233E-17,0.985622254813265));
#6486=DIRECTION('',(0.168963815110854,2.06920995347233E-17,0.985622254813265));
#6487=DIRECTION('center_axis',(1.22464679914735E-16,-1.,2.71926214689378E-32));
#6488=DIRECTION('ref_axis',(-1.,-1.22464679914735E-16,-2.22044604925031E-16));
#6489=DIRECTION('center_axis',(1.22464679914735E-16,-1.,2.71926214689378E-32));
#6490=DIRECTION('ref_axis',(-1.,-1.22464679914735E-16,-2.22044604925031E-16));
#6491=DIRECTION('center_axis',(-1.22464679914735E-16,1.,-2.71926214689378E-32));
#6492=DIRECTION('ref_axis',(-2.22044604925031E-16,0.,1.));
#6493=DIRECTION('',(-1.,-1.22464679914735E-16,-2.22044604925031E-16));
#6494=DIRECTION('center_axis',(1.22464679914735E-16,-1.,2.71926214689378E-32));
#6495=DIRECTION('ref_axis',(-1.,-1.22464679914735E-16,-2.22044604925031E-16));
#6496=DIRECTION('',(1.,1.22464679914735E-16,2.22044604925031E-16));
#6497=DIRECTION('center_axis',(-1.,-1.22464679914735E-16,-2.22044604925031E-16));
#6498=DIRECTION('ref_axis',(1.22464679914735E-16,-1.,2.71926214689378E-32));
#6499=DIRECTION('center_axis',(-1.,-1.22464679914735E-16,-2.22044604925031E-16));
#6500=DIRECTION('ref_axis',(1.22464679914735E-16,-1.,2.71926214689378E-32));
#6501=DIRECTION('center_axis',(-1.,-1.22464679914735E-16,-2.22044604925031E-16));
#6502=DIRECTION('ref_axis',(1.22464679914735E-16,-1.,2.71926214689378E-32));
#6503=DIRECTION('center_axis',(1.,1.22464679914735E-16,2.22044604925031E-16));
#6504=DIRECTION('ref_axis',(-1.22464679914735E-16,1.,-2.71926214689378E-32));
#6505=DIRECTION('center_axis',(1.,1.22464679914735E-16,2.22044604925031E-16));
#6506=DIRECTION('ref_axis',(-1.22464679914735E-16,1.,-2.71926214689378E-32));
#6507=DIRECTION('center_axis',(-1.,-1.22464679914735E-16,-2.22044604925031E-16));
#6508=DIRECTION('ref_axis',(1.22464679914735E-16,-1.,2.71926214689378E-32));
#6509=DIRECTION('center_axis',(1.,1.22464679914735E-16,2.22044604925031E-16));
#6510=DIRECTION('ref_axis',(-1.22464679914735E-16,1.,-2.71926214689378E-32));
#6511=DIRECTION('center_axis',(-1.,-1.22464679914735E-16,-2.22044604925031E-16));
#6512=DIRECTION('ref_axis',(1.22464679914735E-16,-1.,2.71926214689378E-32));
#6513=DIRECTION('',(1.,1.22464679914735E-16,2.22044604925031E-16));
#6514=DIRECTION('center_axis',(1.,1.22464679914735E-16,2.22044604925031E-16));
#6515=DIRECTION('ref_axis',(-1.22464679914735E-16,1.,-2.71926214689378E-32));
#6516=DIRECTION('center_axis',(1.,1.22464679914735E-16,2.22044604925031E-16));
#6517=DIRECTION('ref_axis',(-2.22044604925031E-16,0.,1.));
#6518=DIRECTION('axis',(0.,0.,1.));
#6519=DIRECTION('refdir',(1.,0.,0.));
#6520=DIRECTION('center_axis',(0.,0.,1.));
#6521=DIRECTION('ref_axis',(1.,-2.67275913335686E-16,0.));
#6522=DIRECTION('center_axis',(0.,0.,1.));
#6523=DIRECTION('ref_axis',(-0.984807753012208,-0.17364817766693,0.));
#6524=DIRECTION('',(0.,0.,1.));
#6525=DIRECTION('center_axis',(0.,0.,1.));
#6526=DIRECTION('ref_axis',(-0.984807753012208,-0.17364817766693,0.));
#6527=DIRECTION('',(0.,0.,1.));
#6528=DIRECTION('center_axis',(-0.0917679613493466,-0.995780418199607,0.));
#6529=DIRECTION('ref_axis',(0.995780418199607,-0.0917679613493466,0.));
#6530=DIRECTION('',(0.995780418199607,-0.0917679613493466,0.));
#6531=DIRECTION('',(0.,0.,1.));
#6532=DIRECTION('',(0.995780418199607,-0.0917679613493466,0.));
#6533=DIRECTION('center_axis',(0.,0.,1.));
#6534=DIRECTION('ref_axis',(-0.984807753012208,-0.17364817766693,0.));
#6535=DIRECTION('center_axis',(0.,0.,1.));
#6536=DIRECTION('ref_axis',(-0.984807753012208,-0.17364817766693,0.));
#6537=DIRECTION('',(0.,0.,1.));
#6538=DIRECTION('center_axis',(0.,0.,1.));
#6539=DIRECTION('ref_axis',(-0.984807753012208,-0.17364817766693,0.));
#6540=DIRECTION('center_axis',(-0.0929063889627847,0.995674847974928,0.));
#6541=DIRECTION('ref_axis',(-0.995674847974928,-0.0929063889627847,0.));
#6542=DIRECTION('',(-0.995674847974928,-0.0929063889627847,0.));
#6543=DIRECTION('',(-0.995674847974928,-0.0929063889627847,0.));
#6544=DIRECTION('center_axis',(0.,0.,1.));
#6545=DIRECTION('ref_axis',(1.,0.,0.));
#6546=DIRECTION('center_axis',(0.,0.,-1.));
#6547=DIRECTION('ref_axis',(1.,0.,0.));
#6548=DIRECTION('center_axis',(-1.,0.,0.));
#6549=DIRECTION('ref_axis',(0.,0.,1.));
#6550=DIRECTION('',(0.,0.,-1.));
#6551=DIRECTION('',(0.,1.,0.));
#6552=DIRECTION('',(0.,0.,1.));
#6553=DIRECTION('',(0.,-1.,0.));
#6554=DIRECTION('center_axis',(0.,0.,1.));
#6555=DIRECTION('ref_axis',(0.,1.,0.));
#6556=DIRECTION('center_axis',(0.,0.,-1.));
#6557=DIRECTION('ref_axis',(0.187298877557662,0.982302972847807,0.));
#6558=DIRECTION('',(0.,1.,0.));
#6559=DIRECTION('',(0.,-1.,0.));
#6560=DIRECTION('',(-0.0235923749437607,-0.999721661186009,0.));
#6561=DIRECTION('center_axis',(0.,0.,-1.));
#6562=DIRECTION('ref_axis',(0.159864534623784,0.987138962137308,0.));
#6563=DIRECTION('center_axis',(0.,0.,1.));
#6564=DIRECTION('ref_axis',(0.380781817521598,0.924664916304792,0.));
#6565=DIRECTION('',(-1.,0.,0.));
#6566=DIRECTION('center_axis',(0.,0.,1.));
#6567=DIRECTION('ref_axis',(-1.,0.,0.));
#6568=DIRECTION('',(1.,0.,0.));
#6569=DIRECTION('center_axis',(0.,0.,-1.));
#6570=DIRECTION('ref_axis',(1.,0.,0.));
#6571=DIRECTION('center_axis',(0.,0.,-1.));
#6572=DIRECTION('ref_axis',(0.,-1.,0.));
#6573=DIRECTION('center_axis',(0.,0.,1.));
#6574=DIRECTION('ref_axis',(0.187298877557662,0.982302972847807,0.));
#6575=DIRECTION('',(-1.,0.,0.));
#6576=DIRECTION('center_axis',(0.,0.,-1.));
#6577=DIRECTION('ref_axis',(-1.,0.,0.));
#6578=DIRECTION('',(1.,0.,0.));
#6579=DIRECTION('center_axis',(0.,0.,-1.));
#6580=DIRECTION('ref_axis',(0.380781817521598,0.924664916304792,0.));
#6581=DIRECTION('center_axis',(0.,0.,1.));
#6582=DIRECTION('ref_axis',(0.159864534623784,0.987138962137308,0.));
#6583=DIRECTION('',(0.0235923749437607,0.999721661186009,0.));
#6584=DIRECTION('',(0.,1.,0.));
#6585=DIRECTION('',(0.,-1.,0.));
#6586=DIRECTION('center_axis',(0.,0.,1.));
#6587=DIRECTION('ref_axis',(1.,0.,0.));
#6588=DIRECTION('center_axis',(-1.,0.,0.));
#6589=DIRECTION('ref_axis',(0.,0.,1.));
#6590=DIRECTION('',(0.,0.,1.));
#6591=DIRECTION('',(0.,0.,1.));
#6592=DIRECTION('center_axis',(0.,-1.,0.));
#6593=DIRECTION('ref_axis',(1.,0.,0.));
#6594=DIRECTION('',(0.,0.,1.));
#6595=DIRECTION('',(1.,0.,0.));
#6596=DIRECTION('',(0.,0.,1.));
#6597=DIRECTION('center_axis',(0.,-1.,0.));
#6598=DIRECTION('ref_axis',(1.,0.,0.));
#6599=DIRECTION('',(0.,0.,1.));
#6600=DIRECTION('',(1.,0.,0.));
#6601=DIRECTION('',(0.,0.,1.));
#6602=DIRECTION('center_axis',(0.,0.,-1.));
#6603=DIRECTION('ref_axis',(0.999927020522765,-0.0120811269534651,0.));
#6604=DIRECTION('center_axis',(0.,0.,-1.));
#6605=DIRECTION('ref_axis',(-1.,0.,0.));
#6606=DIRECTION('',(0.,0.,-1.));
#6607=DIRECTION('center_axis',(0.,0.,-1.));
#6608=DIRECTION('ref_axis',(0.999927020522765,-0.0120811269534651,0.));
#6609=DIRECTION('',(0.,0.,-1.));
#6610=DIRECTION('center_axis',(0.,0.,1.));
#6611=DIRECTION('ref_axis',(-1.,0.,0.));
#6612=DIRECTION('center_axis',(0.,0.,1.));
#6613=DIRECTION('ref_axis',(0.380781817521598,0.924664916304792,0.));
#6614=DIRECTION('',(0.,0.,1.));
#6615=DIRECTION('center_axis',(0.,0.,1.));
#6616=DIRECTION('ref_axis',(0.380781817521598,0.924664916304792,0.));
#6617=DIRECTION('',(0.,0.,1.));
#6618=DIRECTION('center_axis',(0.,0.,-1.));
#6619=DIRECTION('ref_axis',(0.380781817521598,0.924664916304792,0.));
#6620=DIRECTION('',(0.,0.,1.));
#6621=DIRECTION('center_axis',(0.,0.,1.));
#6622=DIRECTION('ref_axis',(0.380781817521598,0.924664916304792,0.));
#6623=DIRECTION('',(0.,0.,1.));
#6624=DIRECTION('center_axis',(0.,0.,1.));
#6625=DIRECTION('ref_axis',(0.380781817521598,0.924664916304792,0.));
#6626=DIRECTION('',(0.,0.,1.));
#6627=DIRECTION('center_axis',(0.,1.,0.));
#6628=DIRECTION('ref_axis',(-1.,0.,0.));
#6629=DIRECTION('',(1.,0.,0.));
#6630=DIRECTION('center_axis',(0.,1.,0.));
#6631=DIRECTION('ref_axis',(-1.,0.,0.));
#6632=DIRECTION('',(-1.,0.,0.));
#6633=DIRECTION('center_axis',(-0.999721661186009,0.0235923749437607,0.));
#6634=DIRECTION('ref_axis',(-0.0235923749437607,-0.999721661186009,0.));
#6635=DIRECTION('',(0.,0.,1.));
#6636=DIRECTION('',(-0.0235923749437607,-0.999721661186009,0.));
#6637=DIRECTION('',(0.,0.,1.));
#6638=DIRECTION('center_axis',(-0.999721661186009,0.0235923749437607,0.));
#6639=DIRECTION('ref_axis',(-0.0235923749437607,-0.999721661186009,0.));
#6640=DIRECTION('',(0.,0.,1.));
#6641=DIRECTION('',(-0.0235923749437607,-0.999721661186009,0.));
#6642=DIRECTION('',(0.,0.,1.));
#6643=DIRECTION('center_axis',(-1.,0.,0.));
#6644=DIRECTION('ref_axis',(0.,-1.,0.));
#6645=DIRECTION('',(0.,-1.,0.));
#6646=DIRECTION('',(0.,0.,1.));
#6647=DIRECTION('center_axis',(-1.,0.,0.));
#6648=DIRECTION('ref_axis',(0.,-1.,0.));
#6649=DIRECTION('',(0.,0.,1.));
#6650=DIRECTION('',(0.,-1.,0.));
#6651=DIRECTION('center_axis',(0.,0.,1.));
#6652=DIRECTION('ref_axis',(1.,0.,0.));
#6653=DIRECTION('',(0.,0.,-1.));
#6654=DIRECTION('center_axis',(0.,0.,1.));
#6655=DIRECTION('ref_axis',(0.,-1.,0.));
#6656=DIRECTION('',(0.,-1.,0.));
#6657=DIRECTION('center_axis',(0.,0.,-1.));
#6658=DIRECTION('ref_axis',(0.159864534623784,0.987138962137308,0.));
#6659=DIRECTION('',(0.,1.,0.));
#6660=DIRECTION('',(-0.999725454900794,-0.0234310653492374,0.));
#6661=DIRECTION('',(0.,-1.,0.));
#6662=DIRECTION('center_axis',(0.,0.,-1.));
#6663=DIRECTION('ref_axis',(0.187298877557662,0.982302972847807,0.));
#6664=DIRECTION('center_axis',(0.,0.,1.));
#6665=DIRECTION('ref_axis',(-1.,0.,0.));
#6666=DIRECTION('center_axis',(0.,0.,-1.));
#6667=DIRECTION('ref_axis',(1.,0.,0.));
#6668=DIRECTION('center_axis',(0.,0.024992174039921,-0.99968764683613));
#6669=DIRECTION('ref_axis',(0.,0.99968764683613,0.024992174039921));
#6670=DIRECTION('center_axis',(0.,0.024992174039921,-0.99968764683613));
#6671=DIRECTION('ref_axis',(0.,0.99968764683613,0.024992174039921));
#6672=DIRECTION('',(1.,0.,0.));
#6673=DIRECTION('center_axis',(1.,0.,0.));
#6674=DIRECTION('ref_axis',(0.,0.,-1.));
#6675=DIRECTION('',(0.,0.,-1.));
#6676=DIRECTION('',(0.,0.,1.));
#6677=DIRECTION('',(0.,0.999921884257667,-0.0124990152650975));
#6678=DIRECTION('center_axis',(1.,0.,0.));
#6679=DIRECTION('ref_axis',(0.,0.,-1.));
#6680=DIRECTION('',(0.,1.,0.));
#6681=DIRECTION('',(0.,0.,-1.));
#6682=DIRECTION('center_axis',(0.,0.,-1.));
#6683=DIRECTION('ref_axis',(0.,1.,0.));
#6684=DIRECTION('',(1.,0.,0.));
#6685=DIRECTION('',(0.,-1.,0.));
#6686=DIRECTION('center_axis',(0.,0.,1.));
#6687=DIRECTION('ref_axis',(0.159864534623784,0.987138962137308,0.));
#6688=DIRECTION('center_axis',(0.,-0.0124990152650975,-0.999921884257667));
#6689=DIRECTION('ref_axis',(0.,0.999921884257667,-0.0124990152650975));
#6690=DIRECTION('center_axis',(0.,0.0124990152650975,0.999921884257667));
#6691=DIRECTION('ref_axis',(0.,0.999921884257667,-0.0124990152650975));
#6692=DIRECTION('center_axis',(0.,0.0124990152650975,0.999921884257667));
#6693=DIRECTION('ref_axis',(-1.5261032517547E-13,0.999921884257667,-0.0124990152650975));
#6694=DIRECTION('',(0.999725412020846,0.0234310643442386,-0.000292888110088259));
#6695=DIRECTION('',(0.,-0.999921884257667,0.0124990152650975));
#6696=DIRECTION('center_axis',(0.,0.0124990152650975,0.999921884257667));
#6697=DIRECTION('ref_axis',(0.,0.999921884257667,-0.0124990152650975));
#6698=DIRECTION('center_axis',(0.,0.,-1.));
#6699=DIRECTION('ref_axis',(-1.,0.,0.));
#6700=DIRECTION('',(0.,0.,1.));
#6701=DIRECTION('center_axis',(0.,0.,1.));
#6702=DIRECTION('ref_axis',(-1.,0.,0.));
#6703=DIRECTION('center_axis',(0.,0.,-1.));
#6704=DIRECTION('ref_axis',(-1.,0.,0.));
#6705=DIRECTION('center_axis',(0.,0.,-1.));
#6706=DIRECTION('ref_axis',(-1.,0.,0.));
#6707=DIRECTION('',(0.,0.,1.));
#6708=DIRECTION('center_axis',(-0.0234310653492374,0.999725454900794,0.));
#6709=DIRECTION('ref_axis',(-0.999725454900794,-0.0234310653492374,0.));
#6710=DIRECTION('',(0.,0.,1.));
#6711=DIRECTION('',(-0.999725454900794,-0.0234310653492374,0.));
#6712=DIRECTION('',(-0.999725454900794,-0.0234310653492374,0.));
#6713=DIRECTION('',(0.,0.,1.));
#6714=DIRECTION('center_axis',(1.,0.,0.));
#6715=DIRECTION('ref_axis',(0.,1.,0.));
#6716=DIRECTION('',(0.,0.,1.));
#6717=DIRECTION('',(0.,1.,0.));
#6718=DIRECTION('center_axis',(0.,0.,1.));
#6719=DIRECTION('ref_axis',(1.,0.,0.));
#6720=DIRECTION('center_axis',(0.,0.,-1.));
#6721=DIRECTION('ref_axis',(1.,0.,0.));
#6722=DIRECTION('',(0.,0.,-1.));
#6723=DIRECTION('center_axis',(0.,0.,1.));
#6724=DIRECTION('ref_axis',(1.,0.,0.));
#6725=DIRECTION('center_axis',(0.,0.,-1.));
#6726=DIRECTION('ref_axis',(0.187298877557662,0.982302972847807,0.));
#6727=DIRECTION('center_axis',(0.,0.,-1.));
#6728=DIRECTION('ref_axis',(0.159864534623784,0.987138962137308,0.));
#6729=DIRECTION('center_axis',(0.,0.,-1.));
#6730=DIRECTION('ref_axis',(1.,0.,0.));
#6731=DIRECTION('center_axis',(0.,0.,1.));
#6732=DIRECTION('ref_axis',(1.,0.,0.));
#6733=DIRECTION('center_axis',(0.,0.,1.));
#6734=DIRECTION('ref_axis',(0.187298877557662,0.982302972847807,0.));
#6735=DIRECTION('center_axis',(0.,0.,-1.));
#6736=DIRECTION('ref_axis',(0.159864534623784,0.987138962137308,0.));
#6737=DIRECTION('',(0.,1.,0.));
#6738=DIRECTION('center_axis',(0.,0.,-1.));
#6739=DIRECTION('ref_axis',(1.,0.,0.));
#6740=DIRECTION('center_axis',(0.,0.,1.));
#6741=DIRECTION('ref_axis',(1.,0.,0.));
#6742=DIRECTION('',(0.,0.,-1.));
#6743=DIRECTION('center_axis',(0.,0.,1.));
#6744=DIRECTION('ref_axis',(1.,0.,0.));
#6745=DIRECTION('',(0.,0.,-1.));
#6746=DIRECTION('center_axis',(0.,0.,1.));
#6747=DIRECTION('ref_axis',(0.159864534623784,0.987138962137308,0.));
#6748=DIRECTION('',(0.,0.,1.));
#6749=DIRECTION('center_axis',(1.,0.,0.));
#6750=DIRECTION('ref_axis',(0.,1.,0.));
#6751=DIRECTION('center_axis',(0.,0.,1.));
#6752=DIRECTION('ref_axis',(0.187298877557662,0.982302972847807,0.));
#6753=DIRECTION('axis',(0.,0.,1.));
#6754=DIRECTION('refdir',(1.,0.,0.));
#6755=DIRECTION('center_axis',(-1.,0.,0.));
#6756=DIRECTION('ref_axis',(0.,-1.,0.));
#6757=DIRECTION('',(0.,-1.,0.));
#6758=DIRECTION('',(0.,0.,-1.));
#6759=DIRECTION('',(0.,-1.,0.));
#6760=DIRECTION('',(0.,0.,1.));
#6761=DIRECTION('center_axis',(0.,0.,1.));
#6762=DIRECTION('ref_axis',(1.,0.,0.));
#6763=DIRECTION('',(-0.984320232381668,0.176390703054608,0.));
#6764=DIRECTION('center_axis',(0.,0.,1.));
#6765=DIRECTION('ref_axis',(1.,0.,0.));
#6766=DIRECTION('',(0.984320232381668,0.176390703054608,0.));
#6767=DIRECTION('center_axis',(0.,0.,-1.));
#6768=DIRECTION('ref_axis',(1.,0.,0.));
#6769=DIRECTION('center_axis',(0.,0.,1.));
#6770=DIRECTION('ref_axis',(1.,0.,0.));
#6771=DIRECTION('',(0.984320232381668,0.176390703054608,0.));
#6772=DIRECTION('center_axis',(0.,0.,1.));
#6773=DIRECTION('ref_axis',(1.,0.,0.));
#6774=DIRECTION('',(-0.984320232381668,0.176390703054608,0.));
#6775=DIRECTION('center_axis',(0.,0.,-1.));
#6776=DIRECTION('ref_axis',(0.984807753012208,0.17364817766693,0.));
#6777=DIRECTION('center_axis',(0.176390703054608,-0.984320232381668,0.));
#6778=DIRECTION('ref_axis',(0.984320232381668,0.176390703054608,0.));
#6779=DIRECTION('',(0.,0.,1.));
#6780=DIRECTION('',(0.984320232381668,0.176390703054608,0.));
#6781=DIRECTION('',(0.,0.,1.));
#6782=DIRECTION('center_axis',(0.,0.,1.));
#6783=DIRECTION('ref_axis',(0.984807753012208,0.17364817766693,0.));
#6784=DIRECTION('center_axis',(0.,0.,-1.));
#6785=DIRECTION('ref_axis',(0.984807753012208,0.17364817766693,0.));
#6786=DIRECTION('',(0.,0.,-1.));
#6787=DIRECTION('center_axis',(0.,0.,1.));
#6788=DIRECTION('ref_axis',(1.,0.,0.));
#6789=DIRECTION('',(0.996080613375271,-0.0884500517690241,0.));
#6790=DIRECTION('center_axis',(0.,0.,-1.));
#6791=DIRECTION('ref_axis',(0.984807753012208,0.17364817766693,0.));
#6792=DIRECTION('',(0.,1.,0.));
#6793=DIRECTION('',(-0.995710436385436,-0.0925241961495725,0.));
#6794=DIRECTION('',(-0.00721052716490866,-0.999974003811101,0.));
#6795=DIRECTION('center_axis',(0.,0.,-1.));
#6796=DIRECTION('ref_axis',(0.984807753012208,0.17364817766693,0.));
#6797=DIRECTION('',(-0.00721052716490866,-0.999974003811101,0.));
#6798=DIRECTION('center_axis',(-0.999974003811101,0.00721052716490866,0.));
#6799=DIRECTION('ref_axis',(-0.00721052716490866,-0.999974003811101,0.));
#6800=DIRECTION('',(0.,0.,1.));
#6801=DIRECTION('',(-0.00721052716490866,-0.999974003811101,0.));
#6802=DIRECTION('',(0.,0.,1.));
#6803=DIRECTION('center_axis',(-0.0925241961495725,0.995710436385436,0.));
#6804=DIRECTION('ref_axis',(-0.995710436385436,-0.0925241961495725,0.));
#6805=DIRECTION('',(0.,0.,1.));
#6806=DIRECTION('',(-0.995710436385436,-0.0925241961495725,0.));
#6807=DIRECTION('center_axis',(1.,0.,0.));
#6808=DIRECTION('ref_axis',(0.,1.,0.));
#6809=DIRECTION('',(0.,0.,1.));
#6810=DIRECTION('',(0.,1.,0.));
#6811=DIRECTION('center_axis',(0.,0.,1.));
#6812=DIRECTION('ref_axis',(-0.995700963873733,0.0926260791619651,0.));
#6813=DIRECTION('',(0.,0.,1.));
#6814=DIRECTION('center_axis',(0.,0.,-1.));
#6815=DIRECTION('ref_axis',(0.984807753012208,0.17364817766693,0.));
#6816=DIRECTION('center_axis',(0.,0.,1.));
#6817=DIRECTION('ref_axis',(0.984807753012208,0.17364817766693,0.));
#6818=DIRECTION('center_axis',(0.,0.,-1.));
#6819=DIRECTION('ref_axis',(0.984807753012208,0.17364817766693,0.));
#6820=DIRECTION('',(0.,0.,1.));
#6821=DIRECTION('center_axis',(-0.999974003811101,0.00721052716490866,0.));
#6822=DIRECTION('ref_axis',(-0.00721052716490866,-0.999974003811101,0.));
#6823=DIRECTION('',(-0.00721052716490866,-0.999974003811101,0.));
#6824=DIRECTION('',(0.,0.,1.));
#6825=DIRECTION('center_axis',(-0.0884500517690241,-0.996080613375271,0.));
#6826=DIRECTION('ref_axis',(0.996080613375271,-0.0884500517690241,0.));
#6827=DIRECTION('',(0.996080613375271,-0.0884500517690241,0.));
#6828=DIRECTION('center_axis',(0.,0.,1.));
#6829=DIRECTION('ref_axis',(1.,0.,0.));
#6830=DIRECTION('center_axis',(0.,0.,-1.));
#6831=DIRECTION('ref_axis',(1.,0.,0.));
#6832=DIRECTION('',(0.,0.,-1.));
#6833=DIRECTION('center_axis',(0.,0.,1.));
#6834=DIRECTION('ref_axis',(-1.,1.22464679914735E-16,0.));
#6835=DIRECTION('center_axis',(0.,0.,1.));
#6836=DIRECTION('ref_axis',(1.,0.,0.));
#6837=DIRECTION('',(0.,0.,1.));
#6838=DIRECTION('center_axis',(0.176390703054608,0.984320232381668,0.));
#6839=DIRECTION('ref_axis',(-0.984320232381668,0.176390703054608,0.));
#6840=DIRECTION('',(-0.984320232381668,0.176390703054608,0.));
#6841=DIRECTION('',(0.,0.,1.));
#6842=DIRECTION('center_axis',(0.,0.,1.));
#6843=DIRECTION('ref_axis',(1.,0.,0.));
#6844=DIRECTION('center_axis',(0.,0.,1.));
#6845=DIRECTION('ref_axis',(1.,0.,0.));
#6846=DIRECTION('center_axis',(0.,0.,1.));
#6847=DIRECTION('ref_axis',(1.,0.,0.));
#6848=DIRECTION('axis',(0.,0.,1.));
#6849=DIRECTION('refdir',(1.,0.,0.));
#6850=DIRECTION('center_axis',(0.,-1.,0.));
#6851=DIRECTION('ref_axis',(1.,0.,0.));
#6852=DIRECTION('',(0.,0.,-1.));
#6853=DIRECTION('',(-1.,0.,0.));
#6854=DIRECTION('',(0.,0.,1.));
#6855=DIRECTION('',(-1.,0.,0.));
#6856=DIRECTION('center_axis',(-0.339299016711347,0.940678572764743,0.));
#6857=DIRECTION('ref_axis',(-0.940678572764742,-0.339299016711347,0.));
#6858=DIRECTION('',(0.,0.,1.));
#6859=DIRECTION('',(0.940678572764742,0.339299016711347,0.));
#6860=DIRECTION('',(0.,0.,-1.));
#6861=DIRECTION('',(0.940678572764742,0.339299016711347,0.));
#6862=DIRECTION('center_axis',(0.,0.,1.));
#6863=DIRECTION('ref_axis',(1.,0.,0.));
#6864=DIRECTION('',(0.403423519126699,-0.915013368326075,0.));
#6865=DIRECTION('center_axis',(0.,0.,1.));
#6866=DIRECTION('ref_axis',(1.,0.,0.));
#6867=DIRECTION('center_axis',(0.,0.,1.));
#6868=DIRECTION('ref_axis',(1.,0.,0.));
#6869=DIRECTION('center_axis',(0.,0.,1.));
#6870=DIRECTION('ref_axis',(1.,0.,0.));
#6871=DIRECTION('center_axis',(0.,0.,1.));
#6872=DIRECTION('ref_axis',(1.,0.,0.));
#6873=DIRECTION('',(0.403423519126699,-0.915013368326075,0.));
#6874=DIRECTION('center_axis',(0.915013368326075,0.403423519126699,0.));
#6875=DIRECTION('ref_axis',(-0.403423519126699,0.915013368326075,0.));
#6876=DIRECTION('center_axis',(0.,-1.,0.));
#6877=DIRECTION('ref_axis',(1.,0.,0.));
#6878=DIRECTION('',(0.,0.,1.));
#6879=DIRECTION('',(-1.,0.,0.));
#6880=DIRECTION('',(0.,0.,-1.));
#6881=DIRECTION('',(-1.,0.,0.));
#6882=DIRECTION('center_axis',(0.,-1.,0.));
#6883=DIRECTION('ref_axis',(1.,0.,0.));
#6884=DIRECTION('',(0.,0.,-1.));
#6885=DIRECTION('',(-1.,0.,0.));
#6886=DIRECTION('',(0.,0.,1.));
#6887=DIRECTION('',(-1.,0.,0.));
#6888=DIRECTION('center_axis',(0.19411763571806,0.980978258425349,0.));
#6889=DIRECTION('ref_axis',(-0.980978258425349,0.19411763571806,0.));
#6890=DIRECTION('',(0.980978258425349,-0.19411763571806,0.));
#6891=DIRECTION('',(0.,0.,1.));
#6892=DIRECTION('',(0.980978258425349,-0.19411763571806,0.));
#6893=DIRECTION('center_axis',(0.,0.,1.));
#6894=DIRECTION('ref_axis',(1.,0.,0.));
#6895=DIRECTION('center_axis',(0.,0.,1.));
#6896=DIRECTION('ref_axis',(1.,0.,0.));
#6897=DIRECTION('',(0.970786871410032,0.239943431454004,0.));
#6898=DIRECTION('center_axis',(0.,0.,1.));
#6899=DIRECTION('ref_axis',(1.,0.,0.));
#6900=DIRECTION('center_axis',(0.,0.,1.));
#6901=DIRECTION('ref_axis',(1.,0.,0.));
#6902=DIRECTION('center_axis',(0.,0.,1.));
#6903=DIRECTION('ref_axis',(1.,0.,0.));
#6904=DIRECTION('',(0.970786871410032,0.239943431454004,0.));
#6905=DIRECTION('center_axis',(-0.239943431454004,0.970786871410032,0.));
#6906=DIRECTION('ref_axis',(-0.970786871410032,-0.239943431454004,0.));
#6907=DIRECTION('center_axis',(-0.796446314657868,0.604709242419777,-1.36642833800019E-15));
#6908=DIRECTION('ref_axis',(1.08828681404433E-15,-8.26291845093011E-16,
-1.));
#6909=DIRECTION('',(1.71565655192613E-15,0.,-1.));
#6910=DIRECTION('',(-0.604709242419777,-0.796446314657868,-1.28785870856518E-15));
#6911=DIRECTION('',(-1.71565655192613E-15,0.,1.));
#6912=DIRECTION('',(-0.604709242419777,-0.796446314657868,-1.28785870856518E-15));
#6913=DIRECTION('center_axis',(-0.796446314657868,0.604709242419777,-1.36642833800019E-15));
#6914=DIRECTION('ref_axis',(1.08828681404433E-15,-8.26291845093011E-16,
-1.));
#6915=DIRECTION('',(-9.75215300755127E-16,9.75215300755127E-16,1.));
#6916=DIRECTION('',(-0.604709242419777,-0.796446314657868,-1.28785870856518E-15));
#6917=DIRECTION('',(0.,0.,1.));
#6918=DIRECTION('',(-0.604709242419777,-0.796446314657868,-1.28785870856518E-15));
#6919=DIRECTION('center_axis',(0.,1.,0.));
#6920=DIRECTION('ref_axis',(-1.,0.,0.));
#6921=DIRECTION('',(-1.,0.,-1.87427095970588E-15));
#6922=DIRECTION('',(1.,0.,1.87427095970588E-15));
#6923=DIRECTION('',(0.,0.,1.));
#6924=DIRECTION('',(-1.,0.,0.));
#6925=DIRECTION('',(0.,0.,1.));
#6926=DIRECTION('',(-1.,0.,0.));
#6927=DIRECTION('',(0.,0.,1.));
#6928=DIRECTION('center_axis',(-1.,0.,0.));
#6929=DIRECTION('ref_axis',(0.,-1.,0.));
#6930=DIRECTION('',(0.,1.,1.93948711406126E-16));
#6931=DIRECTION('',(0.,0.,1.));
#6932=DIRECTION('',(0.,-1.,0.));
#6933=DIRECTION('center_axis',(-1.,0.,0.));
#6934=DIRECTION('ref_axis',(0.,-1.,0.));
#6935=DIRECTION('',(0.,-1.,-1.93948711406127E-16));
#6936=DIRECTION('',(0.,-1.,0.));
#6937=DIRECTION('',(0.,0.,1.));
#6938=DIRECTION('center_axis',(0.,-1.,0.));
#6939=DIRECTION('ref_axis',(1.,0.,0.));
#6940=DIRECTION('',(-1.,0.,-1.87427095970588E-15));
#6941=DIRECTION('',(1.,0.,1.87427095970588E-15));
#6942=DIRECTION('',(0.,0.,1.));
#6943=DIRECTION('',(1.,0.,0.));
#6944=DIRECTION('',(0.,0.,1.));
#6945=DIRECTION('',(1.,0.,0.));
#6946=DIRECTION('',(0.,0.,1.));
#6947=DIRECTION('center_axis',(0.,0.,1.));
#6948=DIRECTION('ref_axis',(1.,0.,0.));
#6949=DIRECTION('center_axis',(0.,0.,1.));
#6950=DIRECTION('ref_axis',(1.,0.,0.));
#6951=DIRECTION('',(0.707106781186548,-0.707106781186548,1.18816725635138E-15));
#6952=DIRECTION('',(-0.796446314657868,0.604709242419777,-1.37547362018532E-15));
#6953=DIRECTION('center_axis',(0.,0.,1.));
#6954=DIRECTION('ref_axis',(-1.,0.,0.));
#6955=DIRECTION('center_axis',(0.604709242419777,0.796446314657868,0.));
#6956=DIRECTION('ref_axis',(-0.796446314657868,0.604709242419777,0.));
#6957=DIRECTION('',(0.,0.,1.));
#6958=DIRECTION('',(-0.796446314657868,0.604709242419777,0.));
#6959=DIRECTION('',(0.,0.,1.));
#6960=DIRECTION('center_axis',(0.604709242419777,0.796446314657868,0.));
#6961=DIRECTION('ref_axis',(-0.796446314657868,0.604709242419777,0.));
#6962=DIRECTION('',(0.796446314657868,-0.604709242419777,1.37547362018532E-15));
#6963=DIRECTION('',(0.,0.,1.));
#6964=DIRECTION('',(-0.796446314657868,0.604709242419777,0.));
#6965=DIRECTION('',(0.,0.,1.));
#6966=DIRECTION('center_axis',(0.,0.,-1.));
#6967=DIRECTION('ref_axis',(-1.,0.,0.));
#6968=DIRECTION('center_axis',(0.,0.,-1.));
#6969=DIRECTION('ref_axis',(-1.,0.,0.));
#6970=DIRECTION('',(0.,0.,-1.));
#6971=DIRECTION('center_axis',(0.,0.,1.));
#6972=DIRECTION('ref_axis',(-1.,0.,0.));
#6973=DIRECTION('center_axis',(0.,0.,-1.));
#6974=DIRECTION('ref_axis',(-1.,0.,0.));
#6975=DIRECTION('center_axis',(0.,0.,-1.));
#6976=DIRECTION('ref_axis',(-1.,0.,0.));
#6977=DIRECTION('',(0.,0.,-1.));
#6978=DIRECTION('center_axis',(0.,0.,1.));
#6979=DIRECTION('ref_axis',(1.,0.,0.));
#6980=DIRECTION('center_axis',(0.,0.,-1.));
#6981=DIRECTION('ref_axis',(1.,0.,0.));
#6982=DIRECTION('',(-0.707106781186548,0.707106781186548,-1.18816725635138E-15));
#6983=DIRECTION('center_axis',(0.,0.,1.));
#6984=DIRECTION('ref_axis',(1.,0.,0.));
#6985=DIRECTION('center_axis',(0.,0.,1.));
#6986=DIRECTION('ref_axis',(1.,0.,0.));
#6987=DIRECTION('center_axis',(0.,0.,1.));
#6988=DIRECTION('ref_axis',(1.,0.,0.));
#6989=DIRECTION('center_axis',(0.,0.,1.));
#6990=DIRECTION('ref_axis',(1.,0.,0.));
#6991=DIRECTION('center_axis',(0.,0.,1.));
#6992=DIRECTION('ref_axis',(1.,0.,0.));
#6993=DIRECTION('center_axis',(0.,0.,-1.));
#6994=DIRECTION('ref_axis',(1.,0.,0.));
#6995=DIRECTION('',(0.,0.,-1.));
#6996=DIRECTION('center_axis',(0.,0.,-1.));
#6997=DIRECTION('ref_axis',(1.,0.,0.));
#6998=DIRECTION('center_axis',(1.,0.,0.));
#6999=DIRECTION('ref_axis',(0.,1.,0.));
#7000=DIRECTION('',(0.,1.,0.));
#7001=DIRECTION('',(0.,0.,1.));
#7002=DIRECTION('',(0.,1.,0.));
#7003=DIRECTION('',(0.,0.,1.));
#7004=DIRECTION('center_axis',(0.19411763571806,0.980978258425349,0.));
#7005=DIRECTION('ref_axis',(-0.980978258425349,0.19411763571806,0.));
#7006=DIRECTION('',(-0.980978258425349,0.19411763571806,0.));
#7007=DIRECTION('',(-0.980978258425349,0.19411763571806,0.));
#7008=DIRECTION('',(0.,0.,1.));
#7009=DIRECTION('center_axis',(-1.,0.,0.));
#7010=DIRECTION('ref_axis',(0.,-1.,0.));
#7011=DIRECTION('',(0.,-1.,0.));
#7012=DIRECTION('',(0.,-1.,0.));
#7013=DIRECTION('',(0.,0.,1.));
#7014=DIRECTION('center_axis',(-0.124034732769382,-0.992277876941146,0.));
#7015=DIRECTION('ref_axis',(0.992277876941146,-0.124034732769382,0.));
#7016=DIRECTION('',(0.992277876941146,-0.124034732769382,0.));
#7017=DIRECTION('',(0.992277876941146,-0.124034732769382,0.));
#7018=DIRECTION('center_axis',(0.,0.,1.));
#7019=DIRECTION('ref_axis',(1.,0.,0.));
#7020=DIRECTION('center_axis',(0.,0.,-1.));
#7021=DIRECTION('ref_axis',(1.,0.,0.));
#7022=DIRECTION('',(0.,0.,-1.));
#7023=DIRECTION('center_axis',(0.,0.,-1.));
#7024=DIRECTION('ref_axis',(1.,0.,0.));
#7025=DIRECTION('center_axis',(-0.707106781186548,-0.707106781186548,0.));
#7026=DIRECTION('ref_axis',(0.707106781186548,-0.707106781186548,0.));
#7027=DIRECTION('',(0.707106781186548,-0.707106781186548,0.));
#7028=DIRECTION('',(0.,0.,1.));
#7029=DIRECTION('',(0.707106781186548,-0.707106781186548,0.));
#7030=DIRECTION('center_axis',(-0.0623782851714202,-0.998052578544374,0.));
#7031=DIRECTION('ref_axis',(0.998052578544374,-0.0623782851714202,0.));
#7032=DIRECTION('',(0.998052578544374,-0.0623782851714202,0.));
#7033=DIRECTION('',(0.998052578544374,-0.0623782851714202,0.));
#7034=DIRECTION('',(0.,0.,1.));
#7035=DIRECTION('center_axis',(1.,0.,0.));
#7036=DIRECTION('ref_axis',(0.,1.,0.));
#7037=DIRECTION('',(0.,1.,0.));
#7038=DIRECTION('',(0.,1.,0.));
#7039=DIRECTION('center_axis',(0.915013368326075,0.403423519126699,0.));
#7040=DIRECTION('ref_axis',(-0.403423519126699,0.915013368326075,0.));
#7041=DIRECTION('',(-0.403423519126699,0.915013368326075,0.));
#7042=DIRECTION('',(0.,0.,1.));
#7043=DIRECTION('',(-0.403423519126699,0.915013368326075,0.));
#7044=DIRECTION('',(0.,0.,1.));
#7045=DIRECTION('center_axis',(-0.239943431454004,0.970786871410032,0.));
#7046=DIRECTION('ref_axis',(-0.970786871410032,-0.239943431454004,0.));
#7047=DIRECTION('',(-0.970786871410032,-0.239943431454004,0.));
#7048=DIRECTION('',(-0.970786871410032,-0.239943431454004,0.));
#7049=DIRECTION('',(0.,0.,1.));
#7050=DIRECTION('center_axis',(-1.,0.,0.));
#7051=DIRECTION('ref_axis',(0.,-1.,0.));
#7052=DIRECTION('',(0.,-1.,0.));
#7053=DIRECTION('',(0.,-1.,0.));
#7054=DIRECTION('',(0.,0.,1.));
#7055=DIRECTION('center_axis',(0.351123441588392,-0.936329177569045,0.));
#7056=DIRECTION('ref_axis',(0.936329177569045,0.351123441588392,0.));
#7057=DIRECTION('',(0.936329177569045,0.351123441588392,0.));
#7058=DIRECTION('',(0.936329177569045,0.351123441588392,0.));
#7059=DIRECTION('center_axis',(-0.339299016711347,0.940678572764743,0.));
#7060=DIRECTION('ref_axis',(-0.940678572764742,-0.339299016711347,0.));
#7061=DIRECTION('',(0.940678572764743,0.339299016711347,0.));
#7062=DIRECTION('',(0.,0.,1.));
#7063=DIRECTION('',(-0.940678572764743,-0.339299016711347,0.));
#7064=DIRECTION('',(0.,0.,1.));
#7065=DIRECTION('center_axis',(0.0764595180667298,0.997072686466239,0.));
#7066=DIRECTION('ref_axis',(-0.997072686466239,0.0764595180667298,0.));
#7067=DIRECTION('',(0.997072686466239,-0.0764595180667298,0.));
#7068=DIRECTION('',(-0.997072686466239,0.0764595180667298,0.));
#7069=DIRECTION('center_axis',(0.,0.,1.));
#7070=DIRECTION('ref_axis',(1.,0.,0.));
#7071=DIRECTION('center_axis',(0.,0.,1.));
#7072=DIRECTION('ref_axis',(1.,0.,0.));
#7073=DIRECTION('center_axis',(0.,0.,1.));
#7074=DIRECTION('ref_axis',(1.,0.,0.));
#7075=DIRECTION('',(0.,0.,1.));
#7076=DIRECTION('center_axis',(0.,-1.,0.));
#7077=DIRECTION('ref_axis',(1.,0.,0.));
#7078=DIRECTION('',(1.,0.,0.));
#7079=DIRECTION('',(1.,0.,0.));
#7080=DIRECTION('',(0.,0.,1.));
#7081=DIRECTION('center_axis',(0.,0.,1.));
#7082=DIRECTION('ref_axis',(-0.707106781186548,-0.707106781186547,0.));
#7083=DIRECTION('center_axis',(0.,0.,1.));
#7084=DIRECTION('ref_axis',(1.,0.,0.));
#7085=DIRECTION('center_axis',(0.,0.,1.));
#7086=DIRECTION('ref_axis',(1.,0.,0.));
#7087=DIRECTION('center_axis',(0.,0.,1.));
#7088=DIRECTION('ref_axis',(1.,0.,0.));
#7089=DIRECTION('center_axis',(0.,0.,1.));
#7090=DIRECTION('ref_axis',(1.,0.,0.));
#7091=DIRECTION('axis',(0.,0.,1.));
#7092=DIRECTION('refdir',(1.,0.,0.));
#7093=DIRECTION('center_axis',(0.,0.,1.));
#7094=DIRECTION('ref_axis',(1.,0.,0.));
#7095=DIRECTION('center_axis',(0.,0.,1.));
#7096=DIRECTION('ref_axis',(1.,0.,0.));
#7097=DIRECTION('center_axis',(0.,0.,-1.));
#7098=DIRECTION('ref_axis',(1.,0.,0.));
#7099=DIRECTION('center_axis',(0.,0.,1.));
#7100=DIRECTION('ref_axis',(1.,0.,0.));
#7101=DIRECTION('center_axis',(0.,0.,1.));
#7102=DIRECTION('ref_axis',(1.,0.,0.));
#7103=DIRECTION('',(0.999999999999997,-8.11208381625444E-8,0.));
#7104=DIRECTION('center_axis',(0.,0.,1.));
#7105=DIRECTION('ref_axis',(1.,0.,0.));
#7106=DIRECTION('',(0.999999999999997,8.11208381584321E-8,0.));
#7107=DIRECTION('center_axis',(0.,0.,-1.));
#7108=DIRECTION('ref_axis',(1.,0.,0.));
#7109=DIRECTION('center_axis',(0.,0.,-1.));
#7110=DIRECTION('ref_axis',(1.,0.,0.));
#7111=DIRECTION('center_axis',(0.,0.,1.));
#7112=DIRECTION('ref_axis',(1.,0.,0.));
#7113=DIRECTION('center_axis',(0.,0.,-1.));
#7114=DIRECTION('ref_axis',(1.,0.,0.));
#7115=DIRECTION('',(0.,0.,-1.));
#7116=DIRECTION('center_axis',(0.,0.,1.));
#7117=DIRECTION('ref_axis',(1.,0.,0.));
#7118=DIRECTION('',(0.,0.,-1.));
#7119=DIRECTION('center_axis',(-8.11208381584321E-8,0.999999999999997,0.));
#7120=DIRECTION('ref_axis',(-0.999999999999997,-8.11208381584321E-8,0.));
#7121=DIRECTION('',(0.,0.,1.));
#7122=DIRECTION('',(-0.999999999999997,-8.11208381584321E-8,0.));
#7123=DIRECTION('',(0.,0.,1.));
#7124=DIRECTION('center_axis',(0.,0.,1.));
#7125=DIRECTION('ref_axis',(1.,0.,0.));
#7126=DIRECTION('',(0.,0.,-1.));
#7127=DIRECTION('center_axis',(0.,0.,-1.));
#7128=DIRECTION('ref_axis',(1.,0.,0.));
#7129=DIRECTION('',(0.,0.,1.));
#7130=DIRECTION('center_axis',(0.,0.,-1.));
#7131=DIRECTION('ref_axis',(1.,0.,0.));
#7132=DIRECTION('center_axis',(-8.11208381625444E-8,-0.999999999999997,
0.));
#7133=DIRECTION('ref_axis',(0.999999999999997,-8.11208381625444E-8,0.));
#7134=DIRECTION('',(0.999999999999997,-8.11208381625444E-8,0.));
#7135=DIRECTION('',(0.,0.,1.));
#7136=DIRECTION('center_axis',(0.,0.,1.));
#7137=DIRECTION('ref_axis',(-1.,1.22464679914735E-16,0.));
#7138=DIRECTION('center_axis',(0.,0.,1.));
#7139=DIRECTION('ref_axis',(1.,0.,0.));
#7140=DIRECTION('center_axis',(0.,0.,1.));
#7141=DIRECTION('ref_axis',(1.,0.,0.));
#7142=DIRECTION('axis',(0.,0.,1.));
#7143=DIRECTION('refdir',(1.,0.,0.));
#7144=DIRECTION('center_axis',(0.,0.,-1.));
#7145=DIRECTION('ref_axis',(1.,0.,0.));
#7146=DIRECTION('center_axis',(0.,0.,-1.));
#7147=DIRECTION('ref_axis',(1.,0.,0.));
#7148=DIRECTION('center_axis',(0.,0.,1.));
#7149=DIRECTION('ref_axis',(1.,0.,0.));
#7150=DIRECTION('center_axis',(0.,0.,1.));
#7151=DIRECTION('ref_axis',(1.,0.,0.));
#7152=DIRECTION('center_axis',(0.,0.,1.));
#7153=DIRECTION('ref_axis',(1.,0.,0.));
#7154=DIRECTION('',(-0.64018439966448,0.768221279597376,0.));
#7155=DIRECTION('',(-1.,0.,0.));
#7156=DIRECTION('',(-0.64018439966448,-0.768221279597376,0.));
#7157=DIRECTION('center_axis',(0.,0.,1.));
#7158=DIRECTION('ref_axis',(1.,0.,0.));
#7159=DIRECTION('',(0.64018439966448,0.768221279597376,0.));
#7160=DIRECTION('',(1.,0.,0.));
#7161=DIRECTION('',(0.64018439966448,-0.768221279597376,0.));
#7162=DIRECTION('center_axis',(0.,0.,-1.));
#7163=DIRECTION('ref_axis',(1.,0.,0.));
#7164=DIRECTION('center_axis',(0.,0.,1.));
#7165=DIRECTION('ref_axis',(1.,0.,0.));
#7166=DIRECTION('center_axis',(0.,0.,-1.));
#7167=DIRECTION('ref_axis',(1.,0.,0.));
#7168=DIRECTION('',(0.,0.,-1.));
#7169=DIRECTION('center_axis',(0.,0.,1.));
#7170=DIRECTION('ref_axis',(1.,0.,0.));
#7171=DIRECTION('center_axis',(0.,0.,-1.));
#7172=DIRECTION('ref_axis',(1.,0.,0.));
#7173=DIRECTION('',(0.,0.,-1.));
#7174=DIRECTION('center_axis',(-0.768221279597376,0.64018439966448,0.));
#7175=DIRECTION('ref_axis',(-0.64018439966448,-0.768221279597376,0.));
#7176=DIRECTION('',(0.,0.,1.));
#7177=DIRECTION('',(-0.64018439966448,-0.768221279597376,0.));
#7178=DIRECTION('',(0.,0.,1.));
#7179=DIRECTION('center_axis',(0.,1.,0.));
#7180=DIRECTION('ref_axis',(-1.,0.,0.));
#7181=DIRECTION('',(-1.,0.,0.));
#7182=DIRECTION('',(0.,0.,1.));
#7183=DIRECTION('center_axis',(0.768221279597376,0.64018439966448,0.));
#7184=DIRECTION('ref_axis',(-0.64018439966448,0.768221279597376,0.));
#7185=DIRECTION('',(-0.64018439966448,0.768221279597376,0.));
#7186=DIRECTION('',(0.,0.,1.));
#7187=DIRECTION('center_axis',(0.,0.,1.));
#7188=DIRECTION('ref_axis',(1.,0.,0.));
#7189=DIRECTION('center_axis',(0.,0.,1.));
#7190=DIRECTION('ref_axis',(1.,0.,0.));
#7191=DIRECTION('',(0.,0.,1.));
#7192=DIRECTION('',(0.,0.,-1.));
#7193=DIRECTION('center_axis',(-0.768221279597376,-0.64018439966448,0.));
#7194=DIRECTION('ref_axis',(0.64018439966448,-0.768221279597376,0.));
#7195=DIRECTION('',(0.64018439966448,-0.768221279597376,0.));
#7196=DIRECTION('',(0.,0.,1.));
#7197=DIRECTION('center_axis',(0.,-1.,0.));
#7198=DIRECTION('ref_axis',(1.,0.,0.));
#7199=DIRECTION('',(1.,0.,0.));
#7200=DIRECTION('',(0.,0.,1.));
#7201=DIRECTION('center_axis',(0.768221279597376,-0.64018439966448,0.));
#7202=DIRECTION('ref_axis',(0.64018439966448,0.768221279597376,0.));
#7203=DIRECTION('',(0.64018439966448,0.768221279597376,0.));
#7204=DIRECTION('',(0.,0.,1.));
#7205=DIRECTION('center_axis',(0.,0.,1.));
#7206=DIRECTION('ref_axis',(-0.707106781186548,-0.707106781186547,0.));
#7207=DIRECTION('center_axis',(0.,0.,1.));
#7208=DIRECTION('ref_axis',(1.,0.,0.));
#7209=DIRECTION('center_axis',(0.,0.,1.));
#7210=DIRECTION('ref_axis',(1.,0.,0.));
#7211=DIRECTION('axis',(0.,0.,1.));
#7212=DIRECTION('refdir',(1.,0.,0.));
#7213=DIRECTION('center_axis',(-0.521515158409141,0.853242016985503,0.));
#7214=DIRECTION('ref_axis',(-0.853242016985503,-0.521515158409141,0.));
#7215=DIRECTION('',(-0.853242016985503,-0.521515158409141,0.));
#7216=DIRECTION('',(0.,0.,1.));
#7217=DIRECTION('',(-0.853242016985503,-0.521515158409141,0.));
#7218=DIRECTION('',(0.,0.,1.));
#7219=DIRECTION('center_axis',(0.,-1.,0.));
#7220=DIRECTION('ref_axis',(1.,0.,0.));
#7221=DIRECTION('',(1.,0.,0.));
#7222=DIRECTION('',(1.,0.,0.));
#7223=DIRECTION('',(0.,0.,1.));
#7224=DIRECTION('center_axis',(0.55483305919687,0.831961703699301,0.));
#7225=DIRECTION('ref_axis',(-0.831961703699301,0.55483305919687,0.));
#7226=DIRECTION('',(-0.831961703699301,0.55483305919687,0.));
#7227=DIRECTION('',(-0.831961703699301,0.55483305919687,0.));
#7228=DIRECTION('center_axis',(0.,0.,1.));
#7229=DIRECTION('ref_axis',(1.,0.,0.));
#7230=DIRECTION('center_axis',(0.,0.,-1.));
#7231=DIRECTION('ref_axis',(1.,0.,0.));
#7232=DIRECTION('',(0.,0.,-1.));
#7233=DIRECTION('center_axis',(0.,0.,-1.));
#7234=DIRECTION('ref_axis',(1.,0.,0.));
#7235=DIRECTION('center_axis',(0.,0.,1.));
#7236=DIRECTION('ref_axis',(1.,0.,0.));
#7237=DIRECTION('center_axis',(0.,0.,-1.));
#7238=DIRECTION('ref_axis',(1.,0.,0.));
#7239=DIRECTION('',(0.,0.,-1.));
#7240=DIRECTION('center_axis',(0.,0.,-1.));
#7241=DIRECTION('ref_axis',(1.,0.,0.));
#7242=DIRECTION('center_axis',(0.,0.,1.));
#7243=DIRECTION('ref_axis',(1.,0.,0.));
#7244=DIRECTION('center_axis',(0.,0.,-1.));
#7245=DIRECTION('ref_axis',(1.,0.,0.));
#7246=DIRECTION('',(0.,0.,-1.));
#7247=DIRECTION('center_axis',(0.,0.,-1.));
#7248=DIRECTION('ref_axis',(1.,0.,0.));
#7249=DIRECTION('center_axis',(0.,1.,0.));
#7250=DIRECTION('ref_axis',(-1.,0.,0.));
#7251=DIRECTION('',(1.,0.,0.));
#7252=DIRECTION('',(0.,0.,1.));
#7253=DIRECTION('',(-1.,0.,0.));
#7254=DIRECTION('',(0.,0.,1.));
#7255=DIRECTION('center_axis',(0.,0.,1.));
#7256=DIRECTION('ref_axis',(1.,0.,0.));
#7257=DIRECTION('center_axis',(0.,0.,1.));
#7258=DIRECTION('ref_axis',(1.,0.,0.));
#7259=DIRECTION('center_axis',(0.,0.,1.));
#7260=DIRECTION('ref_axis',(1.,0.,0.));
#7261=DIRECTION('',(0.,0.,1.));
#7262=DIRECTION('center_axis',(0.564646809186859,-0.825332648618179,0.));
#7263=DIRECTION('ref_axis',(0.825332648618179,0.564646809186859,0.));
#7264=DIRECTION('',(0.825332648618179,0.564646809186859,0.));
#7265=DIRECTION('',(0.825332648618179,0.564646809186859,0.));
#7266=DIRECTION('',(0.,0.,1.));
#7267=DIRECTION('center_axis',(0.,0.,1.));
#7268=DIRECTION('ref_axis',(-0.000388009298733022,-0.999999924724389,0.));
#7269=DIRECTION('center_axis',(0.,0.,1.));
#7270=DIRECTION('ref_axis',(1.,0.,0.));
#7271=DIRECTION('center_axis',(0.,0.,1.));
#7272=DIRECTION('ref_axis',(1.,0.,0.));
#7273=DIRECTION('',(0.,0.,1.));
#7274=DIRECTION('center_axis',(-0.565287112606544,-0.824894223716566,0.));
#7275=DIRECTION('ref_axis',(0.824894223716566,-0.565287112606544,0.));
#7276=DIRECTION('',(0.824894223716566,-0.565287112606544,0.));
#7277=DIRECTION('',(0.824894223716566,-0.565287112606544,0.));
#7278=DIRECTION('',(0.,0.,1.));
#7279=DIRECTION('center_axis',(0.,0.,1.));
#7280=DIRECTION('ref_axis',(-0.95522097540741,0.295893372926325,0.));
#7281=DIRECTION('center_axis',(0.,0.,1.));
#7282=DIRECTION('ref_axis',(1.,0.,0.));
#7283=DIRECTION('center_axis',(0.,0.,1.));
#7284=DIRECTION('ref_axis',(1.,0.,0.));
#7285=DIRECTION('center_axis',(0.,0.,1.));
#7286=DIRECTION('ref_axis',(1.,0.,0.));
#7287=DIRECTION('center_axis',(0.,0.,1.));
#7288=DIRECTION('ref_axis',(1.,0.,0.));
#7289=DIRECTION('axis',(0.,0.,1.));
#7290=DIRECTION('refdir',(1.,0.,0.));
#7291=DIRECTION('axis',(0.,0.,1.));
#7292=DIRECTION('refdir',(1.,0.,0.));
#7293=DIRECTION('center_axis',(0.,0.,-1.));
#7294=DIRECTION('ref_axis',(-1.,0.,0.));
#7295=DIRECTION('center_axis',(0.,0.,-1.));
#7296=DIRECTION('ref_axis',(-1.,0.,0.));
#7297=DIRECTION('',(0.,0.,-1.));
#7298=DIRECTION('center_axis',(0.,0.,1.));
#7299=DIRECTION('ref_axis',(-1.,0.,0.));
#7300=DIRECTION('center_axis',(0.,0.,-1.));
#7301=DIRECTION('ref_axis',(-1.,0.,0.));
#7302=DIRECTION('center_axis',(0.,0.,-1.));
#7303=DIRECTION('ref_axis',(-1.,0.,0.));
#7304=DIRECTION('',(0.,0.,-1.));
#7305=DIRECTION('center_axis',(0.,0.,1.));
#7306=DIRECTION('ref_axis',(-1.,0.,0.));
#7307=DIRECTION('center_axis',(0.,0.,1.));
#7308=DIRECTION('ref_axis',(1.,0.,0.));
#7309=DIRECTION('center_axis',(0.,0.,-1.));
#7310=DIRECTION('ref_axis',(1.,0.,0.));
#7311=DIRECTION('',(0.,0.,-1.));
#7312=DIRECTION('center_axis',(0.,0.,-1.));
#7313=DIRECTION('ref_axis',(1.,0.,0.));
#7314=DIRECTION('center_axis',(0.,0.,1.));
#7315=DIRECTION('ref_axis',(1.,0.,0.));
#7316=DIRECTION('center_axis',(0.,0.,-1.));
#7317=DIRECTION('ref_axis',(1.,0.,0.));
#7318=DIRECTION('',(0.,0.,-1.));
#7319=DIRECTION('center_axis',(0.,0.,-1.));
#7320=DIRECTION('ref_axis',(1.,0.,0.));
#7321=DIRECTION('center_axis',(0.663377292010872,-0.74828508500726,0.));
#7322=DIRECTION('ref_axis',(0.74828508500726,0.663377292010872,0.));
#7323=DIRECTION('',(-0.74828508500726,-0.663377292010872,0.));
#7324=DIRECTION('',(0.,0.,1.));
#7325=DIRECTION('',(0.74828508500726,0.663377292010872,0.));
#7326=DIRECTION('',(0.,0.,1.));
#7327=DIRECTION('center_axis',(0.,0.,1.));
#7328=DIRECTION('ref_axis',(-0.624687292653109,-0.780875013300931,0.));
#7329=DIRECTION('center_axis',(0.,0.,1.));
#7330=DIRECTION('ref_axis',(1.,0.,0.));
#7331=DIRECTION('center_axis',(0.,0.,1.));
#7332=DIRECTION('ref_axis',(1.,0.,0.));
#7333=DIRECTION('',(0.,0.,1.));
#7334=DIRECTION('center_axis',(-1.,0.,0.));
#7335=DIRECTION('ref_axis',(0.,-1.,0.));
#7336=DIRECTION('',(0.,-1.,0.));
#7337=DIRECTION('',(0.,-1.,0.));
#7338=DIRECTION('',(0.,0.,1.));
#7339=DIRECTION('center_axis',(2.94098812612793E-17,1.,0.));
#7340=DIRECTION('ref_axis',(-1.,2.94098812612793E-17,0.));
#7341=DIRECTION('',(-1.,2.94098812612793E-17,0.));
#7342=DIRECTION('',(-1.,2.94098812612793E-17,0.));
#7343=DIRECTION('',(0.,0.,1.));
#7344=DIRECTION('center_axis',(0.,0.,1.));
#7345=DIRECTION('ref_axis',(1.,0.,0.));
#7346=DIRECTION('center_axis',(0.,0.,1.));
#7347=DIRECTION('ref_axis',(1.,0.,0.));
#7348=DIRECTION('center_axis',(0.,0.,1.));
#7349=DIRECTION('ref_axis',(1.,0.,0.));
#7350=DIRECTION('center_axis',(0.,0.,1.));
#7351=DIRECTION('ref_axis',(1.,0.,0.));
#7352=DIRECTION('center_axis',(0.,0.,1.));
#7353=DIRECTION('ref_axis',(1.,0.,0.));
#7354=DIRECTION('',(7.3185337886715E-33,0.,1.));
#7355=DIRECTION('',(1.,0.,-1.20370621524202E-33));
#7356=DIRECTION('axis',(0.,0.,1.));
#7357=DIRECTION('refdir',(1.,0.,0.));
#7358=DIRECTION('center_axis',(0.,0.,1.));
#7359=DIRECTION('ref_axis',(-1.,0.,0.));
#7360=DIRECTION('center_axis',(0.,0.,1.));
#7361=DIRECTION('ref_axis',(-1.,0.,0.));
#7362=DIRECTION('center_axis',(0.,0.,-1.));
#7363=DIRECTION('ref_axis',(-1.,0.,0.));
#7364=DIRECTION('center_axis',(0.,0.,1.));
#7365=DIRECTION('ref_axis',(1.,0.,0.));
#7366=DIRECTION('center_axis',(0.,0.,-1.));
#7367=DIRECTION('ref_axis',(-1.,0.,0.));
#7368=DIRECTION('',(1.,0.,0.));
#7369=DIRECTION('center_axis',(0.,0.,1.));
#7370=DIRECTION('ref_axis',(1.,0.,0.));
#7371=DIRECTION('',(-1.,0.,0.));
#7372=DIRECTION('center_axis',(0.,0.,-1.));
#7373=DIRECTION('ref_axis',(1.,0.,0.));
#7374=DIRECTION('center_axis',(0.,0.,1.));
#7375=DIRECTION('ref_axis',(1.,0.,0.));
#7376=DIRECTION('',(0.,0.,-1.));
#7377=DIRECTION('center_axis',(0.,0.,-1.));
#7378=DIRECTION('ref_axis',(1.,0.,0.));
#7379=DIRECTION('center_axis',(0.,0.,1.));
#7380=DIRECTION('ref_axis',(1.,0.,0.));
#7381=DIRECTION('',(0.,0.,-1.));
#7382=DIRECTION('center_axis',(0.,0.,-1.));
#7383=DIRECTION('ref_axis',(1.,0.,0.));
#7384=DIRECTION('center_axis',(0.,-1.,0.));
#7385=DIRECTION('ref_axis',(1.,0.,0.));
#7386=DIRECTION('',(-1.,0.,0.));
#7387=DIRECTION('',(0.,0.,1.));
#7388=DIRECTION('',(0.,0.,1.));
#7389=DIRECTION('center_axis',(0.,0.,1.));
#7390=DIRECTION('ref_axis',(1.,0.,0.));
#7391=DIRECTION('',(0.,0.,-1.));
#7392=DIRECTION('center_axis',(0.,0.,1.));
#7393=DIRECTION('ref_axis',(1.,0.,0.));
#7394=DIRECTION('',(0.,0.,1.));
#7395=DIRECTION('center_axis',(0.,0.,1.));
#7396=DIRECTION('ref_axis',(1.,0.,0.));
#7397=DIRECTION('center_axis',(0.,1.,0.));
#7398=DIRECTION('ref_axis',(-1.,0.,0.));
#7399=DIRECTION('',(1.,0.,0.));
#7400=DIRECTION('',(0.,0.,1.));
#7401=DIRECTION('center_axis',(0.,0.,1.));
#7402=DIRECTION('ref_axis',(1.,0.,0.));
#7403=DIRECTION('center_axis',(0.,0.,1.));
#7404=DIRECTION('ref_axis',(1.,0.,0.));
#7405=DIRECTION('center_axis',(0.,0.,1.));
#7406=DIRECTION('ref_axis',(1.,0.,0.));
#7407=DIRECTION('',(0.,0.,1.));
#7408=DIRECTION('',(1.,0.,0.));
#7409=DIRECTION('',(1.4364278755059E-17,0.,0.999999999999999));
#7410=DIRECTION('',(0.999999999999998,-1.97091813255334E-33,-2.22044604925031E-16));
#7411=DIRECTION('',(2.7755575615629E-16,-6.16297582203915E-33,1.));
#7412=DIRECTION('',(-0.999999999999998,-1.26287869051112E-14,6.13408687287322E-31));
#7413=DIRECTION('',(-1.,-2.52395240935183E-17,-2.20984147706598E-18));
#7414=DIRECTION('',(1.16064490260684E-18,0.0414941793283813,-0.999138745661413));
#7415=DIRECTION('',(-1.,-3.81261866780888E-18,2.21711044013251E-16));
#7416=DIRECTION('',(4.28652265544517E-18,-1.,4.16333634234432E-17));
#7417=DIRECTION('',(1.,9.40728310464399E-17,6.01375764536005E-18));
#7418=DIRECTION('',(-1.85950926364604E-16,0.999984273489581,0.00560827723248577));
#7419=DIRECTION('',(1.,4.10519244325748E-17,1.37497446105154E-18));
#7420=DIRECTION('',(2.20626169322234E-17,-0.0415951688227463,0.99913454646039));
#7421=DIRECTION('',(1.,2.51578337472446E-17,2.20967061491257E-18));
#7422=DIRECTION('',(-1.00444478232099E-18,-0.0478061576368232,0.998856632000812));
#7423=DIRECTION('',(-1.,6.0250266081183E-17,-5.13824612850521E-17));
#7424=DIRECTION('',(-5.30219152776173E-17,-0.991431218697542,-0.130629776819473));
#7425=DIRECTION('',(1.,1.10951718991846E-16,6.07982920560677E-18));
#7426=DIRECTION('',(1.11117396277863E-16,-0.998833064706987,-0.048296054166439));
#7427=DIRECTION('',(-1.,-2.07677737804151E-16,-1.12784589166661E-17));
#7428=DIRECTION('',(2.07786600944061E-16,-0.999942667678251,-0.010708004319364));
#7429=CARTESIAN_POINT('',(0.,0.,0.));
#7430=CARTESIAN_POINT('',(0.,0.,0.));
#7431=CARTESIAN_POINT('Origin',(-32.9999069017026,12.0004550713264,4.00000000000021));
#7432=CARTESIAN_POINT('',(-37.9999069017025,12.0004550713264,4.00000000000028));
#7433=CARTESIAN_POINT('',(-37.9999069017025,-11.9995449286736,4.00000000000026));
#7434=CARTESIAN_POINT('',(-37.9999069017025,6.00045507132637,4.00000000000021));
#7435=CARTESIAN_POINT('',(-44.9244073384494,12.0004550713264,4.00000000000021));
#7436=CARTESIAN_POINT('',(-32.9999069017026,12.0004550713264,4.00000000000021));
#7437=CARTESIAN_POINT('',(-46.4996053384311,-5.69455928393248E-15,4.00000000000021));
#7438=CARTESIAN_POINT('Origin',(0.,0.,4.00000000000021));
#7439=CARTESIAN_POINT('',(-44.9246504508893,-11.9995449286736,4.0000000000002));
#7440=CARTESIAN_POINT('Origin',(0.,0.,4.00000000000021));
#7441=CARTESIAN_POINT('',(-32.9999069017026,-11.9995449286736,4.0000000000002));
#7442=CARTESIAN_POINT('Origin',(33.0000930983169,-11.9995449286736,4.0000000000002));
#7443=CARTESIAN_POINT('',(38.000093098317,-11.9995449286736,4.00000000000029));
#7444=CARTESIAN_POINT('',(38.000093098317,12.0004550713264,4.0000000000003));
#7445=CARTESIAN_POINT('',(38.000093098317,-5.99954492867362,4.00000000000021));
#7446=CARTESIAN_POINT('',(44.9246504508893,-11.9995449286736,4.0000000000002));
#7447=CARTESIAN_POINT('',(33.0000930983169,-11.9995449286736,4.0000000000002));
#7448=CARTESIAN_POINT('',(44.9244073384494,12.0004550713264,4.00000000000021));
#7449=CARTESIAN_POINT('Origin',(0.,0.,4.0000000000002));
#7450=CARTESIAN_POINT('',(33.0000930983169,12.0004550713264,4.00000000000021));
#7451=CARTESIAN_POINT('Origin',(0.,0.,24.6154094821718));
#7452=CARTESIAN_POINT('',(-44.9246504508893,-11.9995449286736,56.3910540572721));
#7453=CARTESIAN_POINT('',(-44.9246504508893,-11.9995449286736,24.6154094821718));
#7454=CARTESIAN_POINT('',(-46.4996053384311,-5.69455928393248E-15,-8.88178419700125E-15));
#7455=CARTESIAN_POINT('',(-46.4996053384311,-5.69455928393248E-15,24.6154094821718));
#7456=CARTESIAN_POINT('Origin',(0.,0.,-8.88178419700125E-15));
#7457=CARTESIAN_POINT('',(-44.9244073384494,12.0004550713264,56.3910540572721));
#7458=CARTESIAN_POINT('',(-44.9244073384494,12.0004550713264,24.6154094821718));
#7459=CARTESIAN_POINT('',(-27.4288584242615,37.5482492557465,56.3910540572721));
#7460=CARTESIAN_POINT('Origin',(0.,0.,56.3910540572721));
#7461=CARTESIAN_POINT('',(-27.4288584242615,37.5482492557465,12.));
#7462=CARTESIAN_POINT('',(-27.4288584242615,37.5482492557465,24.6154094821718));
#7463=CARTESIAN_POINT('',(27.4288580336872,37.5482495410596,12.));
#7464=CARTESIAN_POINT('Origin',(0.,0.,12.));
#7465=CARTESIAN_POINT('',(27.4288580336872,37.5482495410596,56.3910540572721));
#7466=CARTESIAN_POINT('',(27.4288580336872,37.5482495410596,24.6154094821718));
#7467=CARTESIAN_POINT('',(44.9244073384494,12.0004550713264,56.3910540572721));
#7468=CARTESIAN_POINT('Origin',(0.,0.,56.3910540572721));
#7469=CARTESIAN_POINT('',(44.9244073384494,12.0004550713264,24.6154094821718));
#7470=CARTESIAN_POINT('',(44.9246504508893,-11.9995449286736,56.3910540572721));
#7471=CARTESIAN_POINT('',(44.9246504508893,-11.9995449286736,24.6154094821718));
#7472=CARTESIAN_POINT('',(32.4288580336404,-33.3254026721935,56.3910540572721));
#7473=CARTESIAN_POINT('Origin',(0.,0.,56.3910540572721));
#7474=CARTESIAN_POINT('',(32.4288580336404,-33.3254026721935,44.292688283626));
#7475=CARTESIAN_POINT('',(32.4288580336404,-33.3254026721935,24.6154094821718));
#7476=CARTESIAN_POINT('',(27.4288580335937,-37.5482495411279,49.2308189643436));
#7477=CARTESIAN_POINT('Origin',(0.,0.,5.32248678438113));
#7478=CARTESIAN_POINT('',(27.4288580335937,-37.5482495411279,12.));
#7479=CARTESIAN_POINT('',(27.4288580335937,-37.5482495411279,24.6154094821718));
#7480=CARTESIAN_POINT('',(-27.4288584241631,-37.5482492558184,12.));
#7481=CARTESIAN_POINT('Origin',(0.,0.,12.));
#7482=CARTESIAN_POINT('',(-27.4288584241631,-37.5482492558184,56.3910540572721));
#7483=CARTESIAN_POINT('',(-27.4288584241631,-37.5482492558184,24.6154094821718));
#7484=CARTESIAN_POINT('Origin',(0.,0.,56.3910540572721));
#7485=CARTESIAN_POINT('Origin',(-32.9999069017025,12.0004550713263,62.9000000000001));
#7486=CARTESIAN_POINT('',(-27.428858424228,12.0004550713264,12.));
#7487=CARTESIAN_POINT('',(-27.428858424228,12.0004550713263,55.0010615287433));
#7488=CARTESIAN_POINT('',(-27.428858424228,12.0004550713264,38.4500000000001));
#7489=CARTESIAN_POINT('',(-37.9999069017025,12.0004550713263,55.0010615287434));
#7490=CARTESIAN_POINT('',(-29.9999069017025,12.0004550713263,55.0010615287433));
#7491=CARTESIAN_POINT('',(-37.9999069017026,12.0004550713264,63.207572994904));
#7492=CARTESIAN_POINT('',(-37.9999069017026,12.0004550713264,60.925265382186));
#7493=CARTESIAN_POINT('Ctrl Pts',(-37.9999069017017,12.0004550713263,63.2075729949048));
#7494=CARTESIAN_POINT('Ctrl Pts',(-41.1955262513915,12.0004550713263,60.0839163522549));
#7495=CARTESIAN_POINT('Ctrl Pts',(-44.924407338151,12.0004550713263,56.3910540575675));
#7496=CARTESIAN_POINT('',(-37.9999069017025,12.0004550713263,12.0000001788142));
#7497=CARTESIAN_POINT('',(-37.9999069017025,12.0004550713264,4.40000000000028));
#7498=CARTESIAN_POINT('',(-29.9999069017025,12.0004550713263,12.000000178814));
#7499=CARTESIAN_POINT('Origin',(27.4288580336612,16.6591198131308,64.));
#7500=CARTESIAN_POINT('',(27.4288580336554,12.0004550713263,55.0010615287432));
#7501=CARTESIAN_POINT('',(27.4288580336554,12.0004550713263,12.));
#7502=CARTESIAN_POINT('',(27.4288580336554,12.0004550713264,9.2000000000001));
#7503=CARTESIAN_POINT('',(27.4288580336255,-11.9995449286737,55.0010615287432));
#7504=CARTESIAN_POINT('',(27.4288580336433,2.32978744223016,55.0010615287432));
#7505=CARTESIAN_POINT('',(27.4288580336255,-11.9995449286736,12.));
#7506=CARTESIAN_POINT('',(27.4288580336255,-11.9995449286736,38.45));
#7507=CARTESIAN_POINT('',(27.4288580336404,-9.62038465595309E-12,12.));
#7508=CARTESIAN_POINT('',(27.4288580336404,-41.9597395923354,60.6424744468815));
#7509=CARTESIAN_POINT('',(27.4288580336404,-37.5482495411279,49.2308189643436));
#7510=CARTESIAN_POINT('',(27.4288580336404,-34.8977763923453,67.2356229805022));
#7511=CARTESIAN_POINT('Origin',(27.4288580336404,-37.5482495411279,62.9959305284979));
#7512=CARTESIAN_POINT('',(27.4288580336404,-28.7005843267747,63.3614053683548));
#7513=CARTESIAN_POINT('',(27.4288580336404,-23.3150035709689,59.9945721969733));
#7514=CARTESIAN_POINT('',(27.428858033615,-20.4261543494764,69.));
#7515=CARTESIAN_POINT('Ctrl Pts',(27.4288580336047,-28.7005843267747,63.3614053683548));
#7516=CARTESIAN_POINT('Ctrl Pts',(27.4288580336102,-24.2554118008651,66.6555576990548));
#7517=CARTESIAN_POINT('Ctrl Pts',(27.428858033615,-20.4261543494764,69.));
#7518=CARTESIAN_POINT('',(27.4288580336659,20.426154349408,69.));
#7519=CARTESIAN_POINT('',(27.4288580336508,8.3295599065483,69.));
#7520=CARTESIAN_POINT('Ctrl Pts',(27.4288580336659,20.4261543494079,69.0000000000001));
#7521=CARTESIAN_POINT('Ctrl Pts',(27.4288580336749,27.6822686900881,64.5574829802537));
#7522=CARTESIAN_POINT('Ctrl Pts',(27.4288580336872,37.5482495397298,56.3910540583728));
#7523=CARTESIAN_POINT('',(27.4288580336404,-9.62038465595309E-12,12.));
#7524=CARTESIAN_POINT('',(27.4288580336612,-7.39954492869367,58.3500000000102));
#7525=CARTESIAN_POINT('Origin',(27.4288580336612,-4.99954492868364,58.3500000000101));
#7526=CARTESIAN_POINT('',(27.4288580336612,2.60045507132633,58.3500000000102));
#7527=CARTESIAN_POINT('Origin',(27.4288580336612,5.00045507133636,58.3500000000101));
#7528=CARTESIAN_POINT('',(27.4288580336404,-35.9482495411279,62.9959305284979));
#7529=CARTESIAN_POINT('Origin',(27.4288580336404,-37.5482495411279,62.9959305284979));
#7530=CARTESIAN_POINT('Origin',(-27.4288584241905,-16.6591191700646,64.));
#7531=CARTESIAN_POINT('',(-27.4288584241966,-11.9995449286737,55.0010615287433));
#7532=CARTESIAN_POINT('',(-27.4288584241966,-11.9995449286736,12.));
#7533=CARTESIAN_POINT('',(-27.4288584241966,-11.9995449286736,9.20000000000011));
#7534=CARTESIAN_POINT('',(-27.4288584242092,-2.32933204936744,55.0010615287433));
#7535=CARTESIAN_POINT('',(-27.4288584242123,0.,12.));
#7536=CARTESIAN_POINT('',(-27.428858424239,20.4261538249346,69.));
#7537=CARTESIAN_POINT('Ctrl Pts',(-27.4288584242615,37.5482492557465,56.391054057272));
#7538=CARTESIAN_POINT('Ctrl Pts',(-27.4288584242485,27.6822682674348,64.557483031983));
#7539=CARTESIAN_POINT('Ctrl Pts',(-27.428858424239,20.4261538249346,68.9999999999999));
#7540=CARTESIAN_POINT('',(-27.4288584241855,-20.4261538250064,69.));
#7541=CARTESIAN_POINT('',(-27.4288584242014,-8.32955958505026,69.));
#7542=CARTESIAN_POINT('Ctrl Pts',(-27.4288584241855,-20.4261538250057,69.0000000000005));
#7543=CARTESIAN_POINT('Ctrl Pts',(-27.428858424176,-27.682268267039,64.5574830322694));
#7544=CARTESIAN_POINT('Ctrl Pts',(-27.4288584241631,-37.5482492544883,56.391054058373));
#7545=CARTESIAN_POINT('',(-27.4288584242123,0.,12.));
#7546=CARTESIAN_POINT('',(-27.4288584241905,2.60045507132636,58.3500000000101));
#7547=CARTESIAN_POINT('Origin',(-27.4288584241905,5.00045507133636,58.3500000000101));
#7548=CARTESIAN_POINT('',(-27.4288584241905,-7.39954492869364,58.3500000000101));
#7549=CARTESIAN_POINT('Origin',(-27.4288584241905,-4.99954492868364,58.3500000000101));
#7550=CARTESIAN_POINT('Origin',(-37.9999069017026,0.00045507132630962,58.9505307643718));
#7551=CARTESIAN_POINT('',(-37.9999069017025,-11.9995449286736,63.2078539377139));
#7552=CARTESIAN_POINT('',(-37.9999069017025,-11.9995449286737,55.0010615287434));
#7553=CARTESIAN_POINT('',(-37.9999069017031,-11.9995449286736,31.6752653821861));
#7554=CARTESIAN_POINT('Ctrl Pts',(-37.9999069017026,12.0004550713263,63.207572994904));
#7555=CARTESIAN_POINT('Ctrl Pts',(-37.9999069017025,0.000413805228751674,
66.9118731475688));
#7556=CARTESIAN_POINT('Ctrl Pts',(-37.9999069017025,-11.9995449286736,63.207853937714));
#7557=CARTESIAN_POINT('',(-37.9999069017025,12.0004550713263,55.0010615287434));
#7558=CARTESIAN_POINT('',(-37.9999069017025,-3.49954492868363,58.35000000001));
#7559=CARTESIAN_POINT('Origin',(-37.9999069017025,-4.99954492868363,58.35000000001));
#7560=CARTESIAN_POINT('',(-37.9999069017025,6.50045507133637,58.35000000001));
#7561=CARTESIAN_POINT('Origin',(-37.9999069017025,5.00045507133637,58.35000000001));
#7562=CARTESIAN_POINT('Origin',(-32.9999069017026,-11.9995449286736,4.4000000000002));
#7563=CARTESIAN_POINT('',(-37.9999069017025,-11.9995449286736,12.0000001788142));
#7564=CARTESIAN_POINT('',(-29.9999069017025,-11.9995449286736,12.000000178814));
#7565=CARTESIAN_POINT('',(-37.9999069017025,-11.9995449286736,6.30000004470371));
#7566=CARTESIAN_POINT('Ctrl Pts',(-44.9246504508805,-11.9995449286736,56.3910540572808));
#7567=CARTESIAN_POINT('Ctrl Pts',(-41.1956266106554,-11.9995449286736,60.08407771154));
#7568=CARTESIAN_POINT('Ctrl Pts',(-37.9999069017025,-11.9995449286736,63.2078539377139));
#7569=CARTESIAN_POINT('',(-29.9999069017025,-11.9995449286737,55.0010615287433));
#7570=CARTESIAN_POINT('Origin',(0.,0.,60.1069149530872));
#7571=CARTESIAN_POINT('Origin',(0.,0.,69.));
#7572=CARTESIAN_POINT('Origin',(38.0000930983171,0.000455071326341816,58.9505307643717));
#7573=CARTESIAN_POINT('',(38.000093098317,12.0004550713264,63.2073909912431));
#7574=CARTESIAN_POINT('',(38.000093098317,12.0004550713263,55.0010615287432));
#7575=CARTESIAN_POINT('',(38.0000930983173,12.0004550713264,31.675265382186));
#7576=CARTESIAN_POINT('',(38.000093098317,-11.9995449286736,63.2076719328011));
#7577=CARTESIAN_POINT('Ctrl Pts',(38.000093098317,-11.9995449286737,63.2076719328011));
#7578=CARTESIAN_POINT('Ctrl Pts',(38.000093098317,0.000413805596493066,
66.9116746391148));
#7579=CARTESIAN_POINT('Ctrl Pts',(38.000093098317,12.0004550713264,63.2073909912431));
#7580=CARTESIAN_POINT('',(38.000093098317,-11.9995449286737,55.0010615287432));
#7581=CARTESIAN_POINT('',(38.0000930983171,-11.9995449286736,60.9252653821859));
#7582=CARTESIAN_POINT('',(38.000093098317,12.0004550713263,55.0010615287432));
#7583=CARTESIAN_POINT('',(38.000093098317,-6.49954492868367,58.3500000000102));
#7584=CARTESIAN_POINT('Origin',(38.000093098317,-4.99954492868367,58.3500000000102));
#7585=CARTESIAN_POINT('',(38.000093098317,3.50045507133633,58.3500000000102));
#7586=CARTESIAN_POINT('Origin',(38.000093098317,5.00045507133633,58.3500000000102));
#7587=CARTESIAN_POINT('Origin',(33.0000930983171,-11.9995449286736,62.9000000000001));
#7588=CARTESIAN_POINT('',(31.5000930983171,-11.9995449286736,55.0010615287432));
#7589=CARTESIAN_POINT('Ctrl Pts',(38.000093098317,-11.9995449286736,63.207671932801));
#7590=CARTESIAN_POINT('Ctrl Pts',(41.1957345462849,-11.9995449286736,60.083970817925));
#7591=CARTESIAN_POINT('Ctrl Pts',(44.9246504505913,-11.9995449286736,56.3910540575672));
#7592=CARTESIAN_POINT('',(38.000093098317,-11.9995449286736,12.0000001788139));
#7593=CARTESIAN_POINT('',(38.000093098317,-11.9995449286736,35.5500000447036));
#7594=CARTESIAN_POINT('',(30.000093098317,-11.9995449286736,12.0000001788139));
#7595=CARTESIAN_POINT('Origin',(33.0000930983169,12.0004550713264,4.40000000000022));
#7596=CARTESIAN_POINT('',(38.000093098317,12.0004550713263,12.0000001788139));
#7597=CARTESIAN_POINT('',(30.000093098317,12.0004550713263,12.0000001788139));
#7598=CARTESIAN_POINT('',(38.000093098317,12.0004550713264,6.30000004470367));
#7599=CARTESIAN_POINT('Ctrl Pts',(44.9244073384405,12.0004550713263,56.3910540572808));
#7600=CARTESIAN_POINT('Ctrl Pts',(41.1956341865789,12.0004550713263,60.0838094596593));
#7601=CARTESIAN_POINT('Ctrl Pts',(38.000093098317,12.0004550713263,63.207390991243));
#7602=CARTESIAN_POINT('',(30.000093098317,12.0004550713263,55.0010615287432));
#7603=CARTESIAN_POINT('Origin',(0.,0.,60.1069149530872));
#7604=CARTESIAN_POINT('Origin',(0.,0.,69.));
#7605=CARTESIAN_POINT('',(32.4288580336404,-25.8232909168041,61.5626454321969));
#7606=CARTESIAN_POINT('Origin',(-1.77635683940025E-14,55.5468055872797,
10.6935651063426));
#7607=CARTESIAN_POINT('',(36.1116627542903,-23.3150035709687,59.9945721969732));
#7608=CARTESIAN_POINT('Origin',(-1.77635683940025E-14,55.5468055872797,
10.6935651063426));
#7609=CARTESIAN_POINT('',(32.4288580336404,-25.8728402019322,61.530987408281));
#7610=CARTESIAN_POINT('Origin',(0.,50.5520745086153,15.6248493606937));
#7611=CARTESIAN_POINT('Ctrl Pts',(32.4288580336404,-25.8728402019323,61.5309874082809));
#7612=CARTESIAN_POINT('Ctrl Pts',(32.4288580336405,-29.3867612085914,59.2845579910766));
#7613=CARTESIAN_POINT('Ctrl Pts',(32.4288580336405,-33.3254026721937,56.3910540572718));
#7614=CARTESIAN_POINT('Origin',(25.,-4.9995449286836,8.94999999999008));
#7615=CARTESIAN_POINT('',(25.,-2.5995449286736,8.94999999999008));
#7616=CARTESIAN_POINT('Origin',(25.,-4.9995449286836,8.94999999999008));
#7617=CARTESIAN_POINT('Origin',(25.,5.0004550713364,8.94999999999009));
#7618=CARTESIAN_POINT('',(25.,7.4004550713464,8.94999999999009));
#7619=CARTESIAN_POINT('Origin',(25.,5.0004550713364,8.94999999999009));
#7620=CARTESIAN_POINT('Origin',(25.,-4.9995449286836,8.94999999999008));
#7621=CARTESIAN_POINT('',(27.400093098317,-2.5995449286736,8.94999999999008));
#7622=CARTESIAN_POINT('',(25.,-2.5995449286736,8.94999999999008));
#7623=CARTESIAN_POINT('Origin',(27.400093098317,-4.9995449286836,8.94999999999008));
#7624=CARTESIAN_POINT('Origin',(25.,5.0004550713364,8.94999999999009));
#7625=CARTESIAN_POINT('',(27.400093098317,7.4004550713464,8.94999999999009));
#7626=CARTESIAN_POINT('',(25.,7.4004550713464,8.94999999999009));
#7627=CARTESIAN_POINT('Origin',(27.400093098317,5.0004550713364,8.94999999999009));
#7628=CARTESIAN_POINT('Origin',(-25.,-4.9995449286836,8.94999999999008));
#7629=CARTESIAN_POINT('',(-25.,-7.3995449286936,8.94999999999008));
#7630=CARTESIAN_POINT('Origin',(-25.,-4.9995449286836,8.94999999999008));
#7631=CARTESIAN_POINT('Origin',(-25.,5.0004550713364,8.94999999999009));
#7632=CARTESIAN_POINT('',(-25.,2.6004550713264,8.94999999999009));
#7633=CARTESIAN_POINT('Origin',(-25.,5.0004550713364,8.94999999999009));
#7634=CARTESIAN_POINT('Origin',(27.400093098317,-4.99954492868362,8.94999999999016));
#7635=CARTESIAN_POINT('',(27.400093098317,-6.49954492868362,8.94999999999016));
#7636=CARTESIAN_POINT('Origin',(27.400093098317,-4.99954492868362,8.94999999999016));
#7637=CARTESIAN_POINT('Origin',(27.400093098317,5.00045507133637,8.94999999999017));
#7638=CARTESIAN_POINT('',(27.400093098317,3.50045507133637,8.94999999999017));
#7639=CARTESIAN_POINT('Origin',(27.400093098317,5.00045507133637,8.94999999999017));
#7640=CARTESIAN_POINT('Origin',(-25.,-4.9995449286836,8.94999999999008));
#7641=CARTESIAN_POINT('',(-27.4289069017025,-7.3995449286936,8.94999999999008));
#7642=CARTESIAN_POINT('',(-25.,-7.3995449286936,8.94999999999008));
#7643=CARTESIAN_POINT('Origin',(-27.4289069017025,-4.9995449286836,8.94999999999008));
#7644=CARTESIAN_POINT('Origin',(-25.,5.0004550713364,8.94999999999009));
#7645=CARTESIAN_POINT('',(-27.4289069017025,2.6004550713264,8.94999999999009));
#7646=CARTESIAN_POINT('',(-25.,2.6004550713264,8.94999999999009));
#7647=CARTESIAN_POINT('Origin',(-27.4289069017025,5.0004550713364,8.94999999999009));
#7648=CARTESIAN_POINT('Origin',(30.000093098317,-4.99954492868362,8.94999999999016));
#7649=CARTESIAN_POINT('',(38.000093098317,-6.49954492868362,8.94999999999016));
#7650=CARTESIAN_POINT('Origin',(38.000093098317,-4.99954492868362,8.94999999999016));
#7651=CARTESIAN_POINT('',(30.000093098317,-6.49954492868362,8.94999999999016));
#7652=CARTESIAN_POINT('Origin',(30.000093098317,5.00045507133637,8.94999999999017));
#7653=CARTESIAN_POINT('',(38.000093098317,3.50045507133637,8.94999999999017));
#7654=CARTESIAN_POINT('Origin',(38.000093098317,5.00045507133637,8.94999999999017));
#7655=CARTESIAN_POINT('',(30.000093098317,3.50045507133637,8.94999999999017));
#7656=CARTESIAN_POINT('Origin',(30.000093098317,5.00045507133633,58.3500000000102));
#7657=CARTESIAN_POINT('',(27.400093098317,3.50045507133633,58.3500000000102));
#7658=CARTESIAN_POINT('',(30.000093098317,3.50045507133633,58.3500000000102));
#7659=CARTESIAN_POINT('Origin',(27.400093098317,5.00045507133633,58.3500000000102));
#7660=CARTESIAN_POINT('Origin',(30.000093098317,-4.99954492868367,58.3500000000102));
#7661=CARTESIAN_POINT('',(27.400093098317,-6.49954492868367,58.3500000000102));
#7662=CARTESIAN_POINT('',(30.000093098317,-6.49954492868367,58.3500000000102));
#7663=CARTESIAN_POINT('Origin',(27.400093098317,-4.99954492868367,58.3500000000102));
#7664=CARTESIAN_POINT('Origin',(5.,0.,43.5000006482005));
#7665=CARTESIAN_POINT('',(5.,-1.65,43.5000006482005));
#7666=CARTESIAN_POINT('Origin',(5.,0.,43.5000006482005));
#7667=CARTESIAN_POINT('',(-5.,-1.65,43.5000006482005));
#7668=CARTESIAN_POINT('',(5.,-1.65,43.5000006482005));
#7669=CARTESIAN_POINT('Origin',(-5.,0.,43.5000006482005));
#7670=CARTESIAN_POINT('Origin',(5.,35.,14.));
#7671=CARTESIAN_POINT('',(5.,14.9816158833246,42.826473896426));
#7672=CARTESIAN_POINT('',(-5.,14.9816158833246,42.826473896426));
#7673=CARTESIAN_POINT('',(5.,14.9816158833246,42.826473896426));
#7674=CARTESIAN_POINT('',(-5.,10.0000001490116,50.0000007450581));
#7675=CARTESIAN_POINT('',(-5.,35.,14.));
#7676=CARTESIAN_POINT('',(5.,10.0000001490116,50.0000007450581));
#7677=CARTESIAN_POINT('',(5.,10.0000001490116,50.0000007450581));
#7678=CARTESIAN_POINT('',(5.,23.6127021274287,30.3977093736085));
#7679=CARTESIAN_POINT('Origin',(5.,0.,39.4999976716931));
#7680=CARTESIAN_POINT('',(-5.,-10.0000001490116,50.0000007450581));
#7681=CARTESIAN_POINT('Origin',(-5.,0.,39.4999976716931));
#7682=CARTESIAN_POINT('',(5.,-10.0000001490116,50.0000007450581));
#7683=CARTESIAN_POINT('',(5.,-10.0000001490116,50.0000007450581));
#7684=CARTESIAN_POINT('Origin',(5.,0.,39.4999976716931));
#7685=CARTESIAN_POINT('Origin',(5.,-10.0000001490116,50.0000007450581));
#7686=CARTESIAN_POINT('',(-5.,-14.9816158833246,42.826473896426));
#7687=CARTESIAN_POINT('',(5.,-14.9816158833246,42.826473896426));
#7688=CARTESIAN_POINT('',(5.,-14.9816158833246,42.826473896426));
#7689=CARTESIAN_POINT('',(5.,-22.5000000745058,32.000000372529));
#7690=CARTESIAN_POINT('',(-5.,-11.1127022019345,48.3977097461375));
#7691=CARTESIAN_POINT('Origin',(27.400093098317,-4.99954492868367,58.3500000000102));
#7692=CARTESIAN_POINT('',(27.400093098317,-7.39954492869367,58.3500000000102));
#7693=CARTESIAN_POINT('Origin',(27.400093098317,-4.99954492868367,58.3500000000102));
#7694=CARTESIAN_POINT('Origin',(27.400093098317,5.00045507133633,58.3500000000102));
#7695=CARTESIAN_POINT('',(27.400093098317,2.60045507132633,58.3500000000102));
#7696=CARTESIAN_POINT('Origin',(27.400093098317,5.00045507133633,58.3500000000102));
#7697=CARTESIAN_POINT('Origin',(-27.4289069017025,5.00045507133637,58.35000000001));
#7698=CARTESIAN_POINT('',(-27.4289069017025,2.60045507132636,58.3500000000101));
#7699=CARTESIAN_POINT('Origin',(-27.4289069017025,5.00045507133636,58.3500000000101));
#7700=CARTESIAN_POINT('',(-27.4289069017025,6.50045507133637,58.35000000001));
#7701=CARTESIAN_POINT('Origin',(-27.4289069017025,5.00045507133637,58.35000000001));
#7702=CARTESIAN_POINT('Origin',(-27.4289069017025,-4.99954492868363,58.35000000001));
#7703=CARTESIAN_POINT('',(-27.4289069017025,-7.39954492869364,58.3500000000101));
#7704=CARTESIAN_POINT('Origin',(-27.4289069017025,-4.99954492868364,58.3500000000101));
#7705=CARTESIAN_POINT('',(-27.4289069017025,-3.49954492868363,58.35000000001));
#7706=CARTESIAN_POINT('Origin',(-27.4289069017025,-4.99954492868363,58.35000000001));
#7707=CARTESIAN_POINT('Origin',(-27.4289069017025,-4.99954492868358,8.94999999999001));
#7708=CARTESIAN_POINT('',(-27.4289069017025,-3.49954492868358,8.94999999999001));
#7709=CARTESIAN_POINT('Origin',(-27.4289069017025,-4.99954492868358,8.94999999999001));
#7710=CARTESIAN_POINT('Origin',(-27.4289069017025,5.00045507133642,8.94999999999001));
#7711=CARTESIAN_POINT('',(-27.4289069017025,6.50045507133642,8.94999999999001));
#7712=CARTESIAN_POINT('Origin',(-27.4289069017025,5.00045507133642,8.94999999999001));
#7713=CARTESIAN_POINT('Origin',(38.000093098317,0.00045507132635958,8.20000008940712));
#7714=CARTESIAN_POINT('',(38.000093098317,-12.0000001788139,12.0000001788139));
#7715=CARTESIAN_POINT('Origin',(30.000093098317,-11.9995449286737,55.0010615287432));
#7716=CARTESIAN_POINT('Origin',(5.,-35.,14.));
#7717=CARTESIAN_POINT('',(5.,-14.9816158833246,12.));
#7718=CARTESIAN_POINT('',(5.,-14.9816158833246,28.413236948213));
#7719=CARTESIAN_POINT('',(5.,14.9816158833246,12.));
#7720=CARTESIAN_POINT('',(5.,-17.5,12.));
#7721=CARTESIAN_POINT('',(5.,14.9816158833246,14.));
#7722=CARTESIAN_POINT('Origin',(5.,14.9816158833246,14.));
#7723=CARTESIAN_POINT('',(-5.,14.9816158833246,12.));
#7724=CARTESIAN_POINT('',(5.,14.9816158833246,12.));
#7725=CARTESIAN_POINT('',(-5.,14.9816158833246,14.));
#7726=CARTESIAN_POINT('Origin',(-5.,35.,14.));
#7727=CARTESIAN_POINT('',(-5.,-14.9816158833246,12.));
#7728=CARTESIAN_POINT('',(-5.,-14.9816158833246,28.413236948213));
#7729=CARTESIAN_POINT('',(-5.,17.5,12.));
#7730=CARTESIAN_POINT('Origin',(5.,-14.9816158833246,42.826473896426));
#7731=CARTESIAN_POINT('',(5.,-14.9816158833246,12.));
#7732=CARTESIAN_POINT('Origin',(30.000093098317,-4.99954492868367,58.3500000000102));
#7733=CARTESIAN_POINT('',(30.000093098317,-7.39954492869367,58.3500000000102));
#7734=CARTESIAN_POINT('Origin',(30.000093098317,5.00045507133633,58.3500000000102));
#7735=CARTESIAN_POINT('',(30.000093098317,2.60045507132633,58.3500000000102));
#7736=CARTESIAN_POINT('Origin',(0.,0.,69.));
#7737=CARTESIAN_POINT('Origin',(27.4288580336404,-37.5482495411279,62.9959305284979));
#7738=CARTESIAN_POINT('',(32.4288580336404,-35.9482495411279,62.9959305284979));
#7739=CARTESIAN_POINT('Origin',(32.4288580336404,-37.5482495411279,62.9959305284979));
#7740=CARTESIAN_POINT('',(27.4288580336404,-35.9482495411279,62.9959305284979));
#7741=CARTESIAN_POINT('Origin',(27.4288580336404,-41.9597395923354,60.6424744468815));
#7742=CARTESIAN_POINT('',(32.4288580336404,-37.5482495411279,49.2308189643436));
#7743=CARTESIAN_POINT('',(27.4288580336404,-37.5482495411279,49.2308189643436));
#7744=CARTESIAN_POINT('',(32.4288580336404,-41.9597395923354,60.6424744468815));
#7745=CARTESIAN_POINT('',(32.4288580336404,-37.5482495411279,49.2308189643436));
#7746=CARTESIAN_POINT('',(27.4288580336404,-41.9597395923354,60.6424744468815));
#7747=CARTESIAN_POINT('Origin',(27.4288580336404,-37.5482495411279,62.9959305284979));
#7748=CARTESIAN_POINT('',(32.4288580336404,-34.8977763923453,67.2356229805022));
#7749=CARTESIAN_POINT('Origin',(32.4288580336404,-37.5482495411279,62.9959305284979));
#7750=CARTESIAN_POINT('',(27.4288580336404,-34.8977763923453,67.2356229805022));
#7751=CARTESIAN_POINT('Origin',(27.4288580336404,-23.3150035709689,59.9945721969733));
#7752=CARTESIAN_POINT('',(32.4288580336404,-23.3150035709689,59.9945721969733));
#7753=CARTESIAN_POINT('Origin',(27.4288580336404,-23.3150035709689,59.9945721969733));
#7754=CARTESIAN_POINT('',(32.4288580336404,-23.3150035709689,59.9945721969733));
#7755=CARTESIAN_POINT('',(32.4288580336404,-23.3150035709689,59.9945721969733));
#7756=CARTESIAN_POINT('',(27.4288580336404,-23.3150035709686,59.9945721969731));
#7757=CARTESIAN_POINT('Origin',(27.4288580336404,-15.0000002235174,55.0000008195639));
#7758=CARTESIAN_POINT('',(32.4288580336404,-23.3150035709689,59.9945721969733));
#7759=CARTESIAN_POINT('Origin',(-25.,5.00045507133636,58.3500000000101));
#7760=CARTESIAN_POINT('',(-25.,2.60045507132636,58.3500000000101));
#7761=CARTESIAN_POINT('Origin',(-25.,-4.99954492868364,58.3500000000101));
#7762=CARTESIAN_POINT('',(-25.,-7.39954492869364,58.3500000000101));
#7763=CARTESIAN_POINT('Origin',(-29.9999069017025,5.00045507133637,58.35000000001));
#7764=CARTESIAN_POINT('',(-29.9999069017025,6.50045507133637,58.35000000001));
#7765=CARTESIAN_POINT('Origin',(-29.9999069017025,-4.99954492868363,58.35000000001));
#7766=CARTESIAN_POINT('',(-29.9999069017025,-3.49954492868363,58.35000000001));
#7767=CARTESIAN_POINT('Origin',(-29.9999069017025,-4.99954492868358,8.94999999999001));
#7768=CARTESIAN_POINT('',(-37.9999069017025,-3.49954492868358,8.94999999999001));
#7769=CARTESIAN_POINT('Origin',(-37.9999069017025,-4.99954492868358,8.94999999999001));
#7770=CARTESIAN_POINT('',(-29.9999069017025,-3.49954492868358,8.94999999999001));
#7771=CARTESIAN_POINT('Origin',(-29.9999069017025,5.00045507133642,8.94999999999001));
#7772=CARTESIAN_POINT('',(-37.9999069017025,6.50045507133642,8.94999999999001));
#7773=CARTESIAN_POINT('Origin',(-37.9999069017025,5.00045507133642,8.94999999999001));
#7774=CARTESIAN_POINT('',(-29.9999069017025,6.50045507133642,8.94999999999001));
#7775=CARTESIAN_POINT('Origin',(46.4996053384311,0.,-1.13613812662032E-14));
#7776=CARTESIAN_POINT('Origin',(27.4288580336404,-37.5482495411279,49.2308189643436));
#7777=CARTESIAN_POINT('',(32.4288580336404,-26.3389443101389,36.1228338091435));
#7778=CARTESIAN_POINT('Origin',(32.4288580336404,-28.7741248823227,52.0593821688207));
#7779=CARTESIAN_POINT('Origin',(0.,0.,69.));
#7780=CARTESIAN_POINT('Origin',(-29.9999069017025,12.0004550713263,55.0010615287433));
#7781=CARTESIAN_POINT('Origin',(-29.9999069017025,-11.9995449286736,12.000000178814));
#7782=CARTESIAN_POINT('',(-37.9999069017025,-12.000000178814,12.0000001788142));
#7783=CARTESIAN_POINT('Origin',(-37.9999069017025,0.000455071326367351,
8.20000008940722));
#7784=CARTESIAN_POINT('Origin',(63.5,8.5,0.));
#7785=CARTESIAN_POINT('',(61.9,8.5,4.));
#7786=CARTESIAN_POINT('Origin',(63.5,8.5,4.));
#7787=CARTESIAN_POINT('',(61.9,8.5,0.));
#7788=CARTESIAN_POINT('',(61.9,8.5,0.));
#7789=CARTESIAN_POINT('Origin',(63.5,8.5,0.));
#7790=CARTESIAN_POINT('Origin',(63.5,-8.5,0.));
#7791=CARTESIAN_POINT('',(61.9,-8.5,4.));
#7792=CARTESIAN_POINT('Origin',(63.5,-8.5,4.));
#7793=CARTESIAN_POINT('',(61.9,-8.5,0.));
#7794=CARTESIAN_POINT('',(61.9,-8.5,0.));
#7795=CARTESIAN_POINT('Origin',(63.5,-8.5,0.));
#7796=CARTESIAN_POINT('Origin',(-63.5,8.5,0.));
#7797=CARTESIAN_POINT('',(-65.1,8.5,4.));
#7798=CARTESIAN_POINT('Origin',(-63.5,8.5,4.));
#7799=CARTESIAN_POINT('',(-65.1,8.5,0.));
#7800=CARTESIAN_POINT('',(-65.1,8.5,0.));
#7801=CARTESIAN_POINT('Origin',(-63.5,8.5,0.));
#7802=CARTESIAN_POINT('Origin',(-63.5,-8.5,0.));
#7803=CARTESIAN_POINT('',(-65.1,-8.5,4.));
#7804=CARTESIAN_POINT('Origin',(-63.5,-8.5,4.));
#7805=CARTESIAN_POINT('',(-65.1,-8.5,0.));
#7806=CARTESIAN_POINT('',(-65.1,-8.5,0.));
#7807=CARTESIAN_POINT('Origin',(-63.5,-8.5,0.));
#7808=CARTESIAN_POINT('Origin',(-66.5,-11.5,0.));
#7809=CARTESIAN_POINT('',(-66.5,-11.5,0.));
#7810=CARTESIAN_POINT('',(66.5,-11.5,0.));
#7811=CARTESIAN_POINT('',(-66.5,-11.5,0.));
#7812=CARTESIAN_POINT('',(66.5,-11.5,4.));
#7813=CARTESIAN_POINT('',(66.5,-11.5,0.));
#7814=CARTESIAN_POINT('',(-66.5,-11.5,4.));
#7815=CARTESIAN_POINT('',(-66.5,-11.5,4.));
#7816=CARTESIAN_POINT('',(-66.5,-11.5,0.));
#7817=CARTESIAN_POINT('Origin',(-66.5,11.5,0.));
#7818=CARTESIAN_POINT('',(-66.5,11.5,0.));
#7819=CARTESIAN_POINT('',(-66.5,11.5,0.));
#7820=CARTESIAN_POINT('',(-66.5,11.5,4.));
#7821=CARTESIAN_POINT('',(-66.5,11.5,4.));
#7822=CARTESIAN_POINT('',(-66.5,11.5,0.));
#7823=CARTESIAN_POINT('Origin',(66.5,11.5,0.));
#7824=CARTESIAN_POINT('',(66.5,11.5,0.));
#7825=CARTESIAN_POINT('',(66.5,11.5,0.));
#7826=CARTESIAN_POINT('',(66.5,11.5,4.));
#7827=CARTESIAN_POINT('',(66.5,11.5,4.));
#7828=CARTESIAN_POINT('',(66.5,11.5,0.));
#7829=CARTESIAN_POINT('Origin',(66.5,-11.5,0.));
#7830=CARTESIAN_POINT('',(66.5,-11.5,0.));
#7831=CARTESIAN_POINT('',(66.5,-11.5,4.));
#7832=CARTESIAN_POINT('Origin',(0.,0.,4.));
#7833=CARTESIAN_POINT('Origin',(0.,0.,0.));
#7834=CARTESIAN_POINT('',(0.,0.,0.));
#7835=CARTESIAN_POINT('Origin',(-87.0863415011334,12.0538315209131,-27.300727686599));
#7836=CARTESIAN_POINT('',(-84.0863415011334,12.0538315209131,13.199272313401));
#7837=CARTESIAN_POINT('',(-60.5863415011334,12.0538315209131,13.199272313401));
#7838=CARTESIAN_POINT('',(-87.0863415011434,12.0538315209031,13.199272313411));
#7839=CARTESIAN_POINT('',(-84.0863415011334,12.0538315209131,-27.300727686599));
#7840=CARTESIAN_POINT('',(-84.0863415011434,12.0538315209031,-27.300727686609));
#7841=CARTESIAN_POINT('',(-60.5863415011333,12.0538315209131,-27.300727686599));
#7842=CARTESIAN_POINT('',(-87.0863415011434,12.0538315209031,-27.300727686609));
#7843=CARTESIAN_POINT('',(-60.5863415011333,12.0538315209131,-34.300727686599));
#7844=CARTESIAN_POINT('',(-60.5863415011234,12.0538315209031,13.199272313411));
#7845=CARTESIAN_POINT('',(-58.0863415011333,12.0538315209131,-34.300727686599));
#7846=CARTESIAN_POINT('',(-60.5863415011234,12.0538315209031,-34.300727686609));
#7847=CARTESIAN_POINT('',(-58.0863415011333,12.0538315209131,-27.300727686599));
#7848=CARTESIAN_POINT('',(-58.0863415011234,12.0538315209031,-34.300727686609));
#7849=CARTESIAN_POINT('',(-52.0863415011334,12.0538315209131,-27.300727686599));
#7850=CARTESIAN_POINT('',(-52.0863415011233,12.0538315209031,-27.300727686609));
#7851=CARTESIAN_POINT('',(-52.0863415011334,12.0538315209131,2.69927231340099));
#7852=CARTESIAN_POINT('',(-52.0863415011234,12.0538315209031,13.199272313411));
#7853=CARTESIAN_POINT('',(-52.0863415011334,12.0538315209131,13.199272313401));
#7854=CARTESIAN_POINT('',(-52.0863415011234,12.0538315209031,13.199272313411));
#7855=CARTESIAN_POINT('',(-58.0863415011334,12.0538315209131,13.199272313401));
#7856=CARTESIAN_POINT('',(-52.0863415011234,12.0538315209031,13.199272313411));
#7857=CARTESIAN_POINT('',(-58.0863415011334,12.0538315209131,20.199272313401));
#7858=CARTESIAN_POINT('',(-58.0863415011234,12.0538315209031,20.199272313411));
#7859=CARTESIAN_POINT('',(-60.5863415011334,12.0538315209131,20.199272313401));
#7860=CARTESIAN_POINT('',(-60.5863415011234,12.0538315209031,20.199272313411));
#7861=CARTESIAN_POINT('',(-60.5863415011234,12.0538315209031,13.199272313411));
#7862=CARTESIAN_POINT('Origin',(-87.0863415011334,12.0538315209131,13.199272313401));
#7863=CARTESIAN_POINT('',(-84.0863415011334,32.0538315209131,13.199272313401));
#7864=CARTESIAN_POINT('',(-60.5863415011334,32.0538315209131,13.199272313401));
#7865=CARTESIAN_POINT('',(-87.0863415011434,32.0538315209231,13.199272313411));
#7866=CARTESIAN_POINT('',(-84.0863415011434,12.0538315209031,13.199272313411));
#7867=CARTESIAN_POINT('',(-60.5863415011234,32.0538315209231,13.199272313411));
#7868=CARTESIAN_POINT('Origin',(-87.0863415011334,32.0538315209131,13.199272313401));
#7869=CARTESIAN_POINT('',(-84.0863415011334,32.0538315209131,-27.300727686599));
#7870=CARTESIAN_POINT('',(-60.5863415011234,32.0538315209231,-27.300727686599));
#7871=CARTESIAN_POINT('',(-87.0863415011434,32.0538315209231,-27.300727686609));
#7872=CARTESIAN_POINT('',(-84.0863415011434,32.0538315209231,13.199272313411));
#7873=CARTESIAN_POINT('',(-60.5863415011334,32.0538315209131,20.199272313401));
#7874=CARTESIAN_POINT('',(-60.5863415011234,32.0538315209231,-27.300727686609));
#7875=CARTESIAN_POINT('',(-58.0863415011334,32.0538315209131,20.199272313401));
#7876=CARTESIAN_POINT('',(-60.5863415011234,32.0538315209231,20.199272313411));
#7877=CARTESIAN_POINT('',(-58.0863415011334,32.0538315209131,13.199272313401));
#7878=CARTESIAN_POINT('',(-58.0863415011234,32.0538315209231,20.199272313411));
#7879=CARTESIAN_POINT('',(-52.0863415011334,32.0538315209131,13.199272313401));
#7880=CARTESIAN_POINT('',(-52.0863415011234,32.0538315209231,13.199272313411));
#7881=CARTESIAN_POINT('',(-52.0863415011334,32.0538315209131,2.69927231340099));
#7882=CARTESIAN_POINT('',(-52.0863415011234,32.0538315209231,-27.300727686609));
#7883=CARTESIAN_POINT('',(-52.0863415011334,32.0538315209131,-27.300727686599));
#7884=CARTESIAN_POINT('',(-52.0863415011234,32.0538315209231,-27.300727686609));
#7885=CARTESIAN_POINT('',(-58.0863415011334,32.0538315209131,-27.300727686599));
#7886=CARTESIAN_POINT('',(-52.0863415011234,32.0538315209231,-27.300727686609));
#7887=CARTESIAN_POINT('',(-58.0863415011333,32.0538315209131,-34.300727686599));
#7888=CARTESIAN_POINT('',(-58.0863415011234,32.0538315209231,-34.300727686609));
#7889=CARTESIAN_POINT('',(-60.5863415011333,32.0538315209131,-34.300727686599));
#7890=CARTESIAN_POINT('',(-60.5863415011234,32.0538315209231,-34.300727686609));
#7891=CARTESIAN_POINT('',(-60.5863415011234,32.0538315209231,-27.300727686609));
#7892=CARTESIAN_POINT('Origin',(-87.0863415011334,32.0538315209131,-27.300727686599));
#7893=CARTESIAN_POINT('',(-84.0863415011434,32.0538315209231,-27.300727686609));
#7894=CARTESIAN_POINT('',(-60.5863415011234,32.0538315209231,-27.300727686609));
#7895=CARTESIAN_POINT('Origin',(-87.0863415011334,12.0538315209131,13.199272313401));
#7896=CARTESIAN_POINT('',(-87.0863415011334,30.0538315209131,11.199272313401));
#7897=CARTESIAN_POINT('',(-87.0863415011334,30.0538315209131,-25.300727686599));
#7898=CARTESIAN_POINT('',(-87.0863415011434,30.0538315209231,-27.300727686609));
#7899=CARTESIAN_POINT('',(-87.0863415011334,14.0538315209131,-25.300727686599));
#7900=CARTESIAN_POINT('',(-87.0863415011434,12.0538315209031,-25.300727686609));
#7901=CARTESIAN_POINT('',(-87.0863415011334,14.0538315209131,11.199272313401));
#7902=CARTESIAN_POINT('',(-87.0863415011434,14.0538315209031,13.199272313411));
#7903=CARTESIAN_POINT('',(-87.0863415011434,32.0538315209231,11.199272313411));
#7904=CARTESIAN_POINT('Origin',(-87.0863415011334,12.0538315209131,11.199272313401));
#7905=CARTESIAN_POINT('',(-86.3804591482022,13.583243285609,11.6698605487051));
#7906=CARTESIAN_POINT('',(-86.3804591482022,30.5244197562172,11.6698605487051));
#7907=CARTESIAN_POINT('Origin',(-87.0863415011334,30.0538315209131,13.199272313401));
#7908=CARTESIAN_POINT('',(-100.674576795261,20.9950079914914,-16.2419041571973));
#7909=CARTESIAN_POINT('Origin',(-87.0863415011334,14.0538315209131,13.199272313401));
#7910=CARTESIAN_POINT('',(-100.674576795261,23.1126550503349,-16.2419041571973));
#7911=CARTESIAN_POINT('Origin',(-87.0863415011334,12.0538315209131,-25.300727686599));
#7912=CARTESIAN_POINT('Origin',(-60.5863415011334,32.0538315209131,13.199272313401));
#7913=CARTESIAN_POINT('',(-60.5863415011234,32.0538315209231,20.199272313411));
#7914=CARTESIAN_POINT('',(-60.5863415011234,14.6538315209131,17.649272313401));
#7915=CARTESIAN_POINT('Origin',(-60.5863415011234,17.0538315209031,17.649272313411));
#7916=CARTESIAN_POINT('',(-60.5863415011234,24.6538315209131,17.649272313401));
#7917=CARTESIAN_POINT('Origin',(-60.5863415011234,27.0538315209231,17.649272313411));
#7918=CARTESIAN_POINT('Origin',(9.61559209724223,22.0538315209131,2.699272313401));
#7919=CARTESIAN_POINT('',(-49.2863415011234,28.4538315209131,2.69927231340099));
#7920=CARTESIAN_POINT('Origin',(-49.2863415011234,22.0538315209131,2.69927231341099));
#7921=CARTESIAN_POINT('',(-47.7863415011234,28.4538315209131,2.69927231340099));
#7922=CARTESIAN_POINT('',(9.61559209724223,28.4538315209132,2.699272313401));
#7923=CARTESIAN_POINT('Origin',(-47.7863415011234,22.0538315209131,2.69927231341099));
#7924=CARTESIAN_POINT('Origin',(16.7979297463285,22.0538315209131,2.69927231340101));
#7925=CARTESIAN_POINT('',(-49.2863415011334,13.1038315209131,-1.76138907253719));
#7926=CARTESIAN_POINT('',(-49.2863415011334,31.0038315209131,-1.76138907253717));
#7927=CARTESIAN_POINT('Origin',(-49.2863415011234,22.0538315209131,2.69927231341099));
#7928=CARTESIAN_POINT('',(-52.0863415011334,31.0038315209131,-1.76138907253717));
#7929=CARTESIAN_POINT('',(-78.3868626104735,31.0038315209231,-1.76138907252721));
#7930=CARTESIAN_POINT('Origin',(-52.0863415011234,22.0538315209131,2.69927231341099));
#7931=CARTESIAN_POINT('Origin',(-52.0863415011234,22.0538315209131,2.69927231341099));
#7932=CARTESIAN_POINT('',(-52.0863415011334,13.1038315209131,-1.76138907253717));
#7933=CARTESIAN_POINT('Origin',(-52.0863415011234,22.0538315209131,2.69927231341099));
#7934=CARTESIAN_POINT('',(-78.3868626104735,13.1038315209031,-1.76138907252721));
#7935=CARTESIAN_POINT('Origin',(-87.0863415011334,27.0538315209131,17.649272313401));
#7936=CARTESIAN_POINT('',(-58.0863415011234,24.6538315209131,17.649272313411));
#7937=CARTESIAN_POINT('',(-87.0863415011334,24.6538315209131,17.649272313401));
#7938=CARTESIAN_POINT('Origin',(-58.0863415011234,27.0538315209231,17.649272313411));
#7939=CARTESIAN_POINT('Origin',(-87.0863415011334,27.0538315209131,-31.750727686599));
#7940=CARTESIAN_POINT('',(-60.5863415011234,24.6538315209131,-31.750727686599));
#7941=CARTESIAN_POINT('Origin',(-60.5863415011234,27.0538315209231,-31.750727686609));
#7942=CARTESIAN_POINT('',(-58.0863415011234,24.6538315209131,-31.750727686599));
#7943=CARTESIAN_POINT('',(-87.0863415011334,24.6538315209131,-31.750727686599));
#7944=CARTESIAN_POINT('Origin',(-58.0863415011234,27.0538315209231,-31.750727686609));
#7945=CARTESIAN_POINT('Origin',(-87.0863415011334,17.0538315209131,-31.750727686599));
#7946=CARTESIAN_POINT('',(-60.5863415011234,14.6538315209131,-31.750727686599));
#7947=CARTESIAN_POINT('Origin',(-60.5863415011234,17.0538315209031,-31.750727686609));
#7948=CARTESIAN_POINT('',(-58.0863415011234,14.6538315208931,-31.750727686609));
#7949=CARTESIAN_POINT('',(-87.0863415011334,14.6538315209131,-31.750727686599));
#7950=CARTESIAN_POINT('Origin',(-58.0863415011234,17.0538315209031,-31.750727686609));
#7951=CARTESIAN_POINT('Origin',(-87.0863415011334,17.0538315209131,17.649272313401));
#7952=CARTESIAN_POINT('',(-58.0863415011234,14.6538315209131,17.649272313401));
#7953=CARTESIAN_POINT('',(-87.0863415011334,14.6538315209131,17.649272313401));
#7954=CARTESIAN_POINT('Origin',(-58.0863415011234,17.0538315209031,17.649272313411));
#7955=CARTESIAN_POINT('Origin',(-49.2863415011334,12.0538315209131,13.199272313401));
#7956=CARTESIAN_POINT('',(-49.2863415011334,13.1038315209131,-20.030727686599));
#7957=CARTESIAN_POINT('',(-49.2863415011234,13.1038315209031,-1.7613890725272));
#7958=CARTESIAN_POINT('',(-49.2863415011334,14.1038315209131,-21.030727686599));
#7959=CARTESIAN_POINT('Origin',(-49.2863415011234,14.1038315209031,-20.030727686609));
#7960=CARTESIAN_POINT('',(-49.2863415011334,30.0038315209131,-21.030727686599));
#7961=CARTESIAN_POINT('',(-49.2863415011234,13.1038315209031,-21.030727686609));
#7962=CARTESIAN_POINT('',(-49.2863415011334,31.0038315209131,-20.030727686599));
#7963=CARTESIAN_POINT('Origin',(-49.2863415011234,30.0038315209231,-20.030727686609));
#7964=CARTESIAN_POINT('',(-49.2863415011234,31.0038315209231,-1.7613890725272));
#7965=CARTESIAN_POINT('Origin',(-52.0863415011334,32.0538315209131,13.199272313401));
#7966=CARTESIAN_POINT('',(-52.0863415011334,31.0038315209131,-20.030727686599));
#7967=CARTESIAN_POINT('',(-52.0863415011234,31.0038315209231,-1.7613890725272));
#7968=CARTESIAN_POINT('',(-52.0863415011334,30.0038315209131,-21.030727686599));
#7969=CARTESIAN_POINT('Origin',(-52.0863415011234,30.0038315209231,-20.030727686609));
#7970=CARTESIAN_POINT('',(-52.0863415011334,26.7388315209131,-21.030727686599));
#7971=CARTESIAN_POINT('',(-52.0863415011234,13.1038315209031,-21.030727686609));
#7972=CARTESIAN_POINT('',(-52.0863415011334,17.3688315209131,-21.030727686599));
#7973=CARTESIAN_POINT('Origin',(-52.0863415011234,22.0538315209131,-18.8205719627033));
#7974=CARTESIAN_POINT('',(-52.0863415011334,14.1038315209131,-21.030727686599));
#7975=CARTESIAN_POINT('',(-52.0863415011234,13.1038315209031,-21.030727686609));
#7976=CARTESIAN_POINT('',(-52.0863415011334,13.1038315209131,-20.030727686599));
#7977=CARTESIAN_POINT('Origin',(-52.0863415011234,14.1038315209031,-20.030727686609));
#7978=CARTESIAN_POINT('',(-52.0863415011234,13.1038315209031,-1.7613890725272));
#7979=CARTESIAN_POINT('',(-52.0863415011233,12.0538315209031,-27.300727686609));
#7980=CARTESIAN_POINT('Origin',(-78.3868626104835,13.1038315209131,-21.030727686599));
#7981=CARTESIAN_POINT('',(-78.3868626104735,14.1038315209031,-21.030727686609));
#7982=CARTESIAN_POINT('',(-49.7863415011334,17.3688315209131,-21.030727686599));
#7983=CARTESIAN_POINT('',(-39.4569061155074,17.3688315209031,-21.030727686609));
#7984=CARTESIAN_POINT('',(-49.7863415011334,26.7388315209131,-21.030727686599));
#7985=CARTESIAN_POINT('',(-49.7863415011234,17.3688315209031,-21.030727686609));
#7986=CARTESIAN_POINT('',(-39.4569061155074,26.7388315209231,-21.030727686609));
#7987=CARTESIAN_POINT('',(-78.3868626104735,30.0038315209231,-21.030727686609));
#7988=CARTESIAN_POINT('Origin',(-52.0863415011334,32.0538315209131,13.199272313401));
#7989=CARTESIAN_POINT('',(-52.0863415011234,32.0538315209231,13.199272313411));
#7990=CARTESIAN_POINT('Origin',(-52.0863415011334,12.0538315209131,-27.300727686599));
#7991=CARTESIAN_POINT('',(-56.8863415011334,22.6538315209131,-27.300727686599));
#7992=CARTESIAN_POINT('',(-58.0863415011334,22.6538315209131,-27.300727686599));
#7993=CARTESIAN_POINT('',(-58.0863415011234,22.6538315209231,-27.300727686609));
#7994=CARTESIAN_POINT('',(-58.0863415011234,32.0538315209231,-27.300727686609));
#7995=CARTESIAN_POINT('',(-58.0863415011334,21.4538315209131,-27.300727686599));
#7996=CARTESIAN_POINT('',(-58.0863415011234,32.0538315209231,-27.300727686609));
#7997=CARTESIAN_POINT('',(-56.8863415011334,21.4538315209131,-27.300727686599));
#7998=CARTESIAN_POINT('',(-58.0863415011234,21.4538315209031,-27.300727686609));
#7999=CARTESIAN_POINT('',(-56.8863415011234,22.6538315209231,-27.300727686609));
#8000=CARTESIAN_POINT('Origin',(-58.0863415011333,32.0538315209131,-34.300727686599));
#8001=CARTESIAN_POINT('',(-58.0863415011333,22.6538315209131,-34.300727686599));
#8002=CARTESIAN_POINT('',(-58.0863415011234,22.6538315209231,-34.300727686609));
#8003=CARTESIAN_POINT('',(-58.0863415011234,32.0538315209231,-34.300727686609));
#8004=CARTESIAN_POINT('Origin',(-52.0863415011334,32.0538315209131,13.199272313401));
#8005=CARTESIAN_POINT('',(-56.8863415011334,22.6538315209131,13.199272313401));
#8006=CARTESIAN_POINT('',(-58.0863415011334,22.6538315209131,13.199272313401));
#8007=CARTESIAN_POINT('',(-58.0863415011234,22.6538315209231,13.199272313411));
#8008=CARTESIAN_POINT('',(-56.8863415011334,21.4538315209131,13.199272313401));
#8009=CARTESIAN_POINT('',(-56.8863415011234,22.6538315209231,13.199272313411));
#8010=CARTESIAN_POINT('',(-58.0863415011334,21.4538315209131,13.199272313401));
#8011=CARTESIAN_POINT('',(-58.0863415011234,21.4538315209031,13.199272313411));
#8012=CARTESIAN_POINT('',(-58.0863415011234,32.0538315209231,13.199272313411));
#8013=CARTESIAN_POINT('',(-58.0863415011234,32.0538315209231,13.199272313411));
#8014=CARTESIAN_POINT('Origin',(-58.0863415011334,32.0538315209131,20.199272313401));
#8015=CARTESIAN_POINT('',(-58.0863415011334,22.6538315209131,20.199272313401));
#8016=CARTESIAN_POINT('',(-58.0863415011234,22.6538315209231,20.199272313411));
#8017=CARTESIAN_POINT('',(-58.0863415011234,32.0538315209231,20.199272313411));
#8018=CARTESIAN_POINT('Origin',(-60.5863415011334,32.0538315209131,13.199272313401));
#8019=CARTESIAN_POINT('',(-60.5863415011234,32.0538315209231,-34.300727686609));
#8020=CARTESIAN_POINT('Origin',(-58.0863415011334,32.0538315209131,20.199272313401));
#8021=CARTESIAN_POINT('',(-58.0863415011334,21.4538315209131,20.199272313401));
#8022=CARTESIAN_POINT('',(-58.0863415011234,21.4538315209031,20.199272313411));
#8023=CARTESIAN_POINT('',(-58.0863415011234,32.0538315209231,20.199272313411));
#8024=CARTESIAN_POINT('Origin',(-58.0863415011334,32.0538315209131,20.199272313401));
#8025=CARTESIAN_POINT('',(-58.0863415011234,22.6538315209231,20.199272313411));
#8026=CARTESIAN_POINT('Origin',(-58.0863415011333,32.0538315209131,-34.300727686599));
#8027=CARTESIAN_POINT('',(-58.0863415011333,21.4538315209131,-34.300727686599));
#8028=CARTESIAN_POINT('',(-58.0863415011234,21.4538315209031,-34.300727686609));
#8029=CARTESIAN_POINT('',(-58.0863415011234,32.0538315209231,-34.300727686609));
#8030=CARTESIAN_POINT('Origin',(-58.0863415011333,32.0538315209131,-34.300727686599));
#8031=CARTESIAN_POINT('',(-58.0863415011234,22.6538315209231,-34.300727686609));
#8032=CARTESIAN_POINT('Origin',(-56.8863415011334,22.6538315209131,13.199272313401));
#8033=CARTESIAN_POINT('',(-56.8863415011234,21.4538315209031,13.199272313411));
#8034=CARTESIAN_POINT('',(-56.8863415011234,22.6538315209231,13.199272313411));
#8035=CARTESIAN_POINT('Origin',(-58.0863415011334,22.6538315209131,13.199272313401));
#8036=CARTESIAN_POINT('Origin',(-58.0863415011334,21.4538315209131,13.199272313401));
#8037=CARTESIAN_POINT('Origin',(-56.8863415011334,22.6538315209131,-27.300727686599));
#8038=CARTESIAN_POINT('',(-56.8863415011234,21.4538315209031,-27.300727686609));
#8039=CARTESIAN_POINT('',(-56.8863415011234,22.6538315209231,-27.300727686609));
#8040=CARTESIAN_POINT('Origin',(-58.0863415011334,22.6538315209131,-27.300727686599));
#8041=CARTESIAN_POINT('Origin',(-58.0863415011334,21.4538315209131,-27.300727686599));
#8042=CARTESIAN_POINT('Origin',(-78.3868626104835,31.0038315209131,-1.7613890725372));
#8043=CARTESIAN_POINT('',(-78.3868626104735,31.0038315209231,-20.030727686609));
#8044=CARTESIAN_POINT('Origin',(-78.3868626104835,13.1038315209131,-1.7613890725372));
#8045=CARTESIAN_POINT('',(-78.3868626104735,13.1038315209031,-20.030727686609));
#8046=CARTESIAN_POINT('Origin',(-39.4569061155174,22.0538315209131,-18.8205719626933));
#8047=CARTESIAN_POINT('Origin',(-49.7863415011234,22.0538315209131,-18.8205719627033));
#8048=CARTESIAN_POINT('Origin',(-49.7863415011334,12.0538315209131,13.199272313401));
#8049=CARTESIAN_POINT('Origin',(-78.3868626104835,14.1038315209131,-20.030727686599));
#8050=CARTESIAN_POINT('Origin',(-78.3868626104835,30.0038315209131,-20.030727686599));
#8051=CARTESIAN_POINT('Origin',(-47.7863415011334,12.0538315209131,13.199272313401));
#8052=CARTESIAN_POINT('',(-47.7863415011234,24.9888315209231,2.69927231341099));
#8053=CARTESIAN_POINT('Origin',(-47.7863415011234,22.0538315209131,2.69927231341099));
#8054=CARTESIAN_POINT('Origin',(-43.7863415011334,22.0538315209131,2.69927231340099));
#8055=CARTESIAN_POINT('',(-43.7863415011234,24.9888315209231,2.69927231341099));
#8056=CARTESIAN_POINT('',(-43.7863415011334,24.9888315209131,2.69927231340099));
#8057=CARTESIAN_POINT('Origin',(-43.7863415011234,22.0538315209131,2.69927231341099));
#8058=CARTESIAN_POINT('Origin',(-43.7863415011334,22.0538315209131,2.69927231340099));
#8059=CARTESIAN_POINT('',(0.,0.,0.));
#8060=CARTESIAN_POINT('Origin',(67.4862686041863,-0.0483246685628314,0.));
#8061=CARTESIAN_POINT('',(67.5285945485181,-6.79819196462402,0.));
#8062=CARTESIAN_POINT('',(67.5285945485181,6.70154262749836,0.));
#8063=CARTESIAN_POINT('Origin',(67.4862686041863,-0.0483246685628314,0.));
#8064=CARTESIAN_POINT('',(67.5285945485181,-6.79819196462402,3.));
#8065=CARTESIAN_POINT('',(67.5285945485181,-6.79819196462402,0.));
#8066=CARTESIAN_POINT('',(67.5285945485181,6.70154262749836,3.));
#8067=CARTESIAN_POINT('Origin',(67.4862686041863,-0.0483246685628314,3.));
#8068=CARTESIAN_POINT('',(67.5285945485181,6.70154262749836,0.));
#8069=CARTESIAN_POINT('Origin',(37.9385125805558,-4.07126397052919,0.));
#8070=CARTESIAN_POINT('',(37.9385125805558,-4.07126397052919,0.));
#8071=CARTESIAN_POINT('',(19.8956473964299,-2.40849080830736,0.));
#8072=CARTESIAN_POINT('',(37.9385125805558,-4.07126397052919,3.));
#8073=CARTESIAN_POINT('',(37.9385125805558,-4.07126397052919,0.));
#8074=CARTESIAN_POINT('',(37.9385125805558,-4.07126397052919,3.));
#8075=CARTESIAN_POINT('Origin',(37.9945257154894,-0.0716561736677446,0.));
#8076=CARTESIAN_POINT('',(37.6229001596383,3.91104321823197,0.));
#8077=CARTESIAN_POINT('Origin',(37.9945257154894,-0.0716561736677446,0.));
#8078=CARTESIAN_POINT('',(37.6229001596383,3.91104321823197,3.));
#8079=CARTESIAN_POINT('',(37.6229001596383,3.91104321823197,0.));
#8080=CARTESIAN_POINT('Origin',(37.9945257154894,-0.0716561736677446,3.));
#8081=CARTESIAN_POINT('Origin',(67.5285945485181,6.70154262749836,0.));
#8082=CARTESIAN_POINT('',(35.2753241580472,3.69199097485441,0.));
#8083=CARTESIAN_POINT('',(67.5285945485181,6.70154262749836,3.));
#8084=CARTESIAN_POINT('Origin',(54.1153971598379,-0.0483246685628314,3.));
#8085=CARTESIAN_POINT('',(65.5,-2.44929359829471E-16,3.));
#8086=CARTESIAN_POINT('Origin',(67.5,0.,3.));
#8087=CARTESIAN_POINT('Origin',(30.,6.25000449574249,16.5));
#8088=CARTESIAN_POINT('',(30.,28.0555582421203,24.75));
#8089=CARTESIAN_POINT('',(30.,28.0555582421203,8.25));
#8090=CARTESIAN_POINT('',(30.,28.0555582421203,0.));
#8091=CARTESIAN_POINT('',(30.,22.0813079543582,24.75));
#8092=CARTESIAN_POINT('',(30.,17.4985074200637,24.75));
#8093=CARTESIAN_POINT('',(30.,22.0813079543582,8.25));
#8094=CARTESIAN_POINT('',(30.,22.0813079543582,0.));
#8095=CARTESIAN_POINT('',(30.,17.4985074200637,8.25));
#8096=CARTESIAN_POINT('Origin',(90.,-17.4999914555498,24.75));
#8097=CARTESIAN_POINT('',(30.,-11.8300164882126,24.75));
#8098=CARTESIAN_POINT('',(67.5172932264878,-17.4999914555498,24.75));
#8099=CARTESIAN_POINT('Origin',(-25.,-502.713855848481,24.75));
#8100=CARTESIAN_POINT('',(30.,-3.125,24.75));
#8101=CARTESIAN_POINT('',(30.,17.4985074200637,24.75));
#8102=CARTESIAN_POINT('',(30.,15.,24.75));
#8103=CARTESIAN_POINT('',(30.,-1.24999572777492,24.75));
#8104=CARTESIAN_POINT('',(30.166477221804,22.0544353897496,24.75));
#8105=CARTESIAN_POINT('',(29.7166673319414,2.9938409653516,24.75));
#8106=CARTESIAN_POINT('Origin',(3.99412365685585,-139.555830424329,24.75));
#8107=CARTESIAN_POINT('',(67.7285564918667,17.4985074200637,24.75));
#8108=CARTESIAN_POINT('Origin',(4.26392661591119,-136.614724809667,24.75));
#8109=CARTESIAN_POINT('',(70.7389683144586,17.4985074200637,24.75));
#8110=CARTESIAN_POINT('',(90.,17.4985074200637,24.75));
#8111=CARTESIAN_POINT('',(70.3161161468314,-17.4999914555498,24.75));
#8112=CARTESIAN_POINT('Origin',(67.798302678583,0.0322326782478988,24.75));
#8113=CARTESIAN_POINT('',(78.7586466132439,-17.4999914555498,24.75));
#8114=CARTESIAN_POINT('',(65.5,2.44929359829471E-16,24.75));
#8115=CARTESIAN_POINT('Origin',(67.5,0.,24.75));
#8116=CARTESIAN_POINT('Origin',(90.,30.0000004470348,8.25));
#8117=CARTESIAN_POINT('',(67.5172932264878,-17.4999914555498,8.25));
#8118=CARTESIAN_POINT('',(30.,-11.8300164882126,8.25));
#8119=CARTESIAN_POINT('Origin',(-25.,-502.713855848481,8.25));
#8120=CARTESIAN_POINT('',(70.3161161468314,-17.4999914555498,8.25));
#8121=CARTESIAN_POINT('',(78.7586466132439,-17.4999914555498,8.25));
#8122=CARTESIAN_POINT('',(70.7389683144586,17.4985074200637,8.25));
#8123=CARTESIAN_POINT('Origin',(67.798302678583,0.0322326782478988,8.25));
#8124=CARTESIAN_POINT('',(67.7285564918667,17.4985074200637,8.25));
#8125=CARTESIAN_POINT('',(90.,17.4985074200637,8.25));
#8126=CARTESIAN_POINT('Origin',(4.26392661591119,-136.614724809667,8.25));
#8127=CARTESIAN_POINT('',(30.166477221804,22.0544353897496,8.25));
#8128=CARTESIAN_POINT('Origin',(3.99412365685585,-139.555830424329,8.25));
#8129=CARTESIAN_POINT('',(30.,15.,8.25));
#8130=CARTESIAN_POINT('',(30.2768301828642,26.7306176652046,8.25));
#8131=CARTESIAN_POINT('',(30.,-3.125,8.25));
#8132=CARTESIAN_POINT('',(30.,22.5000002235174,8.25));
#8133=CARTESIAN_POINT('',(30.,17.4985074200637,8.25));
#8134=CARTESIAN_POINT('',(65.5,-2.44929359829471E-16,8.25));
#8135=CARTESIAN_POINT('Origin',(67.5,0.,8.25));
#8136=CARTESIAN_POINT('Origin',(30.,6.25000449574249,16.5));
#8137=CARTESIAN_POINT('',(30.,-11.8300164882126,0.));
#8138=CARTESIAN_POINT('',(30.,-3.125,0.));
#8139=CARTESIAN_POINT('Origin',(67.5172932264878,-17.4999914555498,0.));
#8140=CARTESIAN_POINT('',(67.5172932264878,-17.4999914555498,0.));
#8141=CARTESIAN_POINT('',(67.5172932264878,-17.4999914555498,0.));
#8142=CARTESIAN_POINT('',(70.3161161468317,-17.4999914555498,0.));
#8143=CARTESIAN_POINT('',(67.5172932264878,-17.4999914555498,0.));
#8144=CARTESIAN_POINT('',(70.3161161468314,-17.4999914555498,33.));
#8145=CARTESIAN_POINT('Origin',(67.5172932264878,-17.4999914555498,0.));
#8146=CARTESIAN_POINT('',(70.3161161468317,-17.4999914555498,33.));
#8147=CARTESIAN_POINT('',(70.3161161468314,-17.4999914555498,33.));
#8148=CARTESIAN_POINT('',(67.5172932264878,-17.4999914555498,33.));
#8149=CARTESIAN_POINT('',(67.5172932264878,-17.4999914555498,33.));
#8150=CARTESIAN_POINT('',(67.5172932264878,-17.4999914555498,0.));
#8151=CARTESIAN_POINT('Origin',(67.798302678583,0.0322326782478988,33.));
#8152=CARTESIAN_POINT('',(70.7389683144587,17.4985074200637,0.));
#8153=CARTESIAN_POINT('Origin',(67.798302678583,0.0322326782478988,0.));
#8154=CARTESIAN_POINT('',(70.7389683144586,17.4985074200637,33.));
#8155=CARTESIAN_POINT('Origin',(67.798302678583,0.0322326782478988,33.));
#8156=CARTESIAN_POINT('',(70.7389683144587,17.4985074200637,33.));
#8157=CARTESIAN_POINT('',(70.7389683144586,17.4985074200637,33.));
#8158=CARTESIAN_POINT('Origin',(67.798302678583,0.0322326782478988,33.));
#8159=CARTESIAN_POINT('Origin',(4.26392661591119,-136.614724809667,0.));
#8160=CARTESIAN_POINT('',(67.7285564918667,17.4985074200637,0.));
#8161=CARTESIAN_POINT('',(67.7285564918667,17.4985074200637,0.));
#8162=CARTESIAN_POINT('',(-75.,10.,0.));
#8163=CARTESIAN_POINT('Origin',(4.26392661591119,-136.614724809667,0.));
#8164=CARTESIAN_POINT('',(-75.,10.,11.0000001639128));
#8165=CARTESIAN_POINT('',(-75.,10.,0.));
#8166=CARTESIAN_POINT('',(-40.0000012665987,24.0692889627021,11.0000001639128));
#8167=CARTESIAN_POINT('Origin',(4.26392661591119,-136.614724809667,11.0000001639128));
#8168=CARTESIAN_POINT('',(-40.0000012665987,24.0692889627021,24.75));
#8169=CARTESIAN_POINT('',(-40.0000012665987,24.0692889627021,0.));
#8170=CARTESIAN_POINT('',(-75.,10.,24.75));
#8171=CARTESIAN_POINT('Origin',(4.26392661591119,-136.614724809667,24.75));
#8172=CARTESIAN_POINT('',(-75.,10.,33.));
#8173=CARTESIAN_POINT('',(-75.,10.,0.));
#8174=CARTESIAN_POINT('',(67.7285564918667,17.4985074200637,33.));
#8175=CARTESIAN_POINT('Origin',(4.26392661591119,-136.614724809667,33.));
#8176=CARTESIAN_POINT('',(67.7285564918667,17.4985074200637,0.));
#8177=CARTESIAN_POINT('Origin',(90.,17.4985074200637,0.));
#8178=CARTESIAN_POINT('',(67.7285564918667,17.4985074200637,0.));
#8179=CARTESIAN_POINT('Origin',(90.,17.4985074200637,0.));
#8180=CARTESIAN_POINT('',(67.7285564918667,17.4985074200637,33.));
#8181=CARTESIAN_POINT('Origin',(30.166477221804,22.0544353897496,0.));
#8182=CARTESIAN_POINT('',(30.166477221804,22.0544353897496,0.));
#8183=CARTESIAN_POINT('',(30.166477221804,22.0544353897496,0.));
#8184=CARTESIAN_POINT('',(30.,15.,0.));
#8185=CARTESIAN_POINT('',(30.166477221804,22.0544353897496,0.));
#8186=CARTESIAN_POINT('',(30.,15.,0.));
#8187=CARTESIAN_POINT('Origin',(30.166477221804,22.0544353897496,0.));
#8188=CARTESIAN_POINT('',(30.,15.,33.));
#8189=CARTESIAN_POINT('',(30.,15.,0.));
#8190=CARTESIAN_POINT('',(30.166477221804,22.0544353897496,33.));
#8191=CARTESIAN_POINT('',(30.166477221804,22.0544353897496,33.));
#8192=CARTESIAN_POINT('',(30.166477221804,22.0544353897496,0.));
#8193=CARTESIAN_POINT('Origin',(30.,15.,0.));
#8194=CARTESIAN_POINT('',(30.,-3.125,0.));
#8195=CARTESIAN_POINT('',(30.,-3.125,0.));
#8196=CARTESIAN_POINT('',(30.,-3.125,0.));
#8197=CARTESIAN_POINT('Origin',(30.,15.,0.));
#8198=CARTESIAN_POINT('',(30.,-3.125,33.));
#8199=CARTESIAN_POINT('',(30.,-3.125,0.));
#8200=CARTESIAN_POINT('',(30.,-3.125,33.));
#8201=CARTESIAN_POINT('Origin',(67.5,0.,0.));
#8202=CARTESIAN_POINT('',(65.5,-2.44929359829471E-16,0.));
#8203=CARTESIAN_POINT('Origin',(-85.0000012665987,34.0000005066395,24.75));
#8204=CARTESIAN_POINT('',(-40.0000012665987,18.1381361052921,24.75));
#8205=CARTESIAN_POINT('',(-40.0000012665987,-10.,24.75));
#8206=CARTESIAN_POINT('',(-50.,15.,24.75));
#8207=CARTESIAN_POINT('Origin',(3.99412365685585,-139.555830424329,24.75));
#8208=CARTESIAN_POINT('',(-50.,-5.,24.75));
#8209=CARTESIAN_POINT('',(-50.,14.5000002533197,24.75));
#8210=CARTESIAN_POINT('',(-40.0000012665987,-4.76562502968591,24.75));
#8211=CARTESIAN_POINT('',(-27.0336125345392,-4.46172529377826,24.75));
#8212=CARTESIAN_POINT('',(-40.0000012665987,-8.98625513420072,24.75));
#8213=CARTESIAN_POINT('',(-40.0000012665987,-10.,24.75));
#8214=CARTESIAN_POINT('',(-60.,-10.,24.75));
#8215=CARTESIAN_POINT('Origin',(-25.,-502.713855848481,24.75));
#8216=CARTESIAN_POINT('Origin',(-67.5,0.,24.75));
#8217=CARTESIAN_POINT('',(-69.5,2.44929359829471E-16,24.75));
#8218=CARTESIAN_POINT('Origin',(-67.5,0.,24.75));
#8219=CARTESIAN_POINT('Origin',(-85.0000012665987,-20.0000002980232,11.0000001639128));
#8220=CARTESIAN_POINT('',(-60.,-10.,11.25));
#8221=CARTESIAN_POINT('',(-75.,-10.,11.25));
#8222=CARTESIAN_POINT('Origin',(-67.5,0.,11.4999998286366));
#8223=CARTESIAN_POINT('',(-85.0000012665987,-10.,11.25));
#8224=CARTESIAN_POINT('Origin',(-40.0000012665987,7.00000010430813,17.8750000819564));
#8225=CARTESIAN_POINT('',(-40.0000012665987,-8.98625513420072,11.2373281975802));
#8226=CARTESIAN_POINT('',(-40.0000012665987,-8.98625513420072,0.));
#8227=CARTESIAN_POINT('',(-40.0000012665987,-4.76562502968591,11.1845703562576));
#8228=CARTESIAN_POINT('',(-40.0000012665987,-4.76562502968591,8.93750004097819));
#8229=CARTESIAN_POINT('',(-40.0000012665987,-10.,11.25));
#8230=CARTESIAN_POINT('Origin',(-40.0000012665987,7.00000010430813,17.8750000819564));
#8231=CARTESIAN_POINT('',(-40.0000012665987,18.1381361052921,11.0000001639128));
#8232=CARTESIAN_POINT('',(-40.0000012665987,34.0000005066395,11.0000001639128));
#8233=CARTESIAN_POINT('',(-40.0000012665987,18.1381361052921,0.));
#8234=CARTESIAN_POINT('Origin',(-85.0000012665987,10.0000001490116,11.0000001639128));
#8235=CARTESIAN_POINT('',(-50.,10.0000001490116,11.0000001639128));
#8236=CARTESIAN_POINT('',(-85.0000012665987,10.0000001490116,11.0000001639128));
#8237=CARTESIAN_POINT('',(-50.,15.,11.0000001639128));
#8238=CARTESIAN_POINT('',(-50.,2.50000007450581,11.0000001639128));
#8239=CARTESIAN_POINT('Origin',(3.99412365685585,-139.555830424329,11.0000001639128));
#8240=CARTESIAN_POINT('Origin',(-85.0000012665987,-10.,11.25));
#8241=CARTESIAN_POINT('Origin',(-67.5,0.,11.1250000828877));
#8242=CARTESIAN_POINT('Origin',(-25.,-502.713855848481,17.4089191141138));
#8243=CARTESIAN_POINT('',(-50.,-5.,11.1875000414439));
#8244=CARTESIAN_POINT('',(-27.5473276378644,-4.47376549151245,11.1809221144496));
#8245=CARTESIAN_POINT('',(-50.,-7.43008909467076,11.2178761349848));
#8246=CARTESIAN_POINT('',(-69.5,-2.52548615025091E-16,11.1250000828877));
#8247=CARTESIAN_POINT('Origin',(-67.5,0.,11.1250000828877));
#8248=CARTESIAN_POINT('Origin',(-67.5,0.,33.));
#8249=CARTESIAN_POINT('',(-60.,-10.,33.));
#8250=CARTESIAN_POINT('',(-60.,-10.,0.));
#8251=CARTESIAN_POINT('Origin',(-67.5,0.,33.));
#8252=CARTESIAN_POINT('Origin',(-67.5,0.,33.));
#8253=CARTESIAN_POINT('',(-60.,-10.,0.));
#8254=CARTESIAN_POINT('Origin',(-67.5,0.,0.));
#8255=CARTESIAN_POINT('',(-60.,-10.,0.));
#8256=CARTESIAN_POINT('Origin',(30.,-3.125,0.));
#8257=CARTESIAN_POINT('',(-50.,-5.,33.));
#8258=CARTESIAN_POINT('',(-50.,-5.,0.));
#8259=CARTESIAN_POINT('',(-50.,-5.,33.));
#8260=CARTESIAN_POINT('',(-50.,-5.,0.));
#8261=CARTESIAN_POINT('',(-50.,-5.,0.));
#8262=CARTESIAN_POINT('',(-50.,-5.,0.));
#8263=CARTESIAN_POINT('Origin',(-50.,-5.,0.));
#8264=CARTESIAN_POINT('',(-50.,15.,33.));
#8265=CARTESIAN_POINT('',(-50.,15.,0.));
#8266=CARTESIAN_POINT('',(-50.,-5.,33.));
#8267=CARTESIAN_POINT('Origin',(-67.5,0.,0.));
#8268=CARTESIAN_POINT('',(-69.5,-2.44929359829471E-16,33.));
#8269=CARTESIAN_POINT('Origin',(-67.5,0.,33.));
#8270=CARTESIAN_POINT('',(-69.5,-2.44929359829471E-16,0.));
#8271=CARTESIAN_POINT('Origin',(2.49999936670065,6.27727991422498,33.));
#8272=CARTESIAN_POINT('Origin',(-25.,-502.713855848481,33.));
#8273=CARTESIAN_POINT('Origin',(3.99412365685585,-139.555830424329,33.));
#8274=CARTESIAN_POINT('',(65.5,0.,33.));
#8275=CARTESIAN_POINT('Origin',(67.5,0.,33.));
#8276=CARTESIAN_POINT('Origin',(2.49999936670065,6.27727991422498,0.));
#8277=CARTESIAN_POINT('Origin',(-25.,-502.713855848481,0.));
#8278=CARTESIAN_POINT('',(-50.,15.,0.));
#8279=CARTESIAN_POINT('Origin',(3.99412365685585,-139.555830424329,0.));
#8280=CARTESIAN_POINT('',(-50.,-5.,0.));
#8281=CARTESIAN_POINT('',(-69.5,-2.44929359829471E-16,0.));
#8282=CARTESIAN_POINT('Origin',(-67.5,0.,0.));
#8283=CARTESIAN_POINT('Origin',(-67.5,0.,0.));
#8284=CARTESIAN_POINT('',(-69.5,-2.44929359829471E-16,0.));
#8285=CARTESIAN_POINT('Origin',(67.5,0.,0.));
#8286=CARTESIAN_POINT('',(65.5,-2.44929359829471E-16,0.));
#8287=CARTESIAN_POINT('Origin',(3.99412365685585,-139.555830424329,0.));
#8288=CARTESIAN_POINT('',(-50.,15.,0.));
#8289=CARTESIAN_POINT('Origin',(-50.,-5.,0.));
#8290=CARTESIAN_POINT('Origin',(-25.,-502.713855848481,0.));
#8291=CARTESIAN_POINT('',(0.,0.,0.));
#8292=CARTESIAN_POINT('Origin',(10.0875785803058,10.8004667725511,0.));
#8293=CARTESIAN_POINT('',(10.0875785803058,10.8004667725511,0.));
#8294=CARTESIAN_POINT('',(10.0875785803058,-10.8004667725511,0.));
#8295=CARTESIAN_POINT('',(10.0875785803058,5.40023338627554,0.));
#8296=CARTESIAN_POINT('',(10.0875785803058,10.8004667725511,7.3));
#8297=CARTESIAN_POINT('',(10.0875785803058,10.8004667725511,0.));
#8298=CARTESIAN_POINT('',(10.0875785803058,-10.8004667725511,7.3));
#8299=CARTESIAN_POINT('',(10.0875785803058,10.8004667725511,7.3));
#8300=CARTESIAN_POINT('',(10.0875785803058,-10.8004667725511,0.));
#8301=CARTESIAN_POINT('Origin',(23.0437892901529,0.,7.3));
#8302=CARTESIAN_POINT('',(28.505318406703,7.49999811430311,7.3));
#8303=CARTESIAN_POINT('',(26.5106113365139,7.85745066980664,7.3));
#8304=CARTESIAN_POINT('',(28.505318406703,-7.49999811430311,7.3));
#8305=CARTESIAN_POINT('Origin',(28.5,0.,7.3));
#8306=CARTESIAN_POINT('',(0.272504561181013,-12.5593331961106,7.3));
#8307=CARTESIAN_POINT('',(26.5,-2.44929359829471E-16,7.3));
#8308=CARTESIAN_POINT('Origin',(28.5,0.,7.3));
#8309=CARTESIAN_POINT('Origin',(-5.,0.,0.));
#8310=CARTESIAN_POINT('',(-23.9708951439627,-16.9037631669111,0.));
#8311=CARTESIAN_POINT('',(-23.9708951439627,-16.9037631669111,0.));
#8312=CARTESIAN_POINT('',(-23.9708951439627,16.9037631669111,0.));
#8313=CARTESIAN_POINT('Origin',(-28.5,0.,0.));
#8314=CARTESIAN_POINT('',(28.505318406703,7.49999811430311,0.));
#8315=CARTESIAN_POINT('',(-30.4555405844417,-0.128192093410841,0.));
#8316=CARTESIAN_POINT('Origin',(-28.4859250784173,0.21910426192302,0.));
#8317=CARTESIAN_POINT('Origin',(-23.9708951439627,-16.9037631669111,0.));
#8318=CARTESIAN_POINT('',(28.505318406703,-7.49999811430311,10.));
#8319=CARTESIAN_POINT('',(28.505318406703,-7.49999811430311,0.));
#8320=CARTESIAN_POINT('',(-23.9708951439627,-16.9037631669111,10.));
#8321=CARTESIAN_POINT('',(-23.9708951439627,-16.9037631669111,10.));
#8322=CARTESIAN_POINT('',(-23.9708951439627,-16.9037631669111,0.));
#8323=CARTESIAN_POINT('Origin',(-28.4859250784173,0.21910426192302,0.));
#8324=CARTESIAN_POINT('',(-30.4555405844417,-0.128192093410841,7.));
#8325=CARTESIAN_POINT('Origin',(-28.4859250784173,0.21910426192302,7.));
#8326=CARTESIAN_POINT('',(-30.4555405844417,-0.128192093410841,0.));
#8327=CARTESIAN_POINT('Origin',(-15.4032272788425,0.0901253481074304,7.));
#8328=CARTESIAN_POINT('',(-27.3437294363932,6.73226858878578,7.));
#8329=CARTESIAN_POINT('',(1.14684922404947,4.20235974043815,7.));
#8330=CARTESIAN_POINT('',(-21.1275884484929,6.18028716800471,7.));
#8331=CARTESIAN_POINT('',(-28.5850739628093,-6.61179123361748,7.));
#8332=CARTESIAN_POINT('Origin',(-28.7740987231911,0.135561553955039,7.));
#8333=CARTESIAN_POINT('',(-28.5850739628093,-6.70531085774018,7.));
#8334=CARTESIAN_POINT('',(-28.5850739628093,-3.30759275481638,7.));
#8335=CARTESIAN_POINT('',(1.08807931649449,-3.94799853674341,7.));
#8336=CARTESIAN_POINT('',(-6.90097445451794,-4.6903637376566,7.));
#8337=CARTESIAN_POINT('',(1.08897463256884,-3.8238338565383,7.));
#8338=CARTESIAN_POINT('',(1.1026563915006,-1.92641319016092,7.));
#8339=CARTESIAN_POINT('',(1.14636964849927,4.13585099952554,7.));
#8340=CARTESIAN_POINT('Origin',(0.717644165505997,0.158893059059966,7.));
#8341=CARTESIAN_POINT('',(1.13159368724092,2.08668360832731,7.));
#8342=CARTESIAN_POINT('Origin',(1.08897463256884,-3.8238338565383,0.));
#8343=CARTESIAN_POINT('',(1.08807931649449,-3.94799853674341,10.));
#8344=CARTESIAN_POINT('',(1.08807931649449,-3.94799853674341,0.));
#8345=CARTESIAN_POINT('',(1.08897463256884,-3.8238338565383,10.));
#8346=CARTESIAN_POINT('',(1.08807931649449,-3.94799853674341,10.));
#8347=CARTESIAN_POINT('',(1.08897463256884,-3.8238338565383,0.));
#8348=CARTESIAN_POINT('Origin',(1.08807931649449,-3.94799853674341,0.));
#8349=CARTESIAN_POINT('',(-28.5850739628093,-6.70531085774018,10.));
#8350=CARTESIAN_POINT('',(-28.5850739628093,-6.70531085774018,0.));
#8351=CARTESIAN_POINT('',(-28.5850739628093,-6.70531085774018,10.));
#8352=CARTESIAN_POINT('Origin',(-28.5850739628093,-6.70531085774018,0.));
#8353=CARTESIAN_POINT('',(-28.5850739628093,-6.61179123361748,10.));
#8354=CARTESIAN_POINT('',(-28.5850739628093,-6.61179123361748,0.));
#8355=CARTESIAN_POINT('',(-28.5850739628093,6.84249760654833,10.));
#8356=CARTESIAN_POINT('Origin',(-28.7740987231911,0.135561553955039,0.));
#8357=CARTESIAN_POINT('',(-27.3437294363932,6.73226858878578,10.));
#8358=CARTESIAN_POINT('',(-27.3437294363932,6.73226858878578,0.));
#8359=CARTESIAN_POINT('Origin',(-28.7740987231911,0.135561553955039,10.));
#8360=CARTESIAN_POINT('Origin',(0.717644165505997,0.158893059059966,0.));
#8361=CARTESIAN_POINT('',(1.14636964849927,4.13585099952554,10.));
#8362=CARTESIAN_POINT('Origin',(0.717644165505997,0.158893059059966,10.));
#8363=CARTESIAN_POINT('',(1.14636964849928,4.13585099952554,0.));
#8364=CARTESIAN_POINT('Origin',(1.14684922404947,4.20235974043815,0.));
#8365=CARTESIAN_POINT('',(1.14684922404947,4.20235974043815,10.));
#8366=CARTESIAN_POINT('',(1.08807931649449,-3.94799853674341,10.));
#8367=CARTESIAN_POINT('',(1.14684922404947,4.20235974043815,0.));
#8368=CARTESIAN_POINT('Origin',(-27.3437294363932,6.73226858878575,0.));
#8369=CARTESIAN_POINT('',(1.14684922404947,4.20235974043815,10.));
#8370=CARTESIAN_POINT('Origin',(28.5,0.,0.));
#8371=CARTESIAN_POINT('',(26.5,-2.44929359829471E-16,10.));
#8372=CARTESIAN_POINT('Origin',(28.5,0.,10.));
#8373=CARTESIAN_POINT('',(26.5,-2.44929359829471E-16,0.));
#8374=CARTESIAN_POINT('Origin',(-28.5,0.,0.));
#8375=CARTESIAN_POINT('',(-23.9708951439627,16.9037631669111,10.));
#8376=CARTESIAN_POINT('Origin',(-28.5,0.,10.));
#8377=CARTESIAN_POINT('',(-23.9708951439627,16.9037631669111,0.));
#8378=CARTESIAN_POINT('Origin',(28.505318406703,7.49999811430311,0.));
#8379=CARTESIAN_POINT('',(28.505318406703,7.49999811430311,10.));
#8380=CARTESIAN_POINT('',(28.505318406703,7.49999811430311,10.));
#8381=CARTESIAN_POINT('',(28.505318406703,7.49999811430311,0.));
#8382=CARTESIAN_POINT('Origin',(28.5,0.,0.));
#8383=CARTESIAN_POINT('Origin',(28.5,0.,10.));
#8384=CARTESIAN_POINT('Origin',(-5.,0.,10.));
#8385=CARTESIAN_POINT('',(0.,0.,0.));
#8386=CARTESIAN_POINT('Origin',(-94.5,-11.,0.));
#8387=CARTESIAN_POINT('',(-85.633279146839,-11.,10.));
#8388=CARTESIAN_POINT('',(-85.633279146839,-11.,3.));
#8389=CARTESIAN_POINT('',(-85.633279146839,-11.,0.));
#8390=CARTESIAN_POINT('',(-98.5128808451675,-11.,3.));
#8391=CARTESIAN_POINT('',(-47.25,-11.,3.));
#8392=CARTESIAN_POINT('',(-98.5128808451675,-11.,10.));
#8393=CARTESIAN_POINT('',(-98.5128808451675,-11.,0.));
#8394=CARTESIAN_POINT('',(-47.25,-11.,10.));
#8395=CARTESIAN_POINT('Origin',(-44.1475417165781,11.1779642817039,0.));
#8396=CARTESIAN_POINT('',(-88.3775644242196,-4.77562884598451,3.));
#8397=CARTESIAN_POINT('',(-88.3775644242196,-4.77562884598452,10.));
#8398=CARTESIAN_POINT('',(-88.3775644242195,-4.77562884598451,0.));
#8399=CARTESIAN_POINT('',(-101.333022670263,-9.44861106456312,10.));
#8400=CARTESIAN_POINT('',(-26.9972767352046,17.3639965917801,10.));
#8401=CARTESIAN_POINT('',(-101.333022670263,-9.44861106456312,3.));
#8402=CARTESIAN_POINT('',(-101.333022670263,-9.44861106456312,0.));
#8403=CARTESIAN_POINT('',(-26.9972767352046,17.3639965917801,3.));
#8404=CARTESIAN_POINT('Origin',(0.,-3.75000000000096,3.));
#8405=CARTESIAN_POINT('',(-79.6730687603844,-24.5184785295799,3.));
#8406=CARTESIAN_POINT('Origin',(-102.,-14.,3.));
#8407=CARTESIAN_POINT('Origin',(-102.,-14.,0.));
#8408=CARTESIAN_POINT('Origin',(-102.,-14.,10.));
#8409=CARTESIAN_POINT('Origin',(0.,-3.75000000000096,10.));
#8410=CARTESIAN_POINT('',(-79.6730687603844,-24.5184785295799,10.));
#8411=CARTESIAN_POINT('Origin',(-84.9734705661068,-12.4965257187115,0.));
#8412=CARTESIAN_POINT('Origin',(-94.5,-11.,0.));
#8413=CARTESIAN_POINT('',(-68.5673240385416,-11.,3.));
#8414=CARTESIAN_POINT('',(-68.5673240385416,-11.,10.));
#8415=CARTESIAN_POINT('',(-68.5673240385416,-11.,0.));
#8416=CARTESIAN_POINT('',(-48.4871191548325,-11.,10.));
#8417=CARTESIAN_POINT('',(-47.25,-11.,10.));
#8418=CARTESIAN_POINT('',(-48.4871191548325,-11.,3.));
#8419=CARTESIAN_POINT('',(-48.4871191548325,-11.,0.));
#8420=CARTESIAN_POINT('',(-47.25,-11.,3.));
#8421=CARTESIAN_POINT('Origin',(-37.5,-11.,0.));
#8422=CARTESIAN_POINT('',(-10.4010224536439,-11.,10.));
#8423=CARTESIAN_POINT('',(-10.4010224536439,-11.,3.));
#8424=CARTESIAN_POINT('',(-10.4010224536439,-11.,0.));
#8425=CARTESIAN_POINT('',(-41.5128808451675,-11.,3.));
#8426=CARTESIAN_POINT('',(-18.75,-11.,3.));
#8427=CARTESIAN_POINT('',(-41.5128808451675,-11.,10.));
#8428=CARTESIAN_POINT('',(-41.5128808451675,-11.,0.));
#8429=CARTESIAN_POINT('',(-18.75,-11.,10.));
#8430=CARTESIAN_POINT('Origin',(-0.582352907154184,-12.9429349242877,0.));
#8431=CARTESIAN_POINT('',(-42.7046993413418,-4.60769382136387,10.));
#8432=CARTESIAN_POINT('',(-1.17743160951796,-12.8251797449278,10.));
#8433=CARTESIAN_POINT('',(-42.7046993413418,-4.60769382136387,3.));
#8434=CARTESIAN_POINT('',(-42.7046993413419,-4.60769382136387,0.));
#8435=CARTESIAN_POINT('',(-1.17743160951796,-12.8251797449278,3.));
#8436=CARTESIAN_POINT('Origin',(0.,-3.75000000000096,10.));
#8437=CARTESIAN_POINT('Origin',(-45.,-14.,10.));
#8438=CARTESIAN_POINT('',(-23.2695074862989,0.195983238970261,10.));
#8439=CARTESIAN_POINT('Origin',(-45.,-14.,0.));
#8440=CARTESIAN_POINT('Origin',(-45.,-14.,3.));
#8441=CARTESIAN_POINT('Origin',(0.,-3.75000000000096,3.));
#8442=CARTESIAN_POINT('',(-23.2695074862989,0.195983238970261,3.));
#8443=CARTESIAN_POINT('Origin',(-44.280169705638,-4.99709315966997,0.));
#8444=CARTESIAN_POINT('Origin',(88.5000000784243,3.74999999999997,9.99999999999998));
#8445=CARTESIAN_POINT('',(78.060185089824,-10.0000001490116,9.99999999999995));
#8446=CARTESIAN_POINT('',(78.060185089824,-10.0000001490116,2.99999999999995));
#8447=CARTESIAN_POINT('',(78.060185089824,-10.0000001490116,4.99999999999997));
#8448=CARTESIAN_POINT('',(75.0231481482827,-14.,9.99999999999995));
#8449=CARTESIAN_POINT('',(88.5000000784243,3.74999999999997,9.99999999999998));
#8450=CARTESIAN_POINT('',(75.0231481482827,-14.,2.99999999999995));
#8451=CARTESIAN_POINT('',(75.0231481482827,-14.,5.00000000000007));
#8452=CARTESIAN_POINT('',(88.5000000784243,3.74999999999997,2.99999999999998));
#8453=CARTESIAN_POINT('Origin',(88.5000000784243,3.74999999999997,9.99999999999998));
#8454=CARTESIAN_POINT('',(85.3710532124623,-0.371051945863588,2.99999999999997));
#8455=CARTESIAN_POINT('',(85.3710532124623,-0.371051945863578,9.99999999999997));
#8456=CARTESIAN_POINT('',(85.3710532124623,-0.371051945863588,4.99999999999999));
#8457=CARTESIAN_POINT('',(88.5000000784243,3.74999999999997,2.99999999999998));
#8458=CARTESIAN_POINT('',(88.5000000784243,3.74999999999997,2.99999999999998));
#8459=CARTESIAN_POINT('',(88.5000000784243,3.74999999999997,9.99999999999998));
#8460=CARTESIAN_POINT('',(88.5000000784243,3.74999999999998,0.));
#8461=CARTESIAN_POINT('',(88.5000000784243,3.74999999999997,9.99999999999998));
#8462=CARTESIAN_POINT('Origin',(90.0000013411045,-10.0000001490116,0.));
#8463=CARTESIAN_POINT('',(90.0000013411045,-10.0000001490116,9.99999999999998));
#8464=CARTESIAN_POINT('',(96.0000006705523,-10.0000001490116,9.99999999999999));
#8465=CARTESIAN_POINT('',(90.0000013411045,-10.0000001490116,2.99999999999998));
#8466=CARTESIAN_POINT('',(89.2500007097644,-10.0000001490116,2.99999999999998));
#8467=CARTESIAN_POINT('',(90.0000013411045,-10.0000001490116,0.));
#8468=CARTESIAN_POINT('',(90.0000013411045,-10.0000001490116,0.));
#8469=CARTESIAN_POINT('',(5.,-10.0000001490116,0.));
#8470=CARTESIAN_POINT('',(5.,-10.0000001490116,0.));
#8471=CARTESIAN_POINT('',(5.,-10.0000001490116,13.));
#8472=CARTESIAN_POINT('',(5.,-10.0000001490116,0.));
#8473=CARTESIAN_POINT('',(90.0000013411045,-10.0000001490116,13.));
#8474=CARTESIAN_POINT('',(5.,-10.0000001490116,13.));
#8475=CARTESIAN_POINT('',(90.0000013411045,-10.0000001490116,0.));
#8476=CARTESIAN_POINT('Origin',(90.0000013411045,-5.00000007450581,0.));
#8477=CARTESIAN_POINT('',(90.0000013411045,-5.00000007450581,2.99999999999998));
#8478=CARTESIAN_POINT('',(90.0000013411045,-0.625000037252915,2.99999999999998));
#8479=CARTESIAN_POINT('',(90.0000013411045,-5.00000007450581,0.));
#8480=CARTESIAN_POINT('',(90.0000013411045,-5.00000007450581,0.));
#8481=CARTESIAN_POINT('',(90.0000013411045,-10.0000001490116,0.));
#8482=CARTESIAN_POINT('Origin',(90.0000013411045,-5.00000007450581,0.));
#8483=CARTESIAN_POINT('',(90.0000013411045,-5.00000007450581,9.99999999999998));
#8484=CARTESIAN_POINT('',(90.0000013411045,-5.75000003725291,9.99999999999998));
#8485=CARTESIAN_POINT('',(90.0000013411045,-5.00000007450581,13.));
#8486=CARTESIAN_POINT('',(90.0000013411045,-10.0000001490116,13.));
#8487=CARTESIAN_POINT('',(90.0000013411045,-5.00000007450581,0.));
#8488=CARTESIAN_POINT('Origin',(-37.5,-14.,0.));
#8489=CARTESIAN_POINT('',(94.5,-14.,3.));
#8490=CARTESIAN_POINT('',(25.5000000392121,-14.,2.99999999999986));
#8491=CARTESIAN_POINT('',(94.5,-14.,10.));
#8492=CARTESIAN_POINT('',(32.25,-14.,9.99999999999987));
#8493=CARTESIAN_POINT('',(94.5,-14.,13.));
#8494=CARTESIAN_POINT('',(94.5,-14.,0.));
#8495=CARTESIAN_POINT('',(-37.5,-14.,13.));
#8496=CARTESIAN_POINT('',(-102.,-14.,13.));
#8497=CARTESIAN_POINT('',(-37.5,-14.,0.));
#8498=CARTESIAN_POINT('',(-37.5,-14.,0.));
#8499=CARTESIAN_POINT('',(94.5,-14.,0.));
#8500=CARTESIAN_POINT('',(-102.,-14.,0.));
#8501=CARTESIAN_POINT('',(94.5,-14.,0.));
#8502=CARTESIAN_POINT('Origin',(0.,-3.75000000000096,10.));
#8503=CARTESIAN_POINT('',(102.,-6.5,10.));
#8504=CARTESIAN_POINT('Origin',(102.,-14.,10.));
#8505=CARTESIAN_POINT('',(90.875000949949,-5.87499968335032,9.99999999999998));
#8506=CARTESIAN_POINT('',(102.,-6.5,10.));
#8507=CARTESIAN_POINT('',(103.6,-14.,10.));
#8508=CARTESIAN_POINT('Origin',(102.,-14.,10.));
#8509=CARTESIAN_POINT('Origin',(102.,-6.5,0.));
#8510=CARTESIAN_POINT('',(88.5000000784243,3.74999999999998,13.));
#8511=CARTESIAN_POINT('',(88.5000000784243,3.74999999999998,0.));
#8512=CARTESIAN_POINT('',(102.,-6.5,13.));
#8513=CARTESIAN_POINT('',(102.,-6.5,13.));
#8514=CARTESIAN_POINT('',(102.,-6.5,0.));
#8515=CARTESIAN_POINT('Origin',(102.,-6.5,0.));
#8516=CARTESIAN_POINT('',(102.,-6.5,3.));
#8517=CARTESIAN_POINT('',(95.2500000392121,-1.37500000000002,2.99999999999999));
#8518=CARTESIAN_POINT('',(102.,-6.5,0.));
#8519=CARTESIAN_POINT('',(102.,-6.5,0.));
#8520=CARTESIAN_POINT('',(88.5000000784243,3.74999999999998,0.));
#8521=CARTESIAN_POINT('',(102.,-6.5,0.));
#8522=CARTESIAN_POINT('',(88.5000000784243,3.74999999999998,0.));
#8523=CARTESIAN_POINT('Origin',(102.,-14.,13.));
#8524=CARTESIAN_POINT('',(103.6,-14.,3.));
#8525=CARTESIAN_POINT('Origin',(102.,-14.,3.));
#8526=CARTESIAN_POINT('',(103.6,-14.,0.));
#8527=CARTESIAN_POINT('',(103.6,-14.,13.));
#8528=CARTESIAN_POINT('Origin',(102.,-14.,0.));
#8529=CARTESIAN_POINT('Origin',(102.,-14.,13.));
#8530=CARTESIAN_POINT('',(103.6,-14.,13.));
#8531=CARTESIAN_POINT('Origin',(102.,-14.,13.));
#8532=CARTESIAN_POINT('',(103.6,-14.,13.));
#8533=CARTESIAN_POINT('Origin',(0.,-3.75000000000096,3.));
#8534=CARTESIAN_POINT('Origin',(102.,-14.,3.));
#8535=CARTESIAN_POINT('',(84.9375009695551,0.0625002970436064,2.99999999999997));
#8536=CARTESIAN_POINT('Origin',(102.,-14.,0.));
#8537=CARTESIAN_POINT('Origin',(102.,-14.,13.));
#8538=CARTESIAN_POINT('Origin',(102.,-14.,0.));
#8539=CARTESIAN_POINT('Origin',(102.,-14.,0.));
#8540=CARTESIAN_POINT('Origin',(-45.,-14.,0.));
#8541=CARTESIAN_POINT('',(-46.6,-14.,13.));
#8542=CARTESIAN_POINT('Origin',(-45.,-14.,13.));
#8543=CARTESIAN_POINT('',(-46.6,-14.,0.));
#8544=CARTESIAN_POINT('',(-46.6,-14.,0.));
#8545=CARTESIAN_POINT('Origin',(-45.,-14.,0.));
#8546=CARTESIAN_POINT('Origin',(-40.,-2.08473254543987,0.));
#8547=CARTESIAN_POINT('',(-40.,-2.08473254543987,0.));
#8548=CARTESIAN_POINT('',(-40.,10.,0.));
#8549=CARTESIAN_POINT('',(-40.,10.,0.));
#8550=CARTESIAN_POINT('',(-40.,10.,13.));
#8551=CARTESIAN_POINT('',(-40.,10.,0.));
#8552=CARTESIAN_POINT('',(-40.,-2.08473254543987,13.));
#8553=CARTESIAN_POINT('',(-40.,10.,13.));
#8554=CARTESIAN_POINT('',(-40.,-2.08473254543987,0.));
#8555=CARTESIAN_POINT('Origin',(-4.44089209850063E-15,-10.0000001490116,
0.));
#8556=CARTESIAN_POINT('',(0.,-10.0000001490116,0.));
#8557=CARTESIAN_POINT('',(-40.,-2.08473254543987,0.));
#8558=CARTESIAN_POINT('',(0.,-10.0000001490116,13.));
#8559=CARTESIAN_POINT('',(-40.,-2.08473254543987,13.));
#8560=CARTESIAN_POINT('',(0.,-10.0000001490116,0.));
#8561=CARTESIAN_POINT('Origin',(0.,5.00000007450581,0.));
#8562=CARTESIAN_POINT('',(0.,5.00000007450581,0.));
#8563=CARTESIAN_POINT('',(0.,-10.0000001490116,0.));
#8564=CARTESIAN_POINT('',(0.,5.00000007450581,13.));
#8565=CARTESIAN_POINT('',(0.,-10.0000001490116,13.));
#8566=CARTESIAN_POINT('',(0.,5.00000007450581,0.));
#8567=CARTESIAN_POINT('Origin',(-40.,10.,0.));
#8568=CARTESIAN_POINT('',(0.,5.00000007450581,0.));
#8569=CARTESIAN_POINT('',(0.,5.00000007450581,13.));
#8570=CARTESIAN_POINT('Origin',(-102.,-14.,0.));
#8571=CARTESIAN_POINT('',(-103.6,-14.,13.));
#8572=CARTESIAN_POINT('Origin',(-102.,-14.,13.));
#8573=CARTESIAN_POINT('',(-103.6,-14.,0.));
#8574=CARTESIAN_POINT('',(-103.6,-14.,0.));
#8575=CARTESIAN_POINT('Origin',(-102.,-14.,0.));
#8576=CARTESIAN_POINT('Origin',(85.0000012665987,0.,0.));
#8577=CARTESIAN_POINT('',(85.0000012665987,0.,13.));
#8578=CARTESIAN_POINT('',(90.0000013411045,-5.00000007450581,13.));
#8579=CARTESIAN_POINT('',(85.0000012665987,0.,0.));
#8580=CARTESIAN_POINT('',(85.0000012665987,0.,0.));
#8581=CARTESIAN_POINT('',(90.0000013411045,-5.00000007450581,0.));
#8582=CARTESIAN_POINT('Origin',(5.,5.,0.));
#8583=CARTESIAN_POINT('',(5.,5.,0.));
#8584=CARTESIAN_POINT('',(85.0000012665987,0.,0.));
#8585=CARTESIAN_POINT('',(5.,5.,13.));
#8586=CARTESIAN_POINT('',(85.0000012665987,0.,13.));
#8587=CARTESIAN_POINT('',(5.,5.,0.));
#8588=CARTESIAN_POINT('Origin',(5.,-10.0000001490116,0.));
#8589=CARTESIAN_POINT('',(5.,5.,0.));
#8590=CARTESIAN_POINT('',(5.,5.,13.));
#8591=CARTESIAN_POINT('Origin',(-82.2284304611286,-11.2862551613314,0.));
#8592=CARTESIAN_POINT('',(-82.2284304611286,-11.2862551613314,0.));
#8593=CARTESIAN_POINT('',(-85.,-5.,0.));
#8594=CARTESIAN_POINT('',(-85.,-5.,0.));
#8595=CARTESIAN_POINT('',(-85.,-5.,13.));
#8596=CARTESIAN_POINT('',(-85.,-5.,0.));
#8597=CARTESIAN_POINT('',(-82.2284304611286,-11.2862551613314,13.));
#8598=CARTESIAN_POINT('',(-85.,-5.,13.));
#8599=CARTESIAN_POINT('',(-82.2284304611286,-11.2862551613314,0.));
#8600=CARTESIAN_POINT('Origin',(-45.,-2.08473254543987,0.));
#8601=CARTESIAN_POINT('',(-45.,-2.08473254543987,0.));
#8602=CARTESIAN_POINT('',(-45.,-2.08473254543987,0.));
#8603=CARTESIAN_POINT('',(-45.,-2.08473254543987,13.));
#8604=CARTESIAN_POINT('',(-45.,-2.08473254543987,13.));
#8605=CARTESIAN_POINT('',(-45.,-2.08473254543987,0.));
#8606=CARTESIAN_POINT('Origin',(-45.,10.,0.));
#8607=CARTESIAN_POINT('',(-45.,10.,0.));
#8608=CARTESIAN_POINT('',(-45.,10.,0.));
#8609=CARTESIAN_POINT('',(-45.,10.,13.));
#8610=CARTESIAN_POINT('',(-45.,10.,13.));
#8611=CARTESIAN_POINT('',(-45.,10.,0.));
#8612=CARTESIAN_POINT('Origin',(-85.,-5.,0.));
#8613=CARTESIAN_POINT('',(-85.,-5.,0.));
#8614=CARTESIAN_POINT('',(-85.,-5.,13.));
#8615=CARTESIAN_POINT('Origin',(-45.1654387667121,13.9999999999981,0.));
#8616=CARTESIAN_POINT('',(-102.,-6.5,0.));
#8617=CARTESIAN_POINT('',(-45.1654387667121,13.9999999999981,0.));
#8618=CARTESIAN_POINT('',(-102.,-6.5,0.));
#8619=CARTESIAN_POINT('',(-102.,-6.5,13.));
#8620=CARTESIAN_POINT('',(-102.,-6.5,0.));
#8621=CARTESIAN_POINT('',(-45.1654387667121,13.9999999999981,13.));
#8622=CARTESIAN_POINT('',(-102.,-6.5,13.));
#8623=CARTESIAN_POINT('',(-45.1654387667121,13.9999999999981,0.));
#8624=CARTESIAN_POINT('Origin',(88.5000000784243,3.74999999999998,0.));
#8625=CARTESIAN_POINT('',(-45.1654387667121,13.9999999999981,0.));
#8626=CARTESIAN_POINT('',(-45.1654387667121,13.9999999999981,13.));
#8627=CARTESIAN_POINT('Origin',(-45.,-14.,0.));
#8628=CARTESIAN_POINT('',(-52.5,-14.,0.));
#8629=CARTESIAN_POINT('Origin',(-45.,-14.,0.));
#8630=CARTESIAN_POINT('',(-52.5,-14.,13.));
#8631=CARTESIAN_POINT('Origin',(-45.,-14.,13.));
#8632=CARTESIAN_POINT('',(-52.5,-14.,0.));
#8633=CARTESIAN_POINT('Origin',(-94.5,-14.,0.));
#8634=CARTESIAN_POINT('',(-94.5,-14.,0.));
#8635=CARTESIAN_POINT('',(-102.,-14.,0.));
#8636=CARTESIAN_POINT('',(-94.5,-14.,13.));
#8637=CARTESIAN_POINT('',(-102.,-14.,13.));
#8638=CARTESIAN_POINT('',(-94.5,-14.,0.));
#8639=CARTESIAN_POINT('Origin',(-102.,-14.,0.));
#8640=CARTESIAN_POINT('Origin',(-102.,-14.,0.));
#8641=CARTESIAN_POINT('Origin',(-102.,-14.,13.));
#8642=CARTESIAN_POINT('Origin',(0.,-3.75000000000096,13.));
#8643=CARTESIAN_POINT('Origin',(0.,-3.75000000000096,0.));
#8644=CARTESIAN_POINT('',(0.,0.,0.));
#8645=CARTESIAN_POINT('Origin',(67.5,0.,19.));
#8646=CARTESIAN_POINT('',(62.5,-6.12323399573677E-16,19.));
#8647=CARTESIAN_POINT('Origin',(67.5,0.,19.));
#8648=CARTESIAN_POINT('',(65.9,-1.95943487863577E-16,19.));
#8649=CARTESIAN_POINT('Origin',(67.5,0.,19.));
#8650=CARTESIAN_POINT('Origin',(0.,0.,0.));
#8651=CARTESIAN_POINT('',(67.4999995943958,-4.99999999999998,0.));
#8652=CARTESIAN_POINT('',(67.4999995943958,4.99999999999998,0.));
#8653=CARTESIAN_POINT('Origin',(67.5,0.,0.));
#8654=CARTESIAN_POINT('',(-67.4895355591364,-4.99998904953575,0.));
#8655=CARTESIAN_POINT('',(-67.4895355591364,-4.99998904953575,0.));
#8656=CARTESIAN_POINT('',(-67.4895355591364,4.99998904953575,0.));
#8657=CARTESIAN_POINT('Origin',(-67.5,0.,0.));
#8658=CARTESIAN_POINT('',(-67.4895355591364,4.99998904953575,0.));
#8659=CARTESIAN_POINT('',(65.9,-1.95943487863577E-16,0.));
#8660=CARTESIAN_POINT('Origin',(67.5,0.,0.));
#8661=CARTESIAN_POINT('',(-69.1,-1.95943487863577E-16,0.));
#8662=CARTESIAN_POINT('Origin',(-67.5,0.,0.));
#8663=CARTESIAN_POINT('Origin',(-67.5,0.,0.));
#8664=CARTESIAN_POINT('',(-69.1,-1.95943487863577E-16,5.));
#8665=CARTESIAN_POINT('Origin',(-67.5,0.,5.));
#8666=CARTESIAN_POINT('',(-69.1,-1.95943487863577E-16,0.));
#8667=CARTESIAN_POINT('Origin',(67.5,0.,0.));
#8668=CARTESIAN_POINT('',(65.9,-1.95943487863577E-16,0.));
#8669=CARTESIAN_POINT('Origin',(67.4999995943958,4.99999999999998,0.));
#8670=CARTESIAN_POINT('',(-67.4895355591364,4.99998904953575,5.));
#8671=CARTESIAN_POINT('',(-67.4895355591364,4.99998904953575,0.));
#8672=CARTESIAN_POINT('',(67.4999995943958,4.99999999999998,5.));
#8673=CARTESIAN_POINT('',(-67.4895355591364,4.99998904953575,5.));
#8674=CARTESIAN_POINT('',(67.4999995943958,4.99999999999998,0.));
#8675=CARTESIAN_POINT('Origin',(67.5,0.,0.));
#8676=CARTESIAN_POINT('',(62.5,-6.12323399573677E-16,5.));
#8677=CARTESIAN_POINT('',(62.5,-6.12323399573677E-16,0.));
#8678=CARTESIAN_POINT('',(67.4999995943958,-4.99999999999998,5.));
#8679=CARTESIAN_POINT('Origin',(67.5,0.,5.));
#8680=CARTESIAN_POINT('',(67.4999995943958,-4.99999999999998,0.));
#8681=CARTESIAN_POINT('Origin',(67.5,0.,5.));
#8682=CARTESIAN_POINT('Origin',(-67.4895355591364,-4.99998904953575,0.));
#8683=CARTESIAN_POINT('',(-67.4895355591364,-4.99998904953575,5.));
#8684=CARTESIAN_POINT('',(-67.4895355591364,-4.99998904953575,5.));
#8685=CARTESIAN_POINT('',(-67.4895355591364,-4.99998904953575,0.));
#8686=CARTESIAN_POINT('Origin',(-67.5,0.,0.));
#8687=CARTESIAN_POINT('Origin',(-67.5,0.,5.));
#8688=CARTESIAN_POINT('Origin',(0.,0.,5.));
#8689=CARTESIAN_POINT('',(0.,0.,0.));
#8690=CARTESIAN_POINT('Origin',(67.5,-25.,-7.679));
#8691=CARTESIAN_POINT('',(62.5,-25.,-7.679));
#8692=CARTESIAN_POINT('Origin',(67.5,-25.,-7.679));
#8693=CARTESIAN_POINT('',(65.9,-25.,-7.679));
#8694=CARTESIAN_POINT('Origin',(67.5,-25.,-7.679));
#8695=CARTESIAN_POINT('Origin',(0.,-17.5,0.));
#8696=CARTESIAN_POINT('',(67.5,-20.,0.));
#8697=CARTESIAN_POINT('',(62.5,-25.,0.));
#8698=CARTESIAN_POINT('Origin',(67.5,-25.,0.));
#8699=CARTESIAN_POINT('',(50.,-10.,0.));
#8700=CARTESIAN_POINT('',(62.5,-25.,0.));
#8701=CARTESIAN_POINT('',(-50.,-10.,0.));
#8702=CARTESIAN_POINT('',(50.,-10.,0.));
#8703=CARTESIAN_POINT('',(-62.5,-25.,0.));
#8704=CARTESIAN_POINT('',(-50.,-10.,0.));
#8705=CARTESIAN_POINT('',(-67.5,-20.,0.));
#8706=CARTESIAN_POINT('Origin',(-67.5,-25.,0.));
#8707=CARTESIAN_POINT('',(-55.,-5.,0.));
#8708=CARTESIAN_POINT('',(-67.5,-20.,0.));
#8709=CARTESIAN_POINT('',(55.,-5.,0.));
#8710=CARTESIAN_POINT('',(-55.,-5.,0.));
#8711=CARTESIAN_POINT('',(55.,-5.,0.));
#8712=CARTESIAN_POINT('',(-69.1,-25.,0.));
#8713=CARTESIAN_POINT('Origin',(-67.5,-25.,0.));
#8714=CARTESIAN_POINT('Origin',(-67.5,-25.,0.));
#8715=CARTESIAN_POINT('',(-69.1,-25.,5.));
#8716=CARTESIAN_POINT('Origin',(-67.5,-25.,5.));
#8717=CARTESIAN_POINT('',(-69.1,-25.,0.));
#8718=CARTESIAN_POINT('Origin',(67.5,-25.,0.));
#8719=CARTESIAN_POINT('',(65.9,-25.,5.));
#8720=CARTESIAN_POINT('Origin',(67.5,-25.,5.));
#8721=CARTESIAN_POINT('',(65.9,-25.,0.));
#8722=CARTESIAN_POINT('Origin',(-55.,-5.,0.));
#8723=CARTESIAN_POINT('',(-67.5,-20.,5.));
#8724=CARTESIAN_POINT('',(-67.5,-20.,0.));
#8725=CARTESIAN_POINT('',(-55.,-5.,5.));
#8726=CARTESIAN_POINT('',(-67.5,-20.,5.));
#8727=CARTESIAN_POINT('',(-55.,-5.,0.));
#8728=CARTESIAN_POINT('Origin',(55.,-5.,0.));
#8729=CARTESIAN_POINT('',(55.,-5.,5.));
#8730=CARTESIAN_POINT('',(-55.,-5.,5.));
#8731=CARTESIAN_POINT('',(55.,-5.,0.));
#8732=CARTESIAN_POINT('Origin',(67.5,-20.,0.));
#8733=CARTESIAN_POINT('',(67.5,-20.,5.));
#8734=CARTESIAN_POINT('',(55.,-5.,5.));
#8735=CARTESIAN_POINT('',(67.5,-20.,0.));
#8736=CARTESIAN_POINT('Origin',(67.5,-25.,0.));
#8737=CARTESIAN_POINT('',(62.5,-25.,5.));
#8738=CARTESIAN_POINT('Origin',(67.5,-25.,5.));
#8739=CARTESIAN_POINT('',(62.5,-25.,0.));
#8740=CARTESIAN_POINT('',(62.5,-25.,0.));
#8741=CARTESIAN_POINT('Origin',(50.,-10.,0.));
#8742=CARTESIAN_POINT('',(50.,-10.,5.));
#8743=CARTESIAN_POINT('',(62.5,-25.,5.));
#8744=CARTESIAN_POINT('',(50.,-10.,0.));
#8745=CARTESIAN_POINT('Origin',(-50.,-10.,0.));
#8746=CARTESIAN_POINT('',(-50.,-10.,5.));
#8747=CARTESIAN_POINT('',(50.,-10.,5.));
#8748=CARTESIAN_POINT('',(-50.,-10.,0.));
#8749=CARTESIAN_POINT('Origin',(-62.5,-25.,0.));
#8750=CARTESIAN_POINT('',(-62.5,-25.,5.));
#8751=CARTESIAN_POINT('',(-50.,-10.,5.));
#8752=CARTESIAN_POINT('',(-62.5,-25.,0.));
#8753=CARTESIAN_POINT('Origin',(-67.5,-25.,0.));
#8754=CARTESIAN_POINT('Origin',(-67.5,-25.,5.));
#8755=CARTESIAN_POINT('Origin',(0.,-17.5,5.));
#8756=CARTESIAN_POINT('',(0.,0.,0.));
#8757=CARTESIAN_POINT('Origin',(24.9995626852409,-3.99944860158752,0.));
#8758=CARTESIAN_POINT('',(24.9995626852409,-3.99944860158752,0.));
#8759=CARTESIAN_POINT('',(-0.0454672217486074,-19.3073711830973,0.));
#8760=CARTESIAN_POINT('',(-0.0454672217486082,-19.3073711830973,0.));
#8761=CARTESIAN_POINT('',(-0.0454672217486074,-19.3073711830973,5.));
#8762=CARTESIAN_POINT('',(-0.0454672217486074,-19.3073711830973,0.));
#8763=CARTESIAN_POINT('',(24.9995626852409,-3.99944860158752,5.));
#8764=CARTESIAN_POINT('',(-0.0454672217486082,-19.3073711830973,5.));
#8765=CARTESIAN_POINT('',(24.9995626852409,-3.99944860158752,0.));
#8766=CARTESIAN_POINT('Origin',(-22.9994083034946,-3.99944860158752,0.));
#8767=CARTESIAN_POINT('',(-22.9994083034946,-3.99944860158752,0.));
#8768=CARTESIAN_POINT('',(24.9995626852409,-3.99944860158752,0.));
#8769=CARTESIAN_POINT('',(-22.9994083034946,-3.99944860158752,5.));
#8770=CARTESIAN_POINT('',(24.9995626852409,-3.99944860158752,5.));
#8771=CARTESIAN_POINT('',(-22.9994083034946,-3.99944860158752,0.));
#8772=CARTESIAN_POINT('Origin',(-0.0454672217486074,-19.3073711830973,0.));
#8773=CARTESIAN_POINT('',(-22.9994083034946,-3.99944860158752,0.));
#8774=CARTESIAN_POINT('',(-22.9994083034946,-3.99944860158752,5.));
#8775=CARTESIAN_POINT('Origin',(35.5,0.,0.));
#8776=CARTESIAN_POINT('',(34.,-1.83697019872103E-16,5.));
#8777=CARTESIAN_POINT('Origin',(35.5,0.,5.));
#8778=CARTESIAN_POINT('',(34.,-1.83697019872103E-16,0.));
#8779=CARTESIAN_POINT('',(34.,-1.83697019872103E-16,0.));
#8780=CARTESIAN_POINT('Origin',(35.5,0.,0.));
#8781=CARTESIAN_POINT('Origin',(-0.029548380187654,-24.3073458420814,0.));
#8782=CARTESIAN_POINT('',(-1.52954838018765,-24.3073458420814,5.));
#8783=CARTESIAN_POINT('Origin',(-0.029548380187654,-24.3073458420814,5.));
#8784=CARTESIAN_POINT('',(-1.52954838018765,-24.3073458420814,0.));
#8785=CARTESIAN_POINT('',(-1.52954838018765,-24.3073458420814,0.));
#8786=CARTESIAN_POINT('Origin',(-0.029548380187654,-24.3073458420814,0.));
#8787=CARTESIAN_POINT('Origin',(-35.5,0.,0.));
#8788=CARTESIAN_POINT('',(-37.,-1.83697019872103E-16,5.));
#8789=CARTESIAN_POINT('Origin',(-35.5,0.,5.));
#8790=CARTESIAN_POINT('',(-37.,-1.83697019872103E-16,0.));
#8791=CARTESIAN_POINT('',(-37.,-1.83697019872103E-16,0.));
#8792=CARTESIAN_POINT('Origin',(-35.5,0.,0.));
#8793=CARTESIAN_POINT('Origin',(31.5,0.,0.));
#8794=CARTESIAN_POINT('',(-31.5,0.,0.));
#8795=CARTESIAN_POINT('',(31.5,4.89858719658941E-16,0.));
#8796=CARTESIAN_POINT('',(-35.5,0.,0.));
#8797=CARTESIAN_POINT('',(-31.5,0.,5.));
#8798=CARTESIAN_POINT('',(-31.5,0.,0.));
#8799=CARTESIAN_POINT('',(31.5,4.89858719658941E-16,5.));
#8800=CARTESIAN_POINT('',(-35.5,0.,5.));
#8801=CARTESIAN_POINT('',(31.5,4.89858719658941E-16,0.));
#8802=CARTESIAN_POINT('Origin',(35.5,0.,0.));
#8803=CARTESIAN_POINT('',(32.1986694055273,-2.25858723674744,0.));
#8804=CARTESIAN_POINT('Origin',(35.5,0.,0.));
#8805=CARTESIAN_POINT('',(32.1986694055273,-2.25858723674744,5.));
#8806=CARTESIAN_POINT('Origin',(35.5,0.,5.));
#8807=CARTESIAN_POINT('',(32.1986694055273,-2.25858723674744,0.));
#8808=CARTESIAN_POINT('Origin',(4.09711486290324,-21.4841117961471,0.));
#8809=CARTESIAN_POINT('',(4.09711486290324,-21.4841117961471,0.));
#8810=CARTESIAN_POINT('',(-0.029548380187654,-24.3073458420814,0.));
#8811=CARTESIAN_POINT('',(4.09711486290324,-21.4841117961471,5.));
#8812=CARTESIAN_POINT('',(-0.029548380187654,-24.3073458420814,5.));
#8813=CARTESIAN_POINT('',(4.09711486290324,-21.4841117961471,0.));
#8814=CARTESIAN_POINT('Origin',(-0.029548380187654,-24.3073458420814,0.));
#8815=CARTESIAN_POINT('',(-4.15401949877049,-21.4809102790487,0.));
#8816=CARTESIAN_POINT('Origin',(-0.029548380187654,-24.3073458420814,0.));
#8817=CARTESIAN_POINT('',(-4.15401949877049,-21.4809102790487,5.));
#8818=CARTESIAN_POINT('Origin',(-0.029548380187654,-24.3073458420814,5.));
#8819=CARTESIAN_POINT('',(-4.15401949877049,-21.4809102790487,0.));
#8820=CARTESIAN_POINT('Origin',(-32.2004231051337,-2.26114845042617,0.));
#8821=CARTESIAN_POINT('',(-32.2004231051337,-2.26114845042617,0.));
#8822=CARTESIAN_POINT('',(-35.5,0.,0.));
#8823=CARTESIAN_POINT('',(-32.2004231051337,-2.26114845042617,5.));
#8824=CARTESIAN_POINT('',(-35.5,0.,5.));
#8825=CARTESIAN_POINT('',(-32.2004231051337,-2.26114845042617,0.));
#8826=CARTESIAN_POINT('Origin',(-35.5,0.,0.));
#8827=CARTESIAN_POINT('Origin',(-35.5,0.,0.));
#8828=CARTESIAN_POINT('Origin',(-35.5,0.,5.));
#8829=CARTESIAN_POINT('Origin',(0.,-12.6536729210407,5.));
#8830=CARTESIAN_POINT('Origin',(0.,-12.6536729210407,0.));
#8831=CARTESIAN_POINT('',(0.,0.,0.));
#8832=CARTESIAN_POINT('',(0.,0.,0.));
#8833=CARTESIAN_POINT('Origin',(-11.0000001639128,-5.00000007450581,6.5));
#8834=CARTESIAN_POINT('',(-9.45000016391277,-5.00000007450581,6.5));
#8835=CARTESIAN_POINT('Origin',(-11.0000001639128,-5.00000007450581,6.5));
#8836=CARTESIAN_POINT('',(-9.45000016391277,-5.00000007450581,0.));
#8837=CARTESIAN_POINT('',(-9.45000016391277,-5.00000007450581,6.5));
#8838=CARTESIAN_POINT('Origin',(-11.0000001639128,-5.00000007450581,0.));
#8839=CARTESIAN_POINT('Origin',(-11.0000001639128,-15.0000002235174,6.5));
#8840=CARTESIAN_POINT('',(-9.50000016391277,-15.0000002235174,6.5));
#8841=CARTESIAN_POINT('Origin',(-11.0000001639128,-15.0000002235174,6.5));
#8842=CARTESIAN_POINT('',(-9.50000016391277,-15.0000002235174,0.));
#8843=CARTESIAN_POINT('',(-9.50000016391277,-15.0000002235174,6.5));
#8844=CARTESIAN_POINT('Origin',(-11.0000001639128,-15.0000002235174,0.));
#8845=CARTESIAN_POINT('Origin',(-11.6216841039655,-27.9030589732584,0.));
#8846=CARTESIAN_POINT('',(-13.2216841039655,-27.9030589732584,6.5));
#8847=CARTESIAN_POINT('Origin',(-11.6216841039655,-27.9030589732584,6.5));
#8848=CARTESIAN_POINT('',(-13.2216841039655,-27.9030589732584,0.));
#8849=CARTESIAN_POINT('',(-13.2216841039655,-27.9030589732584,0.));
#8850=CARTESIAN_POINT('Origin',(-11.6216841039655,-27.9030589732584,0.));
#8851=CARTESIAN_POINT('Origin',(21.75,0.,0.));
#8852=CARTESIAN_POINT('',(20.15,-1.95943487863577E-16,6.5));
#8853=CARTESIAN_POINT('Origin',(21.75,0.,6.5));
#8854=CARTESIAN_POINT('',(20.15,-1.95943487863577E-16,0.));
#8855=CARTESIAN_POINT('',(20.15,-1.95943487863577E-16,0.));
#8856=CARTESIAN_POINT('Origin',(21.75,0.,0.));
#8857=CARTESIAN_POINT('Origin',(-8.30479764391118,-31.6444843982947,0.));
#8858=CARTESIAN_POINT('',(21.75,-5.,0.));
#8859=CARTESIAN_POINT('',(-8.30479764391118,-31.6444843982947,0.));
#8860=CARTESIAN_POINT('',(21.75,-5.,0.));
#8861=CARTESIAN_POINT('',(21.75,-5.,6.5));
#8862=CARTESIAN_POINT('',(21.75,-5.,0.));
#8863=CARTESIAN_POINT('',(-8.30479764391118,-31.6444843982947,6.5));
#8864=CARTESIAN_POINT('',(21.75,-5.,6.5));
#8865=CARTESIAN_POINT('',(-8.30479764391118,-31.6444843982947,0.));
#8866=CARTESIAN_POINT('Origin',(-11.6216841039655,-27.9030589732584,0.));
#8867=CARTESIAN_POINT('',(-16.0000002384186,-25.4884476532343,0.));
#8868=CARTESIAN_POINT('Origin',(-11.6216841039655,-27.9030589732584,0.));
#8869=CARTESIAN_POINT('',(-16.0000002384186,-25.4884476532343,6.5));
#8870=CARTESIAN_POINT('Origin',(-11.6216841039655,-27.9030589732584,6.5));
#8871=CARTESIAN_POINT('',(-16.0000002384186,-25.4884476532343,0.));
#8872=CARTESIAN_POINT('Origin',(-16.0000002384186,5.00000007450581,0.));
#8873=CARTESIAN_POINT('',(-16.0000002384186,5.00000007450581,0.));
#8874=CARTESIAN_POINT('',(-16.0000002384186,5.00000007450581,0.));
#8875=CARTESIAN_POINT('',(-16.0000002384186,5.00000007450581,6.5));
#8876=CARTESIAN_POINT('',(-16.0000002384186,5.00000007450581,6.5));
#8877=CARTESIAN_POINT('',(-16.0000002384186,5.00000007450581,0.));
#8878=CARTESIAN_POINT('Origin',(21.75,5.00000007450581,0.));
#8879=CARTESIAN_POINT('',(21.75,5.00000007450581,0.));
#8880=CARTESIAN_POINT('',(21.75,5.00000007450581,0.));
#8881=CARTESIAN_POINT('',(21.75,5.00000007450581,6.5));
#8882=CARTESIAN_POINT('',(21.75,5.00000007450581,6.5));
#8883=CARTESIAN_POINT('',(21.75,5.00000007450581,0.));
#8884=CARTESIAN_POINT('Origin',(21.75,0.,0.));
#8885=CARTESIAN_POINT('Origin',(21.75,0.,0.));
#8886=CARTESIAN_POINT('Origin',(21.75,0.,6.5));
#8887=CARTESIAN_POINT('Origin',(5.06415794801723,-13.9515294493763,6.5));
#8888=CARTESIAN_POINT('Origin',(5.06415794801723,-13.9515294493763,0.));
#8889=CARTESIAN_POINT('',(0.,0.,0.));
#8890=CARTESIAN_POINT('',(0.,0.,0.));
#8891=CARTESIAN_POINT('Origin',(-73.5,0.,24.75));
#8892=CARTESIAN_POINT('',(-76.,-3.06161699786838E-16,24.75));
#8893=CARTESIAN_POINT('Origin',(-73.5,0.,24.75));
#8894=CARTESIAN_POINT('',(-75.1,-1.95943487863577E-16,24.75));
#8895=CARTESIAN_POINT('Origin',(-73.5,0.,24.75));
#8896=CARTESIAN_POINT('Origin',(3.47197124384024E-7,0.,5.));
#8897=CARTESIAN_POINT('',(-73.5,2.5,5.));
#8898=CARTESIAN_POINT('',(-73.5,-2.5,5.));
#8899=CARTESIAN_POINT('Origin',(-73.5,0.,5.));
#8900=CARTESIAN_POINT('',(73.5,-2.50000069439426,5.));
#8901=CARTESIAN_POINT('',(73.5,-2.5,5.));
#8902=CARTESIAN_POINT('',(73.5,2.50000069439426,5.));
#8903=CARTESIAN_POINT('Origin',(73.5,0.,5.));
#8904=CARTESIAN_POINT('',(-73.5,2.5,5.));
#8905=CARTESIAN_POINT('',(71.9,-1.95943487863577E-16,5.));
#8906=CARTESIAN_POINT('Origin',(73.5,0.,5.));
#8907=CARTESIAN_POINT('Origin',(73.5,0.,0.));
#8908=CARTESIAN_POINT('',(71.9,-1.95943487863577E-16,0.));
#8909=CARTESIAN_POINT('',(71.9,-1.95943487863577E-16,0.));
#8910=CARTESIAN_POINT('Origin',(73.5,0.,0.));
#8911=CARTESIAN_POINT('Origin',(-73.5,0.,0.));
#8912=CARTESIAN_POINT('',(-75.1,-1.95943487863577E-16,0.));
#8913=CARTESIAN_POINT('',(-75.1,-1.95943487863577E-16,0.));
#8914=CARTESIAN_POINT('Origin',(-73.5,0.,0.));
#8915=CARTESIAN_POINT('Origin',(-73.5,-2.5,0.));
#8916=CARTESIAN_POINT('',(73.5,-2.50000069439426,0.));
#8917=CARTESIAN_POINT('',(-73.5,-2.5,0.));
#8918=CARTESIAN_POINT('',(73.5,-2.5,0.));
#8919=CARTESIAN_POINT('',(73.5,-2.50000069439426,0.));
#8920=CARTESIAN_POINT('',(-73.5,-2.5,0.));
#8921=CARTESIAN_POINT('Origin',(-73.5,0.,0.));
#8922=CARTESIAN_POINT('',(-76.,-3.06161699786838E-16,0.));
#8923=CARTESIAN_POINT('',(-76.,-3.06161699786838E-16,0.));
#8924=CARTESIAN_POINT('Origin',(-73.5,0.,0.));
#8925=CARTESIAN_POINT('',(-73.5,2.5,0.));
#8926=CARTESIAN_POINT('',(-73.5,2.5,0.));
#8927=CARTESIAN_POINT('Origin',(-73.5,0.,0.));
#8928=CARTESIAN_POINT('Origin',(73.5,2.5,0.));
#8929=CARTESIAN_POINT('',(73.5,2.50000069439426,0.));
#8930=CARTESIAN_POINT('',(-73.5,2.5,0.));
#8931=CARTESIAN_POINT('',(73.5,2.50000069439426,0.));
#8932=CARTESIAN_POINT('Origin',(73.5,0.,0.));
#8933=CARTESIAN_POINT('Origin',(73.5,0.,0.));
#8934=CARTESIAN_POINT('Origin',(3.47197124384024E-7,0.,0.));
#8935=CARTESIAN_POINT('',(0.,0.,0.));
#8936=CARTESIAN_POINT('',(20.0864345994206,-22.0533764495868,40.700727686599));
#8937=CARTESIAN_POINT('',(-20.0862484028066,22.0542865922287,40.7007276866091));
#8938=CARTESIAN_POINT('',(19.75,-2.80085710466573,110.941865980346));
#8939=CARTESIAN_POINT('',(-16.6999069017026,-28.485470007091,43.180895738087));
#8940=CARTESIAN_POINT('',(-4.99990690170252,39.3190622165212,192.635883616808));
#8941=CARTESIAN_POINT('',(-23.9999069017026,-59.7931439026265,110.622477624163));
#8942=CARTESIAN_POINT('',(32.4288580336404,-65.7465809816338,129.223599247632));
#8943=CARTESIAN_POINT('',(24.7498580336404,-8.80627255833631,202.478932925699));
#8944=CARTESIAN_POINT('',(-1.4999069017025,163.120593151091,180.258587243787));
#8945=CARTESIAN_POINT('',(29.7498580336405,99.8853217797779,207.903328320264));
#8946=UNCERTAINTY_MEASURE_WITH_UNIT(LENGTH_MEASURE(0.01),#8972,
'DISTANCE_ACCURACY_VALUE',
'Maximum model space distance between geometric entities at asserted c
onnectivities');
#8947=UNCERTAINTY_MEASURE_WITH_UNIT(LENGTH_MEASURE(0.01),#8972,
'DISTANCE_ACCURACY_VALUE',
'Maximum model space distance between geometric entities at asserted c
onnectivities');
#8948=UNCERTAINTY_MEASURE_WITH_UNIT(LENGTH_MEASURE(0.01),#8972,
'DISTANCE_ACCURACY_VALUE',
'Maximum model space distance between geometric entities at asserted c
onnectivities');
#8949=UNCERTAINTY_MEASURE_WITH_UNIT(LENGTH_MEASURE(0.01),#8972,
'DISTANCE_ACCURACY_VALUE',
'Maximum model space distance between geometric entities at asserted c
onnectivities');
#8950=UNCERTAINTY_MEASURE_WITH_UNIT(LENGTH_MEASURE(0.01),#8972,
'DISTANCE_ACCURACY_VALUE',
'Maximum model space distance between geometric entities at asserted c
onnectivities');
#8951=UNCERTAINTY_MEASURE_WITH_UNIT(LENGTH_MEASURE(0.01),#8972,
'DISTANCE_ACCURACY_VALUE',
'Maximum model space distance between geometric entities at asserted c
onnectivities');
#8952=UNCERTAINTY_MEASURE_WITH_UNIT(LENGTH_MEASURE(0.01),#8972,
'DISTANCE_ACCURACY_VALUE',
'Maximum model space distance between geometric entities at asserted c
onnectivities');
#8953=UNCERTAINTY_MEASURE_WITH_UNIT(LENGTH_MEASURE(0.01),#8972,
'DISTANCE_ACCURACY_VALUE',
'Maximum model space distance between geometric entities at asserted c
onnectivities');
#8954=UNCERTAINTY_MEASURE_WITH_UNIT(LENGTH_MEASURE(0.01),#8972,
'DISTANCE_ACCURACY_VALUE',
'Maximum model space distance between geometric entities at asserted c
onnectivities');
#8955=UNCERTAINTY_MEASURE_WITH_UNIT(LENGTH_MEASURE(0.01),#8972,
'DISTANCE_ACCURACY_VALUE',
'Maximum model space distance between geometric entities at asserted c
onnectivities');
#8956=UNCERTAINTY_MEASURE_WITH_UNIT(LENGTH_MEASURE(0.01),#8972,
'DISTANCE_ACCURACY_VALUE',
'Maximum model space distance between geometric entities at asserted c
onnectivities');
#8957=UNCERTAINTY_MEASURE_WITH_UNIT(LENGTH_MEASURE(0.01),#8972,
'DISTANCE_ACCURACY_VALUE',
'Maximum model space distance between geometric entities at asserted c
onnectivities');
#8958=UNCERTAINTY_MEASURE_WITH_UNIT(LENGTH_MEASURE(0.01),#8972,
'DISTANCE_ACCURACY_VALUE',
'Maximum model space distance between geometric entities at asserted c
onnectivities');
#8959=(
GEOMETRIC_REPRESENTATION_CONTEXT(3)
GLOBAL_UNCERTAINTY_ASSIGNED_CONTEXT((#8946))
GLOBAL_UNIT_ASSIGNED_CONTEXT((#8972,#8974,#8975))
REPRESENTATION_CONTEXT('','3D')
);
#8960=(
GEOMETRIC_REPRESENTATION_CONTEXT(3)
GLOBAL_UNCERTAINTY_ASSIGNED_CONTEXT((#8947))
GLOBAL_UNIT_ASSIGNED_CONTEXT((#8972,#8974,#8975))
REPRESENTATION_CONTEXT('','3D')
);
#8961=(
GEOMETRIC_REPRESENTATION_CONTEXT(3)
GLOBAL_UNCERTAINTY_ASSIGNED_CONTEXT((#8948))
GLOBAL_UNIT_ASSIGNED_CONTEXT((#8972,#8974,#8975))
REPRESENTATION_CONTEXT('','3D')
);
#8962=(
GEOMETRIC_REPRESENTATION_CONTEXT(3)
GLOBAL_UNCERTAINTY_ASSIGNED_CONTEXT((#8949))
GLOBAL_UNIT_ASSIGNED_CONTEXT((#8972,#8974,#8975))
REPRESENTATION_CONTEXT('','3D')
);
#8963=(
GEOMETRIC_REPRESENTATION_CONTEXT(3)
GLOBAL_UNCERTAINTY_ASSIGNED_CONTEXT((#8950))
GLOBAL_UNIT_ASSIGNED_CONTEXT((#8972,#8974,#8975))
REPRESENTATION_CONTEXT('','3D')
);
#8964=(
GEOMETRIC_REPRESENTATION_CONTEXT(3)
GLOBAL_UNCERTAINTY_ASSIGNED_CONTEXT((#8951))
GLOBAL_UNIT_ASSIGNED_CONTEXT((#8972,#8974,#8975))
REPRESENTATION_CONTEXT('','3D')
);
#8965=(
GEOMETRIC_REPRESENTATION_CONTEXT(3)
GLOBAL_UNCERTAINTY_ASSIGNED_CONTEXT((#8952))
GLOBAL_UNIT_ASSIGNED_CONTEXT((#8972,#8974,#8975))
REPRESENTATION_CONTEXT('','3D')
);
#8966=(
GEOMETRIC_REPRESENTATION_CONTEXT(3)
GLOBAL_UNCERTAINTY_ASSIGNED_CONTEXT((#8953))
GLOBAL_UNIT_ASSIGNED_CONTEXT((#8972,#8974,#8975))
REPRESENTATION_CONTEXT('','3D')
);
#8967=(
GEOMETRIC_REPRESENTATION_CONTEXT(3)
GLOBAL_UNCERTAINTY_ASSIGNED_CONTEXT((#8954))
GLOBAL_UNIT_ASSIGNED_CONTEXT((#8972,#8974,#8975))
REPRESENTATION_CONTEXT('','3D')
);
#8968=(
GEOMETRIC_REPRESENTATION_CONTEXT(3)
GLOBAL_UNCERTAINTY_ASSIGNED_CONTEXT((#8955))
GLOBAL_UNIT_ASSIGNED_CONTEXT((#8972,#8974,#8975))
REPRESENTATION_CONTEXT('','3D')
);
#8969=(
GEOMETRIC_REPRESENTATION_CONTEXT(3)
GLOBAL_UNCERTAINTY_ASSIGNED_CONTEXT((#8956))
GLOBAL_UNIT_ASSIGNED_CONTEXT((#8972,#8974,#8975))
REPRESENTATION_CONTEXT('','3D')
);
#8970=(
GEOMETRIC_REPRESENTATION_CONTEXT(3)
GLOBAL_UNCERTAINTY_ASSIGNED_CONTEXT((#8957))
GLOBAL_UNIT_ASSIGNED_CONTEXT((#8972,#8974,#8975))
REPRESENTATION_CONTEXT('','3D')
);
#8971=(
GEOMETRIC_REPRESENTATION_CONTEXT(3)
GLOBAL_UNCERTAINTY_ASSIGNED_CONTEXT((#8958))
GLOBAL_UNIT_ASSIGNED_CONTEXT((#8972,#8974,#8975))
REPRESENTATION_CONTEXT('','3D')
);
#8972=(
LENGTH_UNIT()
NAMED_UNIT(*)
SI_UNIT(.MILLI.,.METRE.)
);
#8973=(
LENGTH_UNIT()
NAMED_UNIT(*)
SI_UNIT($,.METRE.)
);
#8974=(
NAMED_UNIT(*)
PLANE_ANGLE_UNIT()
SI_UNIT($,.RADIAN.)
);
#8975=(
NAMED_UNIT(*)
SI_UNIT($,.STERADIAN.)
SOLID_ANGLE_UNIT()
);
#8976=SHAPE_DEFINITION_REPRESENTATION(#8988,#9012);
#8977=SHAPE_DEFINITION_REPRESENTATION(#8989,#9013);
#8978=SHAPE_DEFINITION_REPRESENTATION(#8990,#9014);
#8979=SHAPE_DEFINITION_REPRESENTATION(#8991,#9015);
#8980=SHAPE_DEFINITION_REPRESENTATION(#8992,#9016);
#8981=SHAPE_DEFINITION_REPRESENTATION(#8993,#9017);
#8982=SHAPE_DEFINITION_REPRESENTATION(#8994,#9018);
#8983=SHAPE_DEFINITION_REPRESENTATION(#8995,#9019);
#8984=SHAPE_DEFINITION_REPRESENTATION(#8996,#9020);
#8985=SHAPE_DEFINITION_REPRESENTATION(#8997,#9021);
#8986=SHAPE_DEFINITION_REPRESENTATION(#8998,#9022);
#8987=SHAPE_DEFINITION_REPRESENTATION(#9000,#9023);
#8988=PRODUCT_DEFINITION_SHAPE('',$,#9025);
#8989=PRODUCT_DEFINITION_SHAPE('',$,#9026);
#8990=PRODUCT_DEFINITION_SHAPE('',$,#9027);
#8991=PRODUCT_DEFINITION_SHAPE('',$,#9028);
#8992=PRODUCT_DEFINITION_SHAPE('',$,#9029);
#8993=PRODUCT_DEFINITION_SHAPE('',$,#9030);
#8994=PRODUCT_DEFINITION_SHAPE('',$,#9031);
#8995=PRODUCT_DEFINITION_SHAPE('',$,#9032);
#8996=PRODUCT_DEFINITION_SHAPE('',$,#9033);
#8997=PRODUCT_DEFINITION_SHAPE('',$,#9034);
#8998=PRODUCT_DEFINITION_SHAPE('',$,#9035);
#8999=PRODUCT_DEFINITION_SHAPE($,$,#47);
#9000=PRODUCT_DEFINITION_SHAPE('',$,#9036);
#9001=PRODUCT_DEFINITION_SHAPE($,$,#48);
#9002=PRODUCT_DEFINITION_SHAPE($,$,#49);
#9003=PRODUCT_DEFINITION_SHAPE($,$,#50);
#9004=PRODUCT_DEFINITION_SHAPE($,$,#51);
#9005=PRODUCT_DEFINITION_SHAPE($,$,#52);
#9006=PRODUCT_DEFINITION_SHAPE($,$,#53);
#9007=PRODUCT_DEFINITION_SHAPE($,$,#54);
#9008=PRODUCT_DEFINITION_SHAPE($,$,#55);
#9009=PRODUCT_DEFINITION_SHAPE($,$,#56);
#9010=PRODUCT_DEFINITION_SHAPE($,$,#57);
#9011=PRODUCT_DEFINITION_SHAPE($,$,#58);
#9012=SHAPE_REPRESENTATION('',(#5392,#5894,#5895,#5896,#5897,#5898,#5899,
#5900,#5901,#5902,#5903,#5904),#8959);
#9013=SHAPE_REPRESENTATION('',(#5393),#8960);
#9014=SHAPE_REPRESENTATION('',(#5533),#8961);
#9015=SHAPE_REPRESENTATION('',(#5600),#8962);
#9016=SHAPE_REPRESENTATION('',(#5679),#8963);
#9017=SHAPE_REPRESENTATION('',(#5710),#8964);
#9018=SHAPE_REPRESENTATION('',(#5778),#8965);
#9019=SHAPE_REPRESENTATION('',(#5798),#8966);
#9020=SHAPE_REPRESENTATION('',(#5821),#8967);
#9021=SHAPE_REPRESENTATION('',(#5848,#5873),#8968);
#9022=SHAPE_REPRESENTATION('',(#5849),#8969);
#9023=SHAPE_REPRESENTATION('',(#5874),#8970);
#9024=PRODUCT_DEFINITION_CONTEXT('part definition',#9062,'design');
#9025=PRODUCT_DEFINITION('Assemblage','Assemblage v11',#9037,#9024);
#9026=PRODUCT_DEFINITION('socle','socle v24',#9038,#9024);
#9027=PRODUCT_DEFINITION('MG946R','MG946R v2',#9039,#9024);
#9028=PRODUCT_DEFINITION('Bras_principal_Ryad','Bras_principal_Ryad v8',
#9040,#9024);
#9029=PRODUCT_DEFINITION('pi\X\E8ce_servo2','pi\X\E8ce_servo2 v10',#9041,
#9024);
#9030=PRODUCT_DEFINITION('pieceduhaut','pieceduhaut v3',#9042,#9024);
#9031=PRODUCT_DEFINITION('PIECESUPPORTARRIEREFINE',
'PIECESUPPORTARRIEREFINE v4',#9043,#9024);
#9032=PRODUCT_DEFINITION('pi\X\E8ce_arri\X\E8re','pi\X\E8ce_arri\X\E8r
e v3',#9044,#9024);
#9033=PRODUCT_DEFINITION('ngle','ngle v5',#9045,#9024);
#9034=PRODUCT_DEFINITION('PIECEPUNCH','PIECEPUNCH v2',#9046,#9024);
#9035=PRODUCT_DEFINITION('PIECEPUNCH_1','PIECEPUNCH v2',#9047,#9024);
#9036=PRODUCT_DEFINITION('support_haut','support_haut v3',#9048,#9024);
#9037=PRODUCT_DEFINITION_FORMATION('',$,#9064);
#9038=PRODUCT_DEFINITION_FORMATION('',$,#9065);
#9039=PRODUCT_DEFINITION_FORMATION('',$,#9066);
#9040=PRODUCT_DEFINITION_FORMATION('',$,#9067);
#9041=PRODUCT_DEFINITION_FORMATION('',$,#9068);
#9042=PRODUCT_DEFINITION_FORMATION('',$,#9069);
#9043=PRODUCT_DEFINITION_FORMATION('',$,#9070);
#9044=PRODUCT_DEFINITION_FORMATION('',$,#9071);
#9045=PRODUCT_DEFINITION_FORMATION('',$,#9072);
#9046=PRODUCT_DEFINITION_FORMATION('',$,#9073);
#9047=PRODUCT_DEFINITION_FORMATION('',$,#9074);
#9048=PRODUCT_DEFINITION_FORMATION('',$,#9075);
#9049=PRODUCT_RELATED_PRODUCT_CATEGORY('Assemblage v11',
'Assemblage v11',(#9064));
#9050=PRODUCT_RELATED_PRODUCT_CATEGORY('socle v24','socle v24',(#9065));
#9051=PRODUCT_RELATED_PRODUCT_CATEGORY('MG946R v2','MG946R v2',(#9066));
#9052=PRODUCT_RELATED_PRODUCT_CATEGORY('Bras_principal_Ryad v8',
'Bras_principal_Ryad v8',(#9067));
#9053=PRODUCT_RELATED_PRODUCT_CATEGORY('pi\X\E8ce_servo2 v10',
'pi\X\E8ce_servo2 v10',(#9068));
#9054=PRODUCT_RELATED_PRODUCT_CATEGORY('pieceduhaut v3',
'pieceduhaut v3',(#9069));
#9055=PRODUCT_RELATED_PRODUCT_CATEGORY('PIECESUPPORTARRIEREFINE v4',
'PIECESUPPORTARRIEREFINE v4',(#9070));
#9056=PRODUCT_RELATED_PRODUCT_CATEGORY('pi\X\E8ce_arri\X\E8re v3',
'pi\X\E8ce_arri\X\E8re v3',(#9071));
#9057=PRODUCT_RELATED_PRODUCT_CATEGORY('ngle v5','ngle v5',(#9072));
#9058=PRODUCT_RELATED_PRODUCT_CATEGORY('PIECEPUNCH v2','PIECEPUNCH v2',
(#9073));
#9059=PRODUCT_RELATED_PRODUCT_CATEGORY('PIECEPUNCH v2','PIECEPUNCH v2',
(#9074));
#9060=PRODUCT_RELATED_PRODUCT_CATEGORY('support_haut v3',
'support_haut v3',(#9075));
#9061=APPLICATION_PROTOCOL_DEFINITION('international standard',
'automotive_design',2009,#9062);
#9062=APPLICATION_CONTEXT(
'Core Data for Automotive Mechanical Design Process');
#9063=PRODUCT_CONTEXT('part definition',#9062,'mechanical');
#9064=PRODUCT('Assemblage','Assemblage v11',$,(#9063));
#9065=PRODUCT('socle','socle v24',$,(#9063));
#9066=PRODUCT('MG946R','MG946R v2','MG946R',(#9063));
#9067=PRODUCT('Bras_principal_Ryad','Bras_principal_Ryad v8',$,(#9063));
#9068=PRODUCT('pi\X\E8ce_servo2','pi\X\E8ce_servo2 v10',$,(#9063));
#9069=PRODUCT('pieceduhaut','pieceduhaut v3',$,(#9063));
#9070=PRODUCT('PIECESUPPORTARRIEREFINE','PIECESUPPORTARRIEREFINE v4',$,
(#9063));
#9071=PRODUCT('pi\X\E8ce_arri\X\E8re','pi\X\E8ce_arri\X\E8re v3',$,(#9063));
#9072=PRODUCT('ngle','ngle v5',$,(#9063));
#9073=PRODUCT('PIECEPUNCH','PIECEPUNCH v2',$,(#9063));
#9074=PRODUCT('PIECEPUNCH_1','PIECEPUNCH v2',$,(#9063));
#9075=PRODUCT('support_haut','support_haut v3',$,(#9063));
#9076=PRESENTATION_STYLE_ASSIGNMENT((#9078));
#9077=PRESENTATION_STYLE_ASSIGNMENT((#9079));
#9078=SURFACE_STYLE_USAGE(.BOTH.,#9080);
#9079=SURFACE_STYLE_USAGE(.BOTH.,#9081);
#9080=SURFACE_SIDE_STYLE('',(#9082));
#9081=SURFACE_SIDE_STYLE('',(#9083));
#9082=SURFACE_STYLE_FILL_AREA(#9084);
#9083=SURFACE_STYLE_FILL_AREA(#9085);
#9084=FILL_AREA_STYLE('Acier - Satin\X\E9',(#9086));
#9085=FILL_AREA_STYLE('Opaque(67,72,77)',(#9087));
#9086=FILL_AREA_STYLE_COLOUR('Acier - Satin\X\E9',#9088);
#9087=FILL_AREA_STYLE_COLOUR('Opaque(67,72,77)',#9089);
#9088=COLOUR_RGB('Acier - Satin\X\E9',0.627450980392157,0.627450980392157,
0.627450980392157);
#9089=COLOUR_RGB('Opaque(67,72,77)',0.262745098039216,0.282352941176471,
0.301960784313725);
ENDSEC;
END-ISO-10303-21;
